real_name,x1,x2,x3,x4,x5,x6,x7,x8,x9,x10,x11,x12,x13,x14,x15,x16,x17,x18,x19,x20
gen=0_training=0,1.05918,-4.67082,0.750137,-4.43143,2.64137,4.73675,5.65573,1.51457,-4.55425,-1.03483,2.63461,2.28769,-4.28971,0.801146,4.95288,-4.30466,6.52534,0.18823,9.17879,9.94847
gen=0_training=1,0.286456,8.94182,-3.84493,7.35373,2.68185,-3.47984,7.17068,4.6503,5.64438,2.34994,9.36214,-2.39534,5.20615,6.14826,0.560388,1.30642,5.36869,1.4627,6.52639,6.08816
gen=0_training=2,9.15559,-3.541,-4.68818,2.80596,1.54919,-0.90591,0.96088,-4.79836,3.27979,0.824155,4.24462,-2.60114,-0.149093,-4.94161,-2.03346,-3.29657,0.572899,7.09725,8.31231,-3.82871
gen=0_training=3,9.43167,4.29128,9.60119,-0.75388,-2.40461,8.07416,0.712529,9.96421,-1.54965,0.966826,-4.61758,1.19166,2.90816,3.8289,7.09001,8.66966,-2.47746,-1.91545,2.5059,8.73662
gen=0_training=4,4.77372,-0.297859,8.6863,4.62625,7.29565,9.81357,1.86588,2.03057,-2.56699,7.64151,8.43028,3.9743,9.59329,1.14534,3.15973,-1.39374,-4.68187,6.04017,-3.23043,0.119062
gen=0_training=5,1.03149,-2.81207,0.381899,5.39501,-0.813015,1.23564,8.23045,6.93276,-1.09495,4.70893,9.09154,4.95942,-1.33688,5.9223,0.808847,-2.89857,7.07031,3.17366,-1.82676,-3.0673
gen=0_training=6,9.74086,-0.639528,2.86521,-2.50321,3.87197,6.57783,-1.0285,-4.15947,-1.5568,6.93121,4.06001,6.5704,5.66034,-1.76362,7.22157,9.33387,-4.02489,8.87079,-2.05854,-2.77768
gen=0_training=7,2.98933,6.45072,-0.574973,-1.29843,4.57519,4.69473,-4.81331,-0.0801982,9.02777,0.630907,-1.21654,1.63226,-0.0956171,1.64572,-2.84504,0.5726,-1.58979,7.13143,-0.168224,9.73918
gen=0_training=8,7.93424,2.97687,0.875073,-1.79065,6.26009,8.51746,-2.42208,-4.90713,-3.02966,7.47671,-1.41577,6.21373,5.40981,-2.78989,-3.33877,1.04536,0.591108,9.15741,9.25039,-4.42307
gen=0_training=9,4.82588,9.45493,2.1832,5.02772,2.35825,9.21065,-1.13346,1.19805,8.14485,-3.82662,8.75457,6.13369,0.871257,0.299554,5.09503,7.01094,-4.87776,4.87841,8.91539,5.51272
gen=0_training=10,-3.13364,-3.60843,8.70807,2.2374,-3.91824,9.78814,-1.00675,8.36485,4.16533,-3.27979,4.12242,8.17565,5.50889,2.2324,0.126726,8.89853,-4.24632,3.71995,-0.197892,-4.55113
gen=0_training=11,3.17525,3.99852,7.34853,-2.72602,-1.52003,-0.515511,-2.57505,5.26917,0.317588,-2.9602,5.57118,4.9172,5.91536,6.6266,-4.7309,3.07736,9.69259,1.90259,5.34001,-3.2538
gen=0_training=12,3.69862,-2.30202,4.82618,-1.37822,3.63493,-2.8808,7.18928,6.775,-3.62291,0.867704,1.74001,-1.12707,6.98162,2.84755,3.17396,7.8959,4.76432,-4.48225,-0.210894,-3.1714
gen=0_training=13,6.38977,-0.0730722,5.67732,5.29925,4.20957,-4.89781,-1.9636,-0.368756,2.46258,9.55528,8.19808,6.63643,4.05097,2.98386,7.7629,5.74116,5.23144,3.80901,4.88195,6.96199
gen=0_training=14,-4.63823,5.23542,2.27965,-1.54082,7.26734,3.83922,-0.734865,6.50432,-0.740664,-4.01516,4.376,-2.35341,9.8685,7.59047,6.88415,-3.60186,5.44488,2.15921,7.70486,-2.1121
gen=0_training=15,-4.85925,4.70486,8.53508,3.02852,9.49923,9.55109,4.93241,2.9498,-1.71047,-4.52552,-1.39224,7.4634,-2.45829,7.3128,5.08261,-2.32472,-2.90809,-0.360734,3.54787,1.63197
gen=0_training=16,5.98547,-3.73296,5.74625,6.30142,7.27301,9.93197,-1.32486,5.08875,-1.10221,5.27548,9.12944,0.586618,4.38036,-2.89584,2.50724,-2.43929,-0.814346,-2.49526,7.66751,4.61371
gen=0_training=17,0.945331,2.954,2.94653,0.284258,-2.45721,8.21183,6.10269,7.73065,7.83346,1.91434,-0.286009,8.79295,4.96839,8.57437,0.76843,8.16961,-4.03186,8.01245,1.56164,5.67173
gen=0_training=18,-3.70215,-3.14566,5.56708,5.00106,2.36686,2.30128,6.54451,9.63702,9.99137,5.55743,3.15447,-3.17333,0.0306371,8.52098,4.38607,1.45153,-1.43957,0.252638,9.40535,-2.91064
gen=0_training=19,6.56867,3.20697,0.280871,-0.173147,3.2489,8.25648,1.21103,0.825471,0.427809,1.54573,3.39225,-0.437799,0.610942,5.45586,1.82532,1.42825,9.30661,-2.74613,8.32897,3.785
gen=0_training=20,1.59122,-0.755878,-4.24443,6.68117,-2.25417,-2.02979,-2.36978,-2.69052,9.52975,8.96039,-0.0248206,7.37718,-2.28741,8.32056,8.85662,5.19153,1.80377,3.91864,0.417915,-3.34744
gen=0_training=21,-3.92797,-2.53573,-1.3384,2.95493,5.08871,-4.31494,0.826592,6.09022,0.232758,-3.16157,-1.68091,1.16748,4.24328,0.376684,5.81638,0.507917,6.24875,5.15017,2.72937,8.38329
gen=0_training=22,8.69645,-3.27161,-4.30812,-1.61702,5.73577,-1.81955,5.3576,2.61929,-0.580497,-0.762425,5.54655,1.31554,-0.607337,5.97652,9.69953,5.89418,1.61538,-0.0972876,0.558335,-2.50893
gen=0_training=23,2.33452,6.82407,-0.44936,5.77724,9.65191,3.55773,5.58756,3.78548,2.88553,3.66361,4.64237,8.58997,-1.63919,4.2847,9.41225,8.86709,-1.70654,2.23445,8.2725,3.28951
gen=0_training=24,5.56332,-1.01627,5.44408,6.46594,6.93118,6.5993,6.61009,0.691907,0.920379,-2.37905,-3.06318,3.31101,1.7959,-3.05071,8.73268,-4.70615,-1.09974,-2.80679,6.22355,-3.21791
gen=0_training=25,3.22765,7.66993,0.258904,-4.79886,-0.0452282,0.109562,-4.13191,-4.53342,-4.71962,1.19433,5.408,4.58123,7.04093,6.87831,9.95326,4.65588,-1.52201,5.40234,9.28708,-2.12973
gen=0_training=26,3.3983,-1.44608,1.61578,7.94951,-2.87094,6.34481,4.122,2.62324,1.63982,9.347,7.75955,-3.47412,-4.65608,-0.350104,9.15777,0.604197,-0.984569,4.24113,-3.04103,-3.61278
gen=0_training=27,3.21721,6.43901,6.90562,-1.28414,7.03166,9.92036,3.32596,9.31799,8.65082,9.26221,7.49803,-1.98553,0.836386,3.64585,-4.19173,-0.487345,-3.84238,5.52522,-1.17657,6.82714
gen=0_training=28,7.45909,-0.686694,1.60587,7.97825,2.16215,3.18438,4.85906,3.06253,-1.2403,6.31152,8.37454,-3.07484,2.95369,-2.0021,-0.587732,-2.45088,-3.4334,2.88946,1.09251,-1.1458
gen=0_training=29,-3.51757,1.73805,1.92095,3.30241,-2.81807,-1.60982,6.66128,-2.77778,-2.97021,-3.332,-0.998258,9.42729,-2.34254,5.77539,-0.605796,-4.69481,1.61147,-4.65703,-3.02642,-0.898019
gen=0_training=30,8.49125,9.00417,4.92608,9.07317,7.45337,2.71077,5.15659,-1.42641,5.75718,4.03298,-0.145487,3.3753,-0.0652179,3.29184,5.27178,-0.0269894,8.048,6.56041,-0.725248,5.68707
gen=0_training=31,-2.29753,2.98936,1.95817,7.6289,6.96293,0.0527159,-4.87609,-0.0191952,1.70382,-0.585755,-2.06813,-0.811867,2.81246,7.06733,3.74678,5.16532,5.8562,5.66717,-3.51476,-4.93599
gen=0_training=32,-4.1412,1.80309,-0.401497,-1.25962,-3.93961,9.44121,2.57752,-1.94323,8.19555,1.36602,2.58241,7.43119,6.43215,-4.4707,-0.592578,4.82147,8.11617,2.80167,8.11429,1.55885
gen=0_training=33,4.94907,8.30324,2.77245,9.69901,6.27215,4.86081,-0.243223,3.61328,-1.19095,-0.192804,2.88145,-4.92469,6.89432,0.361017,1.71153,-1.83554,8.3045,5.70175,-3.48019,5.4846
gen=0_training=34,4.24887,5.13071,9.51958,-3.83397,5.99479,4.47642,-4.51301,-1.82678,-2.17201,-1.20541,4.97293,2.1554,7.20989,7.20354,3.97856,4.63453,7.96752,6.57642,5.40925,-4.25252
gen=0_training=35,-0.408013,2.82363,4.87352,0.519947,-1.23497,1.38984,8.57257,8.2862,4.03831,6.17898,1.58716,8.4166,-0.363691,3.48107,4.82751,0.629914,-4.58393,5.54613,-0.430078,8.80939
gen=0_training=36,9.04447,-3.21457,-3.34695,7.77708,3.39797,-2.06789,4.47697,-1.73318,-0.215824,-2.15406,-0.186187,6.97767,2.03777,9.79487,-2.64138,1.09024,3.26293,4.49404,9.12114,6.79525
gen=0_training=37,-2.25143,5.33417,8.01762,8.28292,8.89713,5.99318,7.65877,5.34814,3.8718,5.8476,5.01236,6.36169,-1.79568,2.67821,-0.420569,-4.83213,-0.040351,1.75974,8.60457,2.22883
gen=0_training=38,8.5918,6.40877,-0.331274,4.86517,-1.18401,6.1181,4.49522,-4.48515,0.651963,6.12673,6.74289,-3.78769,2.32764,7.97825,-4.17166,-3.0449,2.53099,-3.1761,-0.664067,6.52926
gen=0_training=39,-3.96356,-3.3006,3.28774,6.98793,9.83508,-3.31687,8.71235,7.87599,-2.73992,2.93958,-4.53236,5.5303,1.2121,1.39729,1.50466,6.46327,0.868873,-0.168465,9.85116,2.33423
gen=0_training=40,3.53245,7.32635,6.14643,6.53334,5.79585,-4.65676,5.86429,-1.13062,-1.98544,4.95016,8.45709,5.717,1.95968,7.13302,2.06641,6.5952,9.49857,0.466471,9.46488,3.57101
gen=0_training=41,4.42503,2.19132,7.02577,-3.62365,1.88867,1.49464,3.81033,-0.410314,5.15945,-0.0323026,1.52394,9.5789,3.67246,5.47387,5.35653,-2.51234,3.38059,-3.60763,-4.10912,5.17025
gen=0_training=42,0.693865,8.82192,5.61436,6.54387,-0.77691,-4.49091,4.77887,-3.32385,-3.16274,4.21825,0.916462,-2.32093,4.47794,-3.39098,4.853,9.47233,7.81516,1.80299,1.69686,4.95318
gen=0_training=43,-1.27783,1.18346,0.699936,5.12306,8.6146,-4.04432,-2.60388,7.10171,2.78737,-4.4536,6.54319,8.02887,2.56797,3.63774,-4.06386,4.08352,-2.48888,-1.06998,4.05527,3.55438
gen=0_training=44,8.74552,3.88722,9.78615,4.53824,4.0144,0.336869,2.1813,6.46419,2.624,5.00919,3.91507,7.24195,4.32781,0.862474,8.82033,-2.31125,2.49796,3.22713,-2.31004,-0.284749
gen=0_training=45,-3.01797,3.7942,7.23571,-1.58257,8.8086,-3.89548,1.60766,1.94756,1.15501,-1.58525,-1.33846,2.13342,2.7575,1.88673,-3.57473,-3.84856,4.67857,2.83893,7.06919,-3.41482
gen=0_training=46,0.788633,-4.18643,-0.923357,-3.93909,5.95247,-1.03158,2.76684,7.93882,0.177113,7.18786,0.774897,0.743761,5.24062,9.15805,-3.04844,6.99964,-4.3188,8.20231,-3.59817,-0.686803
gen=0_training=47,0.772312,2.16764,-4.40923,9.55362,-4.63879,-1.41557,-4.98072,3.22737,0.724596,-1.38251,3.81785,3.20421,6.44811,-4.84643,1.09476,-4.40295,2.37324,-2.21834,8.79556,-0.765688
gen=0_training=48,3.6295,-4.35017,-0.992567,2.00229,-2.68176,6.50885,6.0568,4.51549,2.92333,-2.80834,7.40689,9.87834,2.47837,0.827583,6.81506,-3.79586,5.39374,-1.14616,-2.91251,5.10124
gen=0_training=49,2.42907,-3.12566,6.26954,7.02534,-0.613566,-3.56284,-0.536376,5.81737,-2.046,-2.5081,0.495251,-1.34283,-1.15788,0.629313,3.65472,2.1179,0.919791,6.94892,-4.92834,0.533018
gen=0_training=50,-0.845879,-2.68737,1.57505,5.61243,-1.43007,-1.88816,6.48744,3.15119,7.07323,8.11461,-2.17857,5.88819,3.24744,8.88435,-4.92352,-4.94202,-1.80874,4.26046,0.466077,0.21132
gen=0_training=51,9.85018,9.10887,1.34492,0.33031,1.38883,-3.50484,9.28981,-0.210869,1.551,3.39301,-2.40914,5.98772,1.98391,7.86792,-2.26085,6.89039,-3.86775,7.97102,5.16971,4.39916
gen=0_training=52,5.72799,4.75549,1.67014,-2.02639,9.18501,0.0757942,4.92626,-0.666804,3.49601,-4.84186,6.47684,9.74356,9.62669,3.27328,8.52914,8.0595,6.22863,8.54553,-2.88983,-1.63077
gen=0_training=53,3.64241,-4.3336,4.28245,5.2636,5.17601,9.97308,0.0615228,4.44441,7.08715,8.39196,7.16189,-4.87802,0.284825,-1.47891,8.09829,7.09326,4.12565,8.96465,7.91712,0.192968
gen=0_training=54,8.16036,4.1197,8.14446,1.77684,3.04108,3.9684,8.97962,1.174,8.6985,9.51059,-3.56455,-4.3407,9.36448,5.13071,4.18605,0.764866,6.57128,8.40448,5.10866,9.87059
gen=0_training=55,5.83043,-4.36835,4.78513,-3.3265,-2.70076,2.72756,-2.68708,9.88752,4.11597,0.284465,-0.262801,2.65224,3.44183,2.1903,8.66208,-3.67755,6.93714,3.90309,6.72821,-0.943527
gen=0_training=56,9.05726,7.73146,-0.903934,-8.28307e-05,4.37242,7.106,3.96922,9.93451,8.96526,3.31707,6.45411,7.41731,5.84413,9.56081,-1.3883,-2.95169,6.81131,-1.59487,6.02967,4.9199
gen=0_training=57,8.53317,-1.43694,7.64403,3.83153,2.02736,-4.94495,6.34168,4.60528,-0.627926,-1.00385,-2.86291,-3.26767,0.264412,-2.17694,-4.26236,8.35761,0.754574,-0.0590843,1.87216,4.32937
gen=0_training=58,6.85852,4.81938,8.1389,-1.65897,-1.99905,6.2166,4.74273,8.71385,1.39187,-0.94887,-4.89953,-4.71623,5.80547,-1.64335,6.75844,6.97916,7.55805,9.34517,9.08285,2.99827
gen=0_training=59,-1.13623,-2.27722,8.24193,1.6558,2.77657,7.42686,-0.768471,8.5632,6.05489,3.80729,-3.79993,-1.8608,-4.67989,-1.87602,3.55022,-0.339761,-3.82267,6.0941,-2.40488,-0.643449
gen=0_training=60,1.1355,7.86423,-1.62914,2.88912,4.71345,4.08542,8.03238,-2.82688,-3.98945,9.24777,-1.50395,6.61865,-4.34414,0.961056,9.64003,2.42524,5.84277,-0.894252,3.61368,-2.18422
gen=0_training=61,-0.195945,0.96557,7.44719,1.1051,-2.55398,3.08264,8.74267,2.5146,6.42566,-4.51447,2.03028,2.58257,8.78497,-2.1484,-1.72518,2.36646,-2.45233,9.71205,7.32182,4.82474
gen=0_training=62,9.72708,7.53788,-0.00863379,3.21493,3.28549,-4.97847,9.2778,6.95244,-0.673643,9.42342,7.89341,0.806028,6.15369,3.2461,1.81133,-0.380922,-1.60118,-3.43518,-4.28768,2.85421
gen=0_training=63,9.56102,7.08066,3.37639,3.74471,3.43483,-4.37739,9.59983,0.358246,7.21292,9.1286,-4.03906,-0.852832,-4.42483,6.74908,6.07469,8.92291,-0.147059,6.07742,2.05974,-1.59744
gen=0_training=64,3.34342,-4.04924,1.76417,1.39807,9.13007,2.04161,-4.18061,2.37975,1.37078,0.591688,3.6789,9.24771,1.65544,-0.329565,8.48479,5.05672,7.33575,1.4387,-3.37346,4.74104
gen=0_training=65,9.625,-1.07086,1.51994,9.8527,-4.18203,7.13604,8.16478,3.76957,0.73274,-3.6588,3.13162,9.14813,1.47862,1.19441,5.24309,-0.640601,3.00223,0.529568,1.96141,3.50387
gen=0_training=66,-1.32925,5.49921,-1.11046,-0.88284,-0.324051,-0.503106,-0.270124,4.61566,2.58332,-2.93004,3.17271,9.26078,4.86052,-3.21377,8.04027,4.31373,9.33701,7.67314,1.4233,2.40263
gen=0_training=67,5.21982,9.1427,4.60372,4.23464,5.39368,-1.21788,-4.32694,-1.78109,9.12432,5.78556,-3.70203,5.73755,1.31956,5.8001,7.48885,-1.13812,3.48056,7.43068,1.92217,-2.21061
gen=0_training=68,3.82092,7.41297,5.6518,2.91833,-2.98731,-0.23537,5.55267,2.28844,-3.28495,1.29448,7.36633,6.05595,8.59706,-0.798083,9.49829,-2.43445,-4.10135,1.03014,1.71915,-0.0881592
gen=0_training=69,3.45808,-4.69538,3.5055,8.50218,-2.96307,0.449529,-2.89465,7.22773,3.63334,9.31105,4.16615,-4.66383,7.76802,6.46021,-2.96776,9.1663,-1.50161,-0.738322,-0.178828,2.91415
gen=0_training=70,0.627408,6.67026,2.92474,1.89088,-4.78343,8.87811,3.64706,5.55405,0.621228,-1.41876,3.61125,7.06014,-1.13731,-2.41639,6.71671,4.14164,9.52431,-1.42723,7.63564,4.69932
gen=0_training=71,5.25606,-2.91688,-0.813565,9.39166,-4.07112,4.80355,-4.63748,1.72908,0.57881,-3.1051,-2.6281,1.75107,1.53868,1.09681,-1.64718,8.19564,8.15301,5.45843,1.52811,8.99324
gen=0_training=72,6.47321,0.68716,6.73749,4.25641,-2.34285,-0.0307645,1.24673,1.50353,-3.23418,4.7576,3.55832,3.2641,0.222908,1.15874,4.29117,-3.70003,9.38698,-3.38536,8.85918,-1.06665
gen=0_training=73,5.41786,-3.35658,3.30551,-2.66279,4.47717,6.75595,2.94858,0.585093,8.74595,8.45763,-3.77405,-2.89116,-1.82494,-1.5194,0.682295,0.29783,9.09533,5.05438,0.17154,1.02032
gen=0_training=74,3.06543,9.8587,-4.34392,7.32969,-3.53129,5.19243,2.15569,-0.553273,7.81404,-1.77907,4.48003,-0.95616,6.10861,7.52207,3.3691,9.94183,-4.19555,0.644578,3.18979,3.52254
gen=0_training=75,3.36115,4.83434,3.61734,5.75258,1.9937,6.61815,3.98247,-1.52298,-3.88455,6.61693,6.12118,-4.48512,3.42743,0.737101,-4.37717,9.26999,-4.11539,-0.867844,0.322977,8.16662
gen=0_training=76,6.42188,1.25462,8.17678,-3.90691,4.73741,-0.184304,8.89745,-2.05458,4.05267,-0.701865,-3.11653,-2.29288,8.15916,8.29693,2.58372,5.53637,7.32334,7.56419,-4.85277,-4.44937
gen=0_training=77,6.01744,3.6666,3.27001,3.60951,-4.29398,-2.09041,2.49905,-1.69755,9.04834,8.49124,4.59646,4.23556,4.17578,-3.85973,5.21978,6.27395,8.25604,5.2518,7.61594,5.56616
gen=0_training=78,2.95036,9.41889,7.81703,-3.75195,-4.19491,1.0414,3.58404,-4.76782,-0.604856,3.07235,-2.51762,9.72339,-3.35587,0.230359,5.99887,-2.66897,7.95252,3.59343,1.41674,7.98424
gen=0_training=79,2.00957,-4.08094,-2.98982,7.68316,-3.03788,1.30886,-4.73658,6.34099,3.07715,-0.817121,1.69051,8.2862,0.721627,-3.66772,-3.14734,8.62224,-2.9997,-2.84137,9.10024,7.74022
gen=0_training=80,2.92134,-3.86501,-1.87974,2.89486,4.02216,4.43391,-4.22705,-1.33524,2.64598,-2.84825,8.44161,0.281439,2.90195,-4.11993,8.94095,8.61611,8.84103,1.62367,6.17167,-4.67806
gen=0_training=81,7.80541,-4.16357,3.40483,-0.245253,8.546,0.475783,3.71481,8.90339,0.768113,0.106115,-3.54523,-0.927521,7.30129,5.90785,2.26519,6.55833,-4.63456,9.62211,4.22362,0.571409
gen=0_training=82,1.40484,7.45425,-2.67721,2.31497,0.643215,-2.84857,7.69036,-3.19971,-0.612347,-0.520365,5.86237,1.64596,-1.42787,8.8501,-2.21971,-3.43565,2.31146,-2.17603,-2.07962,-3.56028
gen=0_training=83,6.83661,2.22493,9.53094,6.6017,1.19159,-0.774555,6.44801,-1.06042,7.90923,4.01951,-3.0026,5.91403,1.22613,3.91079,0.31347,3.61201,-1.11399,-1.07368,2.15002,-2.82591
gen=0_training=84,-1.22089,-2.62264,4.64395,8.43824,1.00259,0.940798,4.95401,2.47193,1.50545,-1.69935,-1.85111,9.68782,3.13307,0.322348,0.800413,-4.96519,1.99951,3.87827,-1.05485,-2.55473
gen=0_training=85,-3.93535,3.92202,3.7381,3.76546,4.11266,-4.60699,-1.72859,-4.44019,-2.68784,8.74624,-0.939873,-4.19707,9.76667,3.86368,-3.75117,8.47635,3.03832,-0.286861,-0.112696,1.21292
gen=0_training=86,3.49812,6.30227,7.01398,5.48319,6.83813,2.83787,6.18001,-1.54849,3.61772,0.60833,-2.24262,-1.01151,4.09196,9.45496,-0.400284,-0.934349,2.17966,7.58575,8.98798,-0.633216
gen=0_training=87,2.64169,-0.138026,2.63541,6.81366,7.67584,3.52944,-4.57546,8.39831,-2.48585,0.558128,-2.18228,-3.58241,-2.93551,1.66499,0.250349,-4.26537,6.50368,-4.55598,8.83854,9.42511
gen=0_training=88,1.29428,5.2654,6.48358,7.93965,-0.484737,5.90848,1.12174,4.59732,-3.13466,-4.15574,1.80872,0.682804,-0.527978,2.62777,-2.77783,-0.231519,4.70104,-4.47226,0.72145,3.05564
gen=0_training=89,7.05066,4.71357,7.57746,-4.49431,-4.04852,3.98833,-0.75228,6.55342,4.50971,-0.92304,-0.976633,0.493215,3.63517,5.19007,3.11758,0.701458,5.63061,4.67661,9.05921,7.95285
gen=0_training=90,-4.66308,-3.88752,-0.0406937,8.05493,4.12485,2.02228,3.04725,-0.932408,-0.983571,6.3039,6.81604,9.83112,4.3587,6.6994,-3.73601,4.19821,-4.92065,0.103323,1.26912,4.46592
gen=0_training=91,-4.20347,0.0150777,0.607448,-0.210881,3.30935,8.54331,-3.82656,5.64718,-4.65984,4.30042,1.97209,-2.87174,-4.72044,-4.77411,6.29249,4.39042,1.88784,8.76124,-2.19584,-2.51459
gen=0_training=92,-0.433891,6.58619,8.30992,5.7395,7.81177,-0.490931,6.28273,5.36475,2.40292,2.06407,-4.68755,-0.936669,0.68439,2.54246,-4.55423,7.19977,1.88363,-0.972669,2.12975,8.70029
gen=0_training=93,-1.02995,9.52469,4.949,-2.44261,9.03139,1.20776,6.51228,7.15053,-2.44902,2.63343,5.24669,-3.93565,4.91996,2.70143,7.37553,-3.31218,-0.965565,-2.08589,1.25064,-0.789531
gen=0_training=94,9.86984,7.15287,-1.74326,8.74762,9.45647,2.76814,8.72739,-3.56358,7.31849,-3.19148,-2.16461,6.31368,2.1759,4.44604,-2.6877,2.78749,-1.63695,-0.766348,-4.63959,2.05208
gen=0_training=95,6.79456,5.34593,4.76093,4.4527,-2.66142,3.53854,6.37662,2.52655,0.701066,5.61587,9.70603,5.57921,-4.91611,9.75423,-0.04781,-2.46733,4.52342,-4.87352,-3.15951,7.73029
gen=0_training=96,1.33614,-1.42861,3.53676,6.96922,-2.50717,6.55598,7.48791,9.89663,1.81879,0.91787,8.80888,1.31208,3.3351,0.866749,7.08425,-1.01633,-3.1111,4.90319,9.93786,8.94033
gen=0_training=97,0.00545496,0.828934,4.15093,5.69575,-3.00505,-1.38955,7.23728,6.57466,-3.58318,1.07776,-1.76822,4.81703,8.17096,5.14977,7.83783,-1.2249,-0.082077,9.94159,-4.21135,3.54966
gen=0_training=98,0.829433,-0.403783,-1.23488,5.79943,5.68118,4.61827,7.43148,-2.68083,-3.70057,-3.07166,2.66868,-1.6283,9.66435,1.82977,3.89955,2.87207,-1.12906,0.940895,-1.88336,6.76883
gen=0_training=99,-1.59969,1.7698,2.66596,0.623917,6.91074,1.59155,-3.34848,6.3951,-1.22739,1.22603,9.57287,7.62309,2.64961,-1.12537,1.95538,-0.944424,-1.76909,-0.929737,4.41325,-0.996249
gen=0_training=100,6.89676,-1.1876,-1.42972,1.60859,9.05139,-0.395317,9.62366,6.41449,2.07047,-2.76859,7.20998,-4.96962,5.53351,-2.8833,0.416297,3.77724,9.73202,-3.10563,1.19561,-2.78363
gen=0_training=101,-1.80105,-3.64889,-2.97268,7.17836,-3.66363,-4.22698,-0.36003,6.71963,7.44963,-2.21862,-1.54246,-1.66937,-0.994245,-3.65189,-4.45278,7.10609,7.20308,4.39104,2.80449,-3.70489
gen=0_training=102,-4.37844,9.18171,3.42978,8.53027,3.94257,-1.30923,-3.45367,5.07469,-4.64409,6.42304,-2.7303,7.68101,7.09768,8.22848,9.93751,8.9367,2.95159,4.71622,2.55783,-2.45949
gen=0_training=103,-3.43627,1.43001,7.05602,0.106762,3.72566,4.34754,5.72012,3.79296,8.80028,1.65341,3.51095,-3.83636,-3.9952,0.657559,2.53543,-1.49306,1.44105,1.3003,1.37439,-2.70347
gen=0_training=104,1.38235,0.933625,-0.290747,7.10935,4.21185,5.76133,3.62577,1.475,-3.44,8.27996,-3.44426,6.26378,-4.59035,-4.68918,2.09767,6.78446,0.962107,6.74381,9.80568,2.51019
gen=0_training=105,3.04866,-4.11486,8.49447,-3.56399,7.59306,1.09279,8.95914,-3.78688,3.44709,7.56555,-0.181791,-1.16082,6.50646,0.0246486,8.03189,-1.27992,3.83027,-1.47903,4.58807,2.45152
gen=0_training=106,1.79659,3.36044,0.918038,7.71565,7.25462,-2.53442,-2.75266,-4.18825,-1.97235,-0.239577,2.59986,-1.17927,2.23248,-3.29793,6.05654,4.06082,3.20436,5.951,9.77371,3.7633
gen=0_training=107,2.4011,-3.04091,-2.56155,9.95276,-3.3104,4.72425,-1.97983,-3.46149,-0.805538,4.06578,0.486896,-3.66618,8.86397,7.5358,-0.523948,-4.21551,4.46861,5.73672,6.28974,7.88337
gen=0_training=108,6.62941,5.77035,9.16483,5.28269,9.47325,-4.51088,5.19372,-3.30491,4.28003,-0.371052,9.89538,1.88983,5.92134,-2.08131,4.46192,8.488,-4.39503,6.44967,-4.12807,2.42731
gen=0_training=109,1.8285,-1.06034,-3.227,8.5913,1.34843,5.45296,-1.56976,0.278066,7.92631,6.29011,1.06425,7.25678,9.00643,-3.95486,3.45244,3.82869,7.02107,-4.18495,6.05421,-4.91844
gen=0_training=110,3.87847,-4.57617,-0.845822,-4.45801,5.62142,-1.93077,8.58136,9.21202,7.02667,2.53178,-1.50853,-2.13741,-2.80589,1.20463,-0.276641,3.84714,-1.28525,-0.495828,7.01695,-2.33596
gen=0_training=111,-0.772266,8.50601,5.03747,9.44304,4.61042,4.59054,4.88154,-4.12513,-3.75543,4.60671,-1.36191,3.6231,-4.95567,3.99314,8.62052,-3.58816,-2.22937,-0.9187,-0.379129,7.47965
gen=0_training=112,6.8687,-3.3118,-2.8294,-4.15914,-4.46478,-1.64724,-1.27497,5.56343,2.65056,-0.44172,-4.28122,5.36501,-2.25746,8.53659,5.51501,-4.14646,3.12077,8.85292,6.29911,7.81898
gen=0_training=113,9.78239,2.68153,1.99086,-0.708021,-0.569151,1.70638,9.13054,-0.194255,5.69756,-2.31064,2.04723,-4.80731,-4.8048,7.15128,-1.74236,6.01275,-1.24503,7.2474,6.51711,-1.01811
gen=0_training=114,7.14655,-3.5485,5.09902,6.15944,2.58621,8.01845,7.41885,4.21888,-4.4835,2.20149,3.63974,-2.93485,2.79603,6.65359,7.30828,3.54284,3.9673,4.79649,2.52396,3.97862
gen=0_training=115,-4.33,-1.28264,8.11952,3.23583,9.26548,-0.225608,-3.36666,6.01197,-3.8389,-2.82333,1.90678,-2.79111,9.02508,-1.35708,-0.84142,-2.2823,-2.9603,1.27611,5.62147,5.05846
gen=0_training=116,4.96606,0.120695,8.65136,0.663348,0.585844,3.86304,-1.82542,3.33747,8.15808,8.63954,1.20964,-3.51021,9.83423,0.291374,-2.54109,-3.15063,9.46693,8.63446,7.54292,6.6887
gen=0_training=117,-3.24678,-2.69044,9.73277,7.14503,8.01871,-2.90103,2.70783,-1.29535,5.79958,1.00633,-1.80027,-0.48537,3.16067,-1.07029,5.67056,2.63326,4.24369,5.19261,-0.398293,5.16555
gen=0_training=118,5.93139,8.92139,8.43331,-4.1186,1.25213,-1.61584,1.33121,9.94554,-2.26177,1.74732,4.00502,7.78106,1.78395,4.76861,-1.95315,-4.87888,5.79884,7.44924,4.80561,-0.247994
gen=0_training=119,8.25669,-0.369182,1.93274,9.29374,9.89471,2.49994,-2.70429,8.30429,-1.7596,-0.158465,-1.04821,1.38884,-3.21887,0.184598,7.42153,-2.99308,-0.557919,0.0331055,1.08721,-2.47004
gen=0_training=120,9.62796,4.91501,-1.97185,-4.40944,6.05754,2.09873,1.67695,-3.75949,8.37663,9.92082,-0.106905,2.53143,-4.83308,7.82963,6.43821,-1.44614,0.944938,8.46577,3.10474,6.12787
gen=0_training=121,1.00602,-4.98849,0.714286,1.86419,6.38579,-3.69315,-4.09446,1.58716,1.86562,3.30083,-3.03512,3.42964,-1.81315,-4.63208,0.187276,0.83239,2.09362,5.89232,0.57817,4.2107
gen=0_training=122,2.3432,-2.51833,-3.46801,9.92135,8.8759,3.20668,1.92528,5.81298,8.90889,8.76141,-4.4029,-3.16891,9.30046,-3.42903,8.55946,-2.62653,8.59576,-1.8233,9.86962,0.958909
gen=0_training=123,8.61002,5.18494,4.03543,5.18607,0.505667,5.06656,3.29495,-0.445242,0.0190682,-1.85986,1.50873,-0.503743,4.46368,8.95034,5.42557,1.36202,-0.768181,3.52628,3.22377,6.50705
gen=0_training=124,8.90558,-2.79027,3.89428,-0.892573,-3.67576,0.667178,-1.86604,5.88386,-4.9261,1.51374,8.99918,7.5994,-3.47117,9.67521,4.67239,9.21029,-1.82493,-0.271281,-0.312814,2.36166
gen=0_training=125,-1.11557,-4.72376,-2.01287,3.09609,6.15316,-2.04148,6.56586,-3.05301,-2.93812,1.97197,9.23549,6.51263,0.458164,-0.958709,-2.49477,6.23207,-2.42294,3.42246,5.01445,4.16738
gen=0_training=126,1.27173,-3.17189,-4.41635,4.08902,9.59437,-2.3666,9.73897,-3.89608,8.31277,5.75958,8.62164,-3.91263,8.47703,0.523317,6.02668,8.7503,5.01271,-3.78658,-1.8999,9.76551
gen=0_training=127,6.35502,2.76079,7.21887,3.58774,3.91894,-1.92396,4.79957,-4.53651,3.12031,8.70522,3.062,8.72997,3.46095,-0.626853,4.9851,3.08788,-0.0220385,1.55909,3.83995,7.04426
gen=0_training=128,-4.83812,8.17134,6.44523,-4.52505,-0.51174,8.7678,7.37001,-3.35356,3.18355,8.69261,8.04339,2.74146,6.5367,6.67592,-0.508087,1.5242,4.56233,7.07176,1.64116,5.22605
gen=0_training=129,6.33816,-0.632355,0.236835,5.5809,9.5565,8.97124,-0.27896,-4.69388,6.09138,9.89361,1.2948,7.09479,-4.09823,0.886018,4.16794,9.68038,-4.77899,2.42663,5.12844,4.97004
gen=0_training=130,-3.06065,2.37789,-4.11026,0.382132,1.27962,9.86364,8.93311,2.07623,3.92589,-4.13497,4.50069,1.57005,-2.72654,6.3281,6.82445,-0.756457,2.69242,-2.36159,7.57628,4.40736
gen=0_training=131,3.56554,1.23318,4.96021,-3.09761,1.80859,5.1146,-2.5363,1.61926,2.45434,4.81137,1.23051,-2.40778,9.57129,-4.74526,6.63458,0.884022,2.18711,5.32881,0.00569445,-4.47298
gen=0_training=132,2.94109,4.56137,-3.25129,-4.77676,9.31579,-3.02536,1.82244,3.3918,9.29852,-1.39139,0.698783,6.75405,-3.20657,9.29131,-0.362266,-4.25604,7.44365,0.0892712,3.77613,5.4501
gen=0_training=133,8.1465,0.335838,5.16762,1.14971,-0.0992937,9.4582,7.33327,1.58266,3.77043,2.96323,3.34108,3.22856,-1.60991,-1.63516,7.20366,8.79267,5.71847,-1.6739,6.07464,3.75444
gen=0_training=134,6.50488,-2.89848,1.09408,7.74727,3.31646,-4.05982,2.33424,9.76164,3.25209,-3.9884,3.97811,-4.28859,-0.485019,-2.64506,-4.54575,7.83033,4.63086,9.28625,-3.71403,8.69498
gen=0_training=135,7.77606,4.52486,1.3184,7.27027,9.60518,-1.24307,-0.862709,5.46464,-1.32275,8.52515,3.11353,-3.54999,7.70205,7.43458,1.68087,8.88087,-2.40001,5.82836,0.613794,9.07006
gen=0_training=136,-2.76929,-4.29359,-2.65353,-1.93069,3.98614,8.16833,-2.67156,4.53996,8.92851,-4.10762,0.863096,0.614673,5.99476,4.46409,-2.34612,9.60701,7.72092,-0.374096,5.2809,-0.321748
gen=0_training=137,-3.58566,9.34876,0.0898829,8.26877,-2.71272,-1.27985,1.32035,4.25763,-4.33377,6.0527,7.81277,-3.70158,-0.281525,7.63805,-3.8784,7.71332,3.74685,3.66405,7.45024,8.90779
gen=0_training=138,-4.86555,-0.890537,7.24772,-2.2928,9.52422,-3.46829,3.11645,8.09736,-3.36909,-4.87299,9.77427,-0.792934,1.85218,7.65546,5.3817,-0.886702,-3.28188,-4.54678,-0.243155,5.1433
gen=0_training=139,6.14768,-0.872505,-3.58612,1.7105,5.54918,8.56658,7.60065,4.28161,0.344232,8.17131,2.17795,-1.88043,-2.7459,6.2633,6.52552,7.18216,-0.23157,2.21324,-0.0642818,1.14032
gen=0_training=140,1.50499,5.14718,3.33747,4.30593,-2.52233,9.73081,-0.0174151,-2.02718,9.66539,0.437886,0.274377,-0.407158,-3.95811,-0.55106,8.32584,-1.64858,2.16238,3.5033,1.29928,7.76635
gen=0_training=141,1.19878,1.08922,2.53745,0.235224,3.65909,-0.106506,-3.04397,3.10036,4.63713,9.87755,4.34505,-2.47443,-2.22496,9.27711,-3.25654,0.950349,6.13969,6.10251,9.00937,2.11475
gen=0_training=142,4.85674,0.98943,-0.484563,3.05597,-3.49305,-0.453607,7.50471,4.67106,2.9494,2.4066,4.41613,-4.35912,-0.251978,-3.19176,0.937933,3.37365,0.413825,-3.75565,-1.33309,-4.32232
gen=0_training=143,1.95623,4.61319,-4.45533,5.50165,0.494174,8.69649,7.47756,8.54543,-4.6768,-3.45911,4.14054,0.525408,5.45447,1.53913,-0.99601,7.53701,3.46485,3.19082,3.62978,6.60634
gen=0_training=144,6.53449,0.389314,8.79952,5.76419,0.384735,-4.14884,3.92909,3.94703,8.95164,-1.6634,6.87774,-3.41238,-4.52289,-4.41466,8.36878,-0.365335,0.678989,9.19935,0.812431,3.30584
gen=0_training=145,-1.51223,-4.55173,7.19722,-2.03961,2.5242,0.591878,1.94892,5.50769,7.00184,-3.17701,4.09288,4.29878,2.69994,0.925745,4.6571,8.63657,7.11922,5.75493,9.65706,8.11857
gen=0_training=146,5.28409,-0.0541064,-1.08971,0.197539,2.40268,1.25022,-4.30063,-3.87368,5.98691,-4.29053,-0.0508163,9.55069,8.5438,7.7104,1.03576,7.37939,-3.0068,4.64523,8.44069,-2.7549
gen=0_training=147,9.3127,2.54434,8.16767,3.54606,-4.35612,-2.47737,8.46455,6.48764,6.25919,6.03027,2.55073,-4.90742,8.21382,0.724463,-2.41158,3.39348,6.27388,4.35694,3.94956,-1.14332
gen=0_training=148,8.9965,-0.178745,-1.99434,2.27878,1.15314,3.8198,4.5514,7.52953,0.276954,3.4074,-4.11594,0.479242,1.38865,-0.826854,-1.1558,-0.507017,-0.662747,9.69254,-0.0391166,0.796166
gen=0_training=149,0.197783,7.88318,5.75977,4.79298,-2.13172,-2.86445,0.786023,-0.151135,6.7567,-0.333653,2.1465,-2.53581,-0.0466069,0.428677,-1.08625,-1.57966,3.84469,0.767374,5.31916,8.43067
gen=0_training=150,7.18433,-3.43911,0.355078,-0.321565,9.86571,0.922992,1.50611,4.22988,-3.06887,-4.39807,3.32979,-4.68387,6.49616,-0.372403,3.66616,7.79268,0.314645,1.42249,2.66394,4.46211
gen=0_training=151,-2.64789,0.652612,1.48779,9.22128,5.7684,-4.61968,0.860952,7.57672,6.15008,-0.0498325,4.86671,0.835625,3.59747,-4.72194,-0.369245,9.9084,0.388154,4.55883,9.58509,1.45538
gen=0_training=152,-2.31452,-2.00206,9.80943,-4.8663,-2.37013,4.84774,-2.86443,-0.591916,6.46352,-1.16442,7.87282,-3.85382,0.767191,5.21936,9.26532,9.04789,0.363847,-1.02604,4.30313,2.76308
gen=0_training=153,3.89009,6.49865,-2.48307,-3.98602,-0.41508,6.65504,2.12185,1.34015,-3.64188,1.57666,0.118779,4.74504,6.80929,3.84065,0.0297875,9.65521,2.63961,6.78966,2.83722,4.52876
gen=0_training=154,8.1317,-3.96674,3.92637,2.03746,2.04725,3.32398,-4.60377,5.70768,-0.795934,0.322308,5.88431,-1.46984,-4.37971,-4.66303,-1.61543,-1.7752,-3.34224,7.48126,1.95621,-2.86043
gen=0_training=155,-3.87891,1.17751,-1.60384,-2.67964,1.11894,8.18343,-3.83794,-3.40799,4.35559,-3.31323,6.03835,-3.05325,-4.44688,-0.300829,5.00588,3.85758,1.16133,3.05094,0.640542,0.0781632
gen=0_training=156,-4.40477,7.83959,-2.63299,6.08646,6.7844,0.124352,4.78039,-3.27112,1.46298,0.256737,-2.59244,3.74826,3.20778,2.33554,9.78082,4.05054,-0.261836,0.656412,7.51601,-1.72811
gen=0_training=157,4.57885,3.47617,1.47537,2.4306,-0.377639,2.70212,-4.80133,2.13202,-2.6431,3.53813,5.50539,2.64093,7.00012,6.31584,-0.293791,-1.82913,-0.0657399,-1.8446,4.72951,6.78926
gen=0_training=158,7.98945,8.01636,0.335403,7.05044,4.1767,7.79002,3.86815,2.71077,9.34713,-0.501828,3.04647,-0.0297879,7.6088,5.11341,9.13959,4.53949,3.793,-2.91837,3.13997,-4.52231
gen=0_training=159,-2.55917,3.11427,-4.35628,-2.57286,0.404413,4.1767,3.35686,1.13177,-2.84552,-0.343467,-2.08548,3.11513,-4.73658,6.72879,-4.87886,6.6269,4.88822,2.37947,0.261039,-3.45741
gen=0_training=160,3.24001,9.22809,-2.50798,9.79767,-0.73632,8.04631,-3.05712,-0.0652472,7.28613,9.13594,-0.343842,8.0736,-3.77171,6.74411,8.60491,-1.42478,-2.15209,9.63161,6.20133,2.13286
gen=0_training=161,4.71485,3.4253,-3.11513,4.51419,6.88822,0.52047,-0.430251,4.14034,-2.90447,-0.0151075,1.72607,7.272,7.24924,5.94397,8.58331,6.64089,-4.25841,6.35374,3.7338,2.72554
gen=0_training=162,6.03523,6.09194,-2.16125,2.2471,3.44671,-4.64649,4.72471,2.91131,3.97488,8.58955,4.52466,-0.906484,0.355132,-1.34114,-3.67506,3.44527,8.33224,7.53053,3.57598,-1.50577
gen=0_training=163,-4.11133,-2.73219,4.02148,-0.935074,6.64155,8.64194,-2.83432,-3.22757,7.34378,1.67931,-4.76946,-4.27034,-2.56126,-0.157524,9.66199,-3.57309,-3.1266,-0.0237796,-0.911423,7.21575
gen=0_training=164,-1.31906,4.53768,-4.02049,2.81898,-3.52007,6.79066,6.86537,-1.67246,4.92168,3.7197,2.84901,4.06728,5.76529,-2.58863,9.28485,0.729769,5.16645,5.43322,5.05276,5.73203
gen=0_training=165,-0.453783,6.91767,0.0708252,3.68183,9.21637,8.85725,3.34898,2.44618,-2.32376,-4.33343,-3.46406,-4.9356,8.69761,-1.74219,5.28809,6.04768,4.81078,-4.61961,-4.98719,6.91866
gen=0_training=166,4.14052,9.71178,-3.49979,4.16706,1.1651,-2.61283,4.22773,8.69669,-2.82073,6.38981,-4.31159,9.83864,0.344778,1.32654,1.48032,1.11049,-1.02581,-2.33481,-3.17377,-2.87233
gen=0_training=167,1.88096,6.90339,6.65053,9.72824,2.30632,3.35608,6.73479,-1.72088,-1.08117,-2.74484,7.60438,3.77061,-2.4187,8.81665,1.00413,2.22542,3.32049,-2.40139,-2.81644,1.07632
gen=0_training=168,-1.04106,-4.4125,4.40671,2.15452,9.41723,-2.26317,8.81471,5.4508,-2.77943,1.5979,-4.87951,8.89143,-4.55732,2.09079,-1.22821,2.83137,-2.3353,4.62508,7.50872,4.50327
gen=0_training=169,5.09605,-1.99619,0.133307,3.14527,1.32521,8.50884,4.04712,1.29055,8.11675,2.72741,-0.95209,-2.07034,8.64797,1.31085,-1.05445,0.240512,5.7705,8.38767,4.23192,9.14438
gen=0_training=170,5.07148,-3.57391,8.03552,-1.14506,0.357144,8.45275,-2.55442,4.9327,1.21507,4.09775,3.52819,6.2468,-1.25465,2.72893,5.80533,1.94709,-0.68925,9.23023,-2.50162,8.60186
gen=0_training=171,6.2345,-1.78231,4.50921,6.12895,5.0195,8.03274,9.50509,5.71164,-2.11509,9.27171,6.82962,-1.78937,6.28454,3.15452,-4.41639,9.18836,0.345413,2.04626,2.63448,-0.481231
gen=0_training=172,-1.72118,0.566724,-3.57203,-2.19183,-0.649186,7.97195,8.98875,6.59789,-4.37762,8.13809,0.99322,5.95638,1.19753,2.47505,8.24927,3.67997,3.6824,6.11506,-1.59598,6.57932
gen=0_training=173,-2.9352,8.43914,-3.61645,4.48016,6.4903,7.31924,0.506574,-0.794823,3.94312,4.4385,-2.70977,-2.73332,4.53472,9.22956,-0.710817,0.732705,8.64503,8.7102,7.12963,7.2356
gen=0_training=174,-1.36224,7.35505,-4.57372,3.69809,3.4089,4.54317,-0.934334,7.32165,8.12709,-1.33093,7.74029,8.23877,7.41237,-0.207531,3.59954,1.5895,9.99301,6.9639,3.49952,-1.89821
gen=0_training=175,-2.26134,7.58834,1.78788,-1.42729,2.4281,-4.95705,-2.12116,6.83815,-0.660068,-4.80071,7.26692,7.63732,1.39889,-2.40352,-2.7582,6.85364,9.90684,3.56278,-3.22145,-1.64005
gen=0_training=176,-1.20852,7.74198,-1.31255,4.7142,5.19534,-4.01593,3.42745,4.17256,5.47864,6.68283,1.21632,1.41318,1.06655,9.31656,-1.67024,-2.16992,2.92646,3.3615,6.0167,-0.962799
gen=0_training=177,8.76014,9.02494,4.58311,-2.39909,9.70221,8.1064,9.37194,4.41599,7.66406,6.52643,3.92601,4.53571,6.27926,-4.33695,5.97565,3.49158,7.39174,7.22084,9.97585,4.72671
gen=0_training=178,1.64387,4.12634,0.891127,-3.57621,-1.73426,9.84938,-4.40555,-0.636314,6.76768,-3.03378,8.87774,-4.26268,-4.69722,-1.97289,6.21699,3.66857,3.08509,1.17778,7.77713,2.03488
gen=0_training=179,8.21935,6.78302,4.10543,5.04025,-0.922379,-0.541764,2.09425,4.28757,7.98191,6.83515,5.37578,0.435704,4.93417,-1.54455,3.01873,2.58296,-0.119393,-1.8714,3.4162,3.72028
gen=0_training=180,9.4033,7.52353,4.12089,2.20401,-2.17832,0.93438,-0.160186,3.86545,4.45883,-4.41058,2.12179,-2.23745,2.71767,3.30997,8.57363,0.345918,5.10409,9.16347,6.97269,-0.522562
gen=0_training=181,1.0949,-1.48721,8.195,9.48805,4.49136,4.06732,-2.80783,6.27544,1.62511,6.16556,6.32858,-0.841713,3.86113,7.97291,-1.20427,8.80064,-3.14358,8.05357,5.29881,8.99894
gen=0_training=182,8.23867,7.68371,0.718429,6.87498,1.91931,5.67353,7.08501,-3.53065,1.05559,3.25857,4.56526,8.70604,-1.97304,4.85825,6.02118,-3.45435,3.14,-0.822913,-2.04153,-4.73625
gen=0_training=183,-0.632946,0.474002,6.81601,9.38349,0.572935,8.22954,9.04684,-2.64104,4.48803,5.77216,4.57056,8.29336,5.17571,2.51025,8.16978,5.02148,-3.10611,3.60784,-2.12486,-1.61232
gen=0_training=184,9.60259,3.31109,-2.43013,9.63789,-4.29679,-2.67671,-2.16693,8.16939,8.87469,5.34329,4.95373,-2.67265,8.57103,1.5427,5.00112,7.15686,-1.78984,2.50012,9.09654,2.31785
gen=0_training=185,-4.58083,7.90173,2.70774,0.779555,7.7233,3.0864,0.0092742,0.750328,-1.48811,0.689428,3.42668,-0.277568,7.84072,9.18934,5.73665,-2.73623,7.80966,-4.11682,-3.3566,0.109298
gen=0_training=186,-0.465003,3.09295,6.53236,1.94878,2.9091,-0.0752106,9.49812,2.92597,0.62967,-4.30514,-3.25846,1.84402,1.55215,4.13176,7.73907,-1.08436,4.01755,6.29828,-0.133539,-4.57387
gen=0_training=187,5.03071,-4.90755,0.653562,4.22335,-4.01139,2.60992,-3.02908,-2.79018,4.62434,0.094334,0.642749,2.1962,-4.11459,-2.7701,7.85036,-2.92406,-4.74857,4.23875,2.10454,5.2793
gen=0_training=188,4.5216,3.38165,6.32364,-3.29473,9.7983,3.39637,1.657,-0.482766,7.69409,-2.70214,-4.16298,-2.1932,7.49669,7.50823,9.34157,7.28091,7.55424,-0.242314,1.51105,4.05198
gen=0_training=189,4.41547,-2.141,2.68657,-0.54954,-2.90245,-3.43218,6.30565,1.22083,4.16414,-4.42495,1.13076,1.88047,8.10215,3.79436,1.80411,9.01834,6.07191,0.695747,-2.64826,4.5578
gen=0_training=190,2.31843,-2.84731,-3.20948,8.5879,4.44714,-3.72478,-2.62401,6.90883,-4.24694,1.89442,9.43875,7.08034,7.838,6.09893,8.36382,3.91722,3.55573,3.8913,-2.67058,-4.51295
gen=0_training=191,-2.06764,-4.59194,7.03674,7.51972,-4.5999,2.81764,5.91674,-1.0384,0.0823614,2.10588,-0.490486,-1.56725,9.34602,0.353842,6.26557,4.45526,7.46896,-3.37141,-2.22042,1.31254
gen=0_training=192,7.969,4.63751,4.55815,4.5724,5.93875,5.33467,-4.28852,3.82292,-2.15206,1.7508,1.95075,-3.11921,0.737846,9.08983,2.91031,6.24119,7.85851,7.22557,-3.87159,-1.12659
gen=0_training=193,-2.96614,5.60779,4.93282,7.29034,8.16905,4.33433,3.11047,-4.9479,5.59275,-4.35656,-3.02497,3.03778,5.07119,6.84377,6.85769,7.90849,4.54835,-3.82138,2.66513,9.98416
gen=0_training=194,6.20323,2.45274,-3.09145,2.49011,0.310978,-2.77036,-3.49108,6.73627,3.08776,1.20199,5.68599,-2.85244,8.80492,7.80462,4.9417,3.70776,1.1968,6.32829,-0.357425,2.69156
gen=0_training=195,6.56014,9.58757,2.91401,1.78505,6.70923,-2.33794,1.58174,-0.801604,2.72327,-3.44418,5.15322,8.80479,-0.24477,-3.79848,9.06807,2.75377,-4.14832,6.31267,2.87892,6.28913
gen=0_training=196,5.00007,0.777472,8.47488,-0.963767,-0.299197,2.79949,3.37393,0.848272,4.77295,3.60607,-3.98939,6.64304,3.75522,-1.58549,5.31215,7.17219,6.28299,9.5084,8.35111,0.237665
gen=0_training=197,-0.118158,1.96642,3.74762,-3.43569,-4.40276,-1.67206,1.28415,-0.269958,6.12539,0.83971,2.84412,-4.84431,-2.37739,5.03446,5.95909,9.40684,7.09572,5.10082,7.49147,6.49272
gen=0_training=198,9.11841,-0.467402,9.13123,-4.47252,0.989384,9.34748,3.43166,0.515149,5.84766,-3.95315,-1.87849,0.459045,9.28992,5.0619,-0.332825,0.796274,2.24398,-4.67807,5.45601,-2.28795
gen=0_training=199,5.85844,-2.70953,6.88174,4.50167,-2.74425,4.14949,-2.0586,-3.87683,0.430281,6.45106,6.79933,9.81545,-0.00910153,-2.67654,4.05818,3.93156,7.66706,9.64147,8.43113,-1.31667
gen=0_training=200,7.82379,9.78949,2.52436,7.15999,-3.79073,-2.22456,-1.62452,-1.99543,-1.4991,3.55279,0.73949,1.24984,6.18019,-3.02123,-3.16397,1.2611,7.68631,-2.52617,8.29477,9.75116
gen=0_training=201,3.3028,1.65682,9.8036,7.2688,-1.3922,2.80394,-3.27844,2.12443,8.3622,1.55594,0.387066,-0.750893,-1.3029,0.0653733,8.9899,-4.7628,4.33034,9.26535,7.47074,6.32675
gen=0_training=202,-0.394199,4.54802,-0.547551,3.63666,8.99378,1.1484,9.93983,9.18177,-1.27005,-0.0671638,-1.55387,0.720266,2.6036,0.134478,-1.92659,8.7703,3.49343,8.45042,2.25474,2.58503
gen=0_training=203,5.91981,2.11854,7.67436,0.0423316,4.46151,1.16187,2.71055,2.59086,-4.19247,9.64859,-1.1766,9.48142,9.40835,-2.9432,5.48287,-0.0415197,-1.01162,-1.95996,-3.96366,2.61408
gen=0_training=204,2.18492,-4.82407,5.59214,4.02394,8.24684,-0.924564,6.26677,2.04396,-2.13766,3.79456,6.01511,6.45785,8.74104,-1.05633,2.0886,0.676735,6.15311,0.274049,6.8061,2.45622
gen=0_training=205,4.73293,2.08478,7.51384,7.59741,6.28896,-0.833432,2.65767,2.74712,-3.46134,7.58099,9.13416,7.85625,8.84854,0.11506,1.9814,8.58664,0.164787,-0.402861,-0.336864,8.53503
gen=0_training=206,0.970245,6.98113,8.96506,7.44966,3.46915,6.111,-3.62187,9.66873,7.55587,5.95364,8.30748,0.781804,-3.32776,1.36561,9.80894,-2.29245,-4.54036,-2.66076,-3.21332,0.897079
gen=0_training=207,-3.41636,4.85257,1.8992,8.11728,3.90448,3.06995,-2.72999,0.789302,3.37272,9.47908,1.39953,7.77944,-3.51726,-2.24502,9.44318,-1.18353,-3.5129,6.20192,0.100706,3.73683
gen=0_training=208,-0.957716,3.67609,8.35925,8.76405,5.07128,1.39105,9.3663,-2.52889,6.66119,-4.71608,2.50441,-0.298168,4.89819,9.60559,7.46523,2.06999,-3.44266,5.80368,3.69475,1.29206
gen=0_training=209,-4.79112,4.40471,-1.96755,6.49952,-0.336582,7.79878,2.14562,2.32708,-3.77255,-1.87356,5.71838,4.79014,7.28488,2.14847,3.1888,-1.89097,-1.14567,4.01502,-2.84087,7.55214
gen=0_training=210,0.850941,7.0057,-1.8415,3.3698,8.34765,-4.78073,6.70918,8.49154,-0.435477,-3.7615,8.32208,6.05142,0.406313,-3.55795,-4.63529,3.40578,-3.39114,1.57184,0.885197,0.983592
gen=0_training=211,1.15023,4.46866,-1.06856,-4.92694,3.51873,2.74401,-4.47962,5.85368,-0.105974,6.15462,1.24715,7.50349,3.56753,4.34642,-4.48622,2.54065,4.94617,2.01531,-1.49008,1.07434
gen=0_training=212,-3.38642,9.30931,0.509156,4.20178,-3.42078,5.46384,2.74579,0.559254,3.19585,8.031,6.00351,0.571608,5.97168,-0.499754,-3.44382,0.276495,0.822442,8.32086,5.22112,-1.4753
gen=0_training=213,-0.0191473,9.04926,-0.952532,4.94654,1.78994,-2.54518,-2.44609,4.38199,2.48987,-4.94135,6.25435,6.949,9.45787,1.79033,-0.859497,5.40508,4.85187,7.05481,2.3509,8.08729
gen=0_training=214,2.78014,0.922759,7.98702,-4.67247,2.32889,6.42204,9.26462,-4.02458,-0.776423,2.15881,5.05649,4.32587,-0.740854,8.93643,4.7351,9.97479,6.63439,8.74251,-2.37691,0.252616
gen=0_training=215,8.31604,-1.80761,3.77655,8.1689,0.609249,5.28068,-1.55885,6.43922,1.59209,7.69319,-0.607342,6.98687,0.194938,6.1247,6.84678,3.79066,-3.68197,0.849602,5.5731,8.22421
gen=0_training=216,-1.81005,7.56051,-4.32715,7.6673,5.61959,5.82391,3.61441,-3.77421,-2.86942,-3.92478,8.12896,-4.33932,5.10257,5.71836,9.04729,2.28029,5.97412,8.56829,2.26392,3.85467
gen=0_training=217,-4.97427,5.03387,6.16203,6.2275,-1.46251,-2.37805,-2.7775,3.71697,4.84599,-3.03968,-1.77924,8.62418,-1.65826,-0.282716,0.281895,-3.40361,8.87862,5.13929,-2.95145,9.69006
gen=0_training=218,4.651,7.38793,-4.19473,2.05398,-3.87363,8.08297,-3.084,3.85348,-3.01459,4.51387,-1.05692,-4.63833,3.71052,2.77069,-0.946358,9.82056,7.24874,-0.0706982,8.65505,2.25875
gen=0_training=219,4.10858,0.585904,7.60653,-2.13828,4.62775,8.12041,-0.850587,8.86069,2.81961,8.23949,-2.94897,6.80312,0.821173,9.89417,3.74063,6.51246,8.62961,0.627985,6.49473,-2.92578
gen=0_training=220,-3.85576,9.99355,4.14065,6.33646,5.3723,-4.92107,-4.49789,7.49105,-2.62487,-1.07098,5.48206,6.34992,3.5218,5.39293,-1.41433,8.36538,4.74642,5.63786,1.03208,2.66592
gen=0_training=221,-0.253692,-3.48816,4.46793,9.61877,6.573,6.91316,6.40451,3.88723,2.6178,8.08242,9.68782,8.45228,9.7208,3.45532,-0.380972,-4.37259,2.55331,1.37718,-0.385699,1.10366
gen=0_training=222,-1.63722,9.47516,6.23694,-2.63453,9.54383,-4.26213,-1.10678,1.74856,5.96048,-3.25403,4.91897,-4.03386,7.29856,4.29762,3.0926,0.429819,8.89298,6.88836,3.16857,6.01986
gen=0_training=223,1.97758,-3.08588,0.857918,8.49436,5.84697,-4.8245,3.73926,3.31129,9.47818,7.43925,9.31722,9.1731,5.27744,-0.173735,4.15525,9.61814,-3.71924,-3.9247,-2.88412,1.49779
gen=0_training=224,0.87136,-1.47486,0.0171286,6.18483,9.07257,-1.46053,0.991473,-1.81707,0.0542975,3.73282,1.15324,1.40251,5.8482,-3.97703,2.04606,7.8099,8.09722,-3.62566,-2.46702,8.06722
gen=0_training=225,-2.542,0.231539,-4.92929,8.08822,7.77208,-1.12137,0.866077,8.41851,0.856405,8.33964,5.90797,-0.36905,-2.52298,9.78254,0.851816,4.17825,8.34606,2.25263,6.10619,-4.36222
gen=0_training=226,6.07176,3.56044,-0.370602,6.38711,0.198128,7.16687,-0.596963,2.17128,5.46638,-3.8918,8.72141,9.17881,-2.82771,2.22401,-4.95679,9.00206,7.30556,-3.33378,3.55277,-4.05473
gen=0_training=227,3.13901,5.87545,9.62235,8.25553,1.42336,1.52027,2.13917,-1.34571,4.4007,3.16467,9.77547,6.91058,7.78751,8.19403,-1.28582,-4.29203,-2.72873,8.33977,9.03977,2.14353
gen=0_training=228,-2.16905,3.40581,9.00203,-0.716508,0.771591,6.81306,1.17855,1.27074,-1.43407,9.07991,9.95419,5.93736,9.94549,9.85679,1.36283,6.7945,7.29994,4.77508,7.38062,-4.90942
gen=0_training=229,-0.0472827,6.87338,4.62263,-0.022699,7.35382,5.55862,3.14536,9.29624,9.94171,4.07845,5.19035,-1.4976,-4.77878,-1.28695,4.97266,4.47551,4.22653,6.77391,-1.62307,-1.95888
gen=0_training=230,7.43739,0.159753,-2.3864,9.95505,-4.92656,-2.61923,-1.29064,4.06764,-3.18752,6.66995,0.207527,2.43079,5.82723,1.51427,-0.250077,-3.08128,1.12686,-2.63743,3.45453,5.83586
gen=0_training=231,5.47777,9.97305,0.163412,4.85334,6.86807,1.40583,8.14624,-0.572768,3.22866,7.11997,2.78553,-2.16123,2.97774,-2.64329,8.75166,2.40546,8.08432,3.12334,2.38284,5.6126
gen=0_training=232,2.20106,-2.2038,5.55172,3.85781,7.05297,-0.548023,3.6595,9.68461,-3.54206,3.32551,-2.667,-4.00871,0.417285,-0.664215,8.50833,3.75839,-4.17564,6.65545,6.63577,5.63613
gen=0_training=233,8.09989,-0.678292,2.95136,3.52389,-4.85785,4.43701,7.62591,0.389177,5.15134,7.33601,8.91821,-1.54867,1.40867,-2.02679,6.29828,6.06834,5.46461,2.99185,7.18913,5.1285
gen=0_training=234,1.64569,-2.60585,-1.71555,-4.65629,-1.96943,0.318531,-0.257473,-4.88403,-0.156445,-2.47466,-0.746661,1.78722,3.2818,3.02752,5.19791,2.31752,0.612603,1.82774,-2.72334,6.99966
gen=0_training=235,-0.86076,4.02865,0.435907,-2.96698,-3.77973,-3.5324,2.46822,-1.89052,2.0077,-3.12534,-2.34044,1.62296,5.42244,-2.72725,9.45759,-1.63859,-2.37009,5.85965,-1.4812,-3.83423
gen=0_training=236,1.36958,9.37812,5.53302,-2.99173,0.782638,0.895927,8.53976,6.24309,-4.14649,1.86162,2.44062,1.37316,9.20783,9.06802,2.14048,-4.55933,-1.8004,-1.32351,2.9265,-1.38002
gen=0_training=237,2.6238,4.86903,0.472245,2.17754,8.69338,1.79308,0.189891,3.47879,5.56625,0.142981,5.35902,0.995821,-4.71231,9.42356,-4.93725,-3.17244,-2.67109,4.537,6.24808,0.636161
gen=0_training=238,4.92786,5.50396,2.65449,0.856151,7.32237,7.51796,-3.06721,8.96439,-1.91866,-1.71571,4.75536,2.29665,3.39712,4.55814,-3.03103,8.32166,-2.54309,0.827723,-0.586548,-4.75612
gen=0_training=239,4.8997,2.39373,6.30779,1.52739,8.32945,7.62557,4.58008,-4.38974,-3.52259,3.59197,7.70178,3.94138,-0.12279,-2.3623,3.87308,6.68074,-3.74063,-2.90534,7.86864,8.83806
gen=0_training=240,4.37464,4.32255,-4.4746,7.37382,0.00347642,1.33578,-3.75409,-3.73155,9.14294,8.78733,9.61674,7.32,-0.0281976,5.64112,-1.82326,5.41404,2.56838,2.03456,6.56282,1.39805
gen=0_training=241,5.31452,3.96457,-4.74827,1.15211,-4.68326,4.66936,-0.45535,-4.50232,0.258984,-3.87613,4.81652,-4.53907,-0.72274,8.42095,3.25051,0.320125,9.76008,-1.64926,-3.60586,-1.3322
gen=0_training=242,-1.42584,0.887327,7.45253,5.60292,7.90736,5.97866,-3.93885,8.5019,8.0,0.0847291,2.8143,-1.75817,9.93654,-0.0642933,-4.72387,2.67254,-0.0166086,0.192673,8.95399,-2.84367
gen=0_training=243,0.344164,-3.4574,2.10289,7.72626,-1.65658,0.618523,-1.93312,6.88785,9.42797,-3.22076,4.37233,9.52082,4.61184,5.60499,6.74108,2.14967,3.06083,2.89847,6.90017,7.28558
gen=0_training=244,9.54819,-2.4358,-2.88931,-1.51568,1.63911,8.36704,8.63967,-1.59695,2.12862,-0.245279,3.11646,2.08864,9.33659,4.60335,3.42145,2.49119,2.2049,-1.89376,2.09,2.3389
gen=0_training=245,-0.236639,4.08587,2.89493,3.31795,3.60526,5.58828,2.56235,3.70615,5.74614,0.574987,-0.0695553,5.06846,9.91949,8.62604,6.35147,-1.97635,-0.560922,5.78871,7.53453,-3.71295
gen=0_training=246,3.26186,-3.52447,-2.78997,-0.628391,5.71328,-1.97771,-0.890872,-0.784352,6.43611,5.41536,9.82427,7.23704,-3.66938,-4.57038,2.21579,1.08533,-3.22205,-1.7199,4.34513,0.13289
gen=0_training=247,-0.532067,-0.150978,4.66991,8.66852,3.89182,8.73921,3.53191,1.92265,-4.80737,6.43861,-0.475057,8.99526,4.4053,-1.20855,-2.65776,4.13226,-2.64415,6.86281,0.303657,-2.31463
gen=0_training=248,7.6671,0.712072,7.99228,1.42657,-4.65516,9.77368,6.5649,7.19765,-2.58673,7.29257,-3.8015,0.512791,-4.89592,6.60092,7.66778,-2.13593,1.06662,-4.49272,-0.491131,8.41823
gen=0_training=249,7.55574,7.70304,4.17078,-3.76727,8.09474,3.68855,1.4594,8.93575,-4.76786,4.84463,5.23453,-0.994433,3.4593,6.06155,2.38618,9.5463,5.61758,4.84436,-1.56137,-1.83064
gen=0_training=250,-4.78893,-3.80237,1.84233,8.88062,-1.44564,7.7493,7.68065,5.96619,7.35317,-2.44232,2.26166,8.46114,-2.81811,3.73492,5.70612,8.83039,5.58265,0.959142,-1.44243,-0.508508
gen=0_training=251,1.66349,9.46103,4.36525,-0.163784,-0.634408,-4.09832,2.81852,4.24371,4.75958,-3.56085,7.94071,0.245946,7.52392,-0.461733,3.95204,-2.55449,-1.45558,1.86298,1.58381,1.61457
gen=0_training=252,9.84657,4.2637,7.5915,7.18568,6.55012,6.63391,4.63157,-4.08659,9.96054,4.66553,8.17925,5.05528,-0.625749,-0.318403,-2.42024,0.00251691,-0.276968,9.78857,0.658721,2.28373
gen=0_training=253,-2.92022,6.53881,8.99264,-2.00123,9.37019,3.92089,9.45254,8.05266,-4.94071,0.856282,-0.4464,-4.40317,1.76152,3.46895,2.76827,5.97734,4.96695,8.25824,9.15522,7.88605
gen=0_training=254,7.31501,-0.271242,9.36126,3.7016,-4.81197,0.0283217,7.63464,6.74541,0.45525,4.38535,2.64996,8.75514,-4.38652,0.152016,0.697882,3.95115,-1.08043,-0.672266,-3.06467,-4.02748
gen=0_training=255,8.66585,8.59093,2.37375,-4.2663,4.6985,-4.07245,9.64937,8.98163,-1.29751,5.36362,2.00196,2.81732,1.12473,-0.561834,3.53641,1.47888,6.78356,6.13651,-0.0828636,-3.30492
gen=0_training=256,5.01017,3.01016,-3.44223,-3.92883,0.973093,-2.78012,-2.19314,4.72032,-4.58795,3.26601,2.32124,7.88867,4.7491,0.491076,-4.38954,1.86777,8.77835,6.4722,3.46532,6.06913
gen=0_training=257,6.54688,-2.63331,8.95571,7.07066,-0.0621858,6.46854,5.03814,9.17368,-1.79501,9.19988,-3.38131,5.85417,1.67483,4.93546,-3.43721,3.88493,8.4559,8.49804,-1.0609,-3.54741
gen=0_training=258,6.92464,-3.33745,1.5276,2.32818,6.8275,-3.41795,9.02362,5.60459,4.0238,6.00173,6.92745,6.37527,8.69161,-0.777514,9.47044,8.82602,-1.31131,1.31573,2.02117,-0.342441
gen=0_training=259,1.92069,1.91272,2.59917,4.7029,6.46856,3.79163,-3.46801,4.79021,7.60056,3.61201,-3.72536,2.07581,7.43099,8.20223,0.444872,1.76473,-1.9503,7.54079,6.58605,5.19505
gen=0_training=260,7.08564,6.25145,-4.1543,-4.29639,-3.70344,8.94874,-4.06486,1.65005,6.67439,2.93458,1.17995,-3.53141,-3.42583,0.255005,4.72446,-3.41705,5.49195,1.34203,9.27599,-1.30442
gen=0_training=261,2.76013,-3.9159,7.11283,-3.95028,3.69112,9.15622,3.40147,-1.2655,-3.50838,-3.69677,2.77155,9.97611,-1.70342,4.5543,0.361327,0.440016,4.79719,2.97496,5.75413,6.3729
gen=0_training=262,5.51834,0.557985,3.21239,5.94685,4.42303,3.2859,7.5358,-4.22991,-4.25371,8.72468,-0.539598,-3.217,8.11971,5.74698,1.46092,3.1967,0.123101,-1.00485,5.25569,-3.58425
gen=0_training=263,4.04021,1.59984,1.77495,9.5132,7.66227,4.01842,9.43096,-1.90283,2.15624,-1.0416,7.42163,8.00603,-0.309163,2.6185,2.66205,-0.517642,7.27019,1.60705,8.09961,8.29516
gen=0_training=264,5.59398,-2.87775,5.86015,-3.11285,-2.58141,0.131559,1.72397,9.44308,-0.926484,7.23134,-2.57163,3.01266,6.67521,2.90959,0.156518,6.18932,-3.66144,9.54203,4.52187,8.39735
gen=0_training=265,9.75339,1.70672,1.64057,-1.4536,5.10144,0.972259,-0.528903,-2.18067,-4.3019,-4.96953,4.64718,9.38028,1.14385,7.33291,0.99292,5.65609,8.06481,-0.701047,-4.89469,4.78667
gen=0_training=266,5.05599,8.56145,5.81824,1.96062,-2.9341,2.32181,4.56491,7.00839,6.28587,2.02349,6.44284,5.3299,5.31651,1.95516,-1.81545,-4.46998,-0.717127,-2.31164,8.39446,8.51556
gen=0_training=267,-0.886524,5.54217,-1.38421,2.78996,0.683802,-2.28519,7.76119,3.81139,-1.9694,6.72899,6.6997,5.86383,-2.59515,7.7883,5.44079,7.31155,-1.13446,7.77755,3.27595,-2.99994
gen=0_training=268,-0.655408,-2.40378,-1.02738,-1.36989,3.15979,9.00494,-3.00478,2.06087,-3.86093,-1.68226,7.0842,5.90359,8.01569,8.78879,-0.482702,7.08319,7.63063,-0.614039,-0.26489,0.893743
gen=0_training=269,6.82637,-4.14664,4.65519,3.04045,0.947,7.19854,-0.71809,6.07234,2.38498,4.4971,8.34922,-0.316277,-4.33158,-3.64863,-3.10339,5.319,6.25354,1.12139,7.78434,6.36733
gen=0_training=270,-3.23628,-1.71616,4.44462,-0.829806,-1.12732,5.14218,5.49392,5.06134,4.18848,-0.428902,5.33211,6.67335,-3.86066,-0.100381,1.88041,-3.82871,2.79442,-0.555533,3.76873,-3.5393
gen=0_training=271,-4.27527,-2.94884,6.94936,-2.74823,0.161887,7.49368,-4.25945,-0.682235,4.81793,5.59902,-3.28899,8.87219,-1.43719,7.57991,9.85365,0.406608,1.56736,7.61243,2.40931,-4.99143
gen=0_training=272,-1.69057,-2.55018,-4.62046,-1.02553,4.26454,3.72815,5.08746,1.99905,3.90929,-2.72463,5.96562,8.87646,9.19396,-4.87347,8.33709,5.12123,-2.89134,-2.41183,1.18421,0.623251
gen=0_training=273,1.43175,9.83431,2.45872,-3.67252,-3.43991,6.7719,9.66094,5.79562,-2.30903,6.23538,6.21676,0.860931,-1.08078,6.45182,7.11748,5.96185,-0.668659,-0.856523,4.34406,9.56552
gen=0_training=274,-2.00848,-0.812569,8.38346,5.8323,5.56166,7.50243,5.28913,7.81459,0.495358,0.898634,0.537613,-0.637484,5.16974,-3.34093,1.35624,-0.593447,-3.03962,0.290546,-1.76545,5.36035
gen=0_training=275,1.68023,8.33746,3.35542,0.678578,2.98084,4.87145,5.80882,-0.245506,4.2949,-2.51859,1.31471,9.94608,8.66064,5.90098,-4.90079,4.31823,9.26592,-1.35631,7.85456,5.75734
gen=0_training=276,4.53938,6.71468,2.06172,-4.73272,5.43419,8.26365,-3.32831,1.56363,5.87631,6.59169,0.944153,-4.37095,-3.85261,2.31351,-3.63653,0.896121,-1.5406,5.59905,6.21744,3.88578
gen=0_training=277,9.10211,-3.25976,3.86912,8.92367,6.0808,3.66064,1.20253,6.9555,-0.573261,-0.124319,-0.527246,3.93381,7.73413,4.74377,7.0255,-1.05904,-0.700743,8.80304,8.45836,-3.79026
gen=0_training=278,8.57314,9.76672,1.81158,4.87578,-0.671781,9.12334,9.20392,-1.09705,1.3065,1.95923,6.35509,-2.166,-4.18176,9.63202,-1.3196,0.981597,2.06665,5.34689,-4.57557,-0.803444
gen=0_training=279,6.34558,2.31418,9.1517,-3.61451,-3.38692,0.646255,9.46405,-0.297868,-1.94416,6.27542,-4.27838,-4.65381,6.82543,1.5003,9.20978,3.06828,-3.07166,6.3642,5.03978,7.75731
gen=0_training=280,-1.83175,6.18661,-0.756434,5.95957,4.13663,7.3993,2.00776,5.87446,-2.29849,-4.17826,-0.240272,5.97422,4.99777,2.10781,8.23778,-1.41308,6.44811,-1.81833,1.00481,-2.67983
gen=0_training=281,5.36544,3.60314,7.19157,4.9295,-0.0165717,5.10325,-3.90089,1.87892,3.15342,8.21377,-0.400497,0.539379,5.90387,7.94752,-1.01703,4.70178,9.79014,9.09626,-3.19652,-3.64516
gen=0_training=282,7.38899,3.27195,7.42662,0.316952,2.23554,1.99397,5.81548,-3.9129,2.50571,3.94062,-4.88627,6.01126,9.59661,-0.412198,5.40647,-1.16415,1.47184,-0.387801,5.66821,-3.95536
gen=0_training=283,-2.13185,-4.37778,1.80125,2.74636,-0.114847,3.92662,-3.16829,8.338,-2.65247,5.08163,-3.74413,3.55196,4.49963,9.17242,8.08053,6.32656,4.53839,6.80739,-0.0775693,7.52269
gen=0_training=284,1.82426,1.2811,0.105859,2.99047,7.87858,7.75082,9.90707,8.37133,-1.18865,-2.79086,9.29557,6.49754,5.36204,-0.73267,6.78607,9.25977,1.9456,0.996896,9.89793,-1.2517
gen=0_training=285,4.54176,5.76942,6.59849,3.93068,8.07904,6.48759,-4.3996,-1.40194,6.32135,6.57688,7.51372,9.03463,0.662361,3.22341,-3.35039,-0.666513,-3.97879,3.62395,1.60797,-3.28013
gen=0_training=286,9.16593,3.52302,-3.72609,4.38108,3.9597,-3.96815,9.77179,8.12279,-0.32359,4.85917,8.95247,2.50693,-4.13804,-1.38929,-1.12894,0.395617,-2.57898,-0.345241,1.74328,5.81848
gen=0_training=287,3.44471,6.93691,-3.0427,-1.27229,2.39179,7.06246,-3.60834,-1.63414,6.58686,0.93647,3.50327,7.36246,8.25906,-4.07503,-1.89302,6.14672,1.18797,-0.833513,6.39455,-4.14539
gen=0_training=288,-0.169169,1.03593,9.29902,1.27573,-0.695848,1.62333,7.83743,-4.92805,-2.7246,-1.74482,-1.81711,3.8458,4.98254,6.86151,-4.60704,0.527316,-4.44339,1.25241,-4.67082,-1.1732
gen=0_training=289,-3.14534,0.0859283,-2.87651,4.3556,6.11534,-2.05737,-2.56704,9.45836,7.50173,9.89565,7.30292,6.0022,1.11387,-4.10002,-1.42231,8.45456,1.24705,-3.67322,5.73791,8.21089
gen=0_training=290,4.197,7.7199,-2.24258,-0.605482,9.6953,5.93348,-0.639956,-3.33974,5.29415,-0.39534,8.29455,-4.94502,-4.07576,4.15786,-0.730507,3.87893,6.88226,7.86652,3.5976,-3.99876
gen=0_training=291,-0.695273,3.87886,1.003,3.1898,1.74705,2.35806,5.96267,3.43629,0.505525,1.84148,-1.25195,6.84149,5.19819,-2.57555,7.12182,1.99191,-0.492859,4.15536,4.14378,-0.490451
gen=0_training=292,8.28017,0.752776,0.993026,4.64589,4.56351,-2.59039,-4.74796,0.282578,2.3436,3.98512,6.14802,2.42408,5.69583,-1.93123,-0.186072,-1.09762,-3.18303,9.48982,3.3905,3.62274
gen=0_training=293,7.92885,-2.16281,3.8649,-3.13107,0.0716324,0.161071,1.34875,0.409055,7.37069,2.80516,2.49152,1.42727,5.0884,8.02436,3.9895,1.76965,2.94797,9.38744,6.83577,1.89325
gen=0_training=294,9.49724,0.984523,4.18363,-2.16383,7.85726,5.21719,-0.109561,8.87597,-3.29029,-1.93467,7.97101,-0.465133,7.79614,5.70834,9.5481,4.3676,3.6047,7.83696,-4.29724,8.05434
gen=0_training=295,-0.279919,6.38079,-1.79584,6.70711,-1.98173,4.55766,3.23721,-2.50897,4.80529,9.63931,2.57206,5.30689,9.06451,-0.863614,5.50895,8.26961,-1.61806,3.50942,1.05139,3.34325
gen=0_training=296,-1.30152,-2.75855,-3.89603,6.43249,2.29775,4.36822,8.48865,2.78465,0.338085,-1.63873,7.19487,5.66496,-3.10761,2.55383,9.57583,8.55918,-0.356561,0.128899,9.05057,6.25304
gen=0_training=297,5.88818,-1.11486,-2.04764,5.34117,6.48189,-1.11221,-4.72134,5.11097,6.51168,-1.23754,-2.45117,1.50513,2.93183,2.71224,3.88209,-0.568248,-0.851522,-4.14033,2.64299,0.420405
gen=0_training=298,0.451854,5.06841,-1.07843,6.65133,3.42083,1.54948,7.56575,6.44729,5.40628,2.25208,0.811767,-0.770454,-1.85473,-3.53951,9.61881,0.5853,7.17754,0.712583,3.6574,2.65305
gen=0_training=299,-1.89981,-1.68668,3.50146,-3.84831,0.135498,-1.55583,4.25907,-0.0546518,-1.56891,1.61482,0.320779,-0.581167,9.78465,1.04673,6.33391,2.55334,-2.51655,5.11517,-1.70778,-2.62884
gen=0_training=300,8.96564,5.90567,5.4041,6.74127,3.84363,5.31487,-2.10383,4.43496,-4.82402,-0.140702,-3.6815,-3.72896,1.30403,9.25398,2.7737,-2.79071,2.12902,2.51976,-2.55848,5.31275
gen=0_training=301,4.38835,5.70746,4.05337,9.06473,4.52324,-2.07634,1.69089,4.9761,7.45705,5.48863,4.98092,-0.0685838,2.18921,-0.911708,9.74752,-3.53021,-0.99555,3.29188,8.683,4.75879
gen=0_training=302,4.15685,0.842299,3.55942,2.07781,8.06123,4.28731,-3.13448,0.0555878,8.73099,0.61489,5.28741,-4.43837,-4.65316,0.242357,-0.432511,1.15573,8.49522,3.57151,7.68719,5.23949
gen=0_training=303,7.61759,1.68883,-3.71317,4.42981,8.30321,-4.28343,0.248498,6.79411,1.91159,4.14224,0.450399,1.74574,4.94684,-2.30088,1.07913,7.81068,0.370835,4.81373,5.78942,-0.308555
gen=0_training=304,4.45094,1.88837,4.86259,-1.57496,-0.282515,-3.79235,8.30219,7.95366,2.86653,9.86319,4.29624,8.95826,0.817435,8.14546,-4.41114,-1.10117,-3.29405,-0.000127591,8.51221,3.38463
gen=0_training=305,1.08181,-2.10744,6.49621,9.90144,0.0963548,-2.4958,8.11291,-2.73109,9.92689,3.46762,1.36191,3.14183,-2.3908,-3.9827,-0.0215081,-0.846818,-2.16705,5.98357,9.13452,9.26614
gen=0_training=306,6.93899,8.37615,3.6356,8.83974,-3.08815,2.51168,6.98468,6.12814,-1.62234,-4.56553,5.93128,-1.86755,-0.592956,4.87783,1.02628,6.40003,4.8398,-2.89481,-3.07115,2.93879
gen=0_training=307,2.55626,-0.0194717,2.34637,-1.47197,-4.4842,-1.75651,2.98867,-0.891925,9.71745,6.95089,3.29267,0.393791,7.58303,7.10839,-3.63424,2.05004,3.40936,6.52477,-2.2346,1.8402
gen=0_training=308,6.70209,3.77764,5.00863,6.31721,2.12809,9.72298,1.63401,-1.18671,1.97769,7.371,0.167505,7.47465,7.65343,-4.27513,-4.5759,3.03219,9.57494,2.76434,0.524397,-0.928817
gen=0_training=309,6.21579,3.07062,1.406,-2.06809,8.84385,-1.18222,0.0846606,9.36023,6.37947,-2.4873,5.48603,-4.88222,-1.04121,2.2575,8.96436,6.28488,1.14798,3.18424,5.80166,7.66191
gen=0_training=310,6.99225,-1.86923,3.91755,-2.55518,1.66976,6.9495,7.19779,8.02851,-3.92478,-1.56673,1.48385,-4.9777,-3.1589,3.14323,5.04204,3.00681,9.00411,4.32065,7.14218,-3.90478
gen=0_training=311,-3.1159,1.21916,-4.05068,2.70817,3.36465,0.296252,5.10306,9.57939,1.03575,6.80642,6.06899,-1.42468,-2.17048,1.93846,-3.70899,3.17706,5.52522,8.67321,0.119783,-3.75962
gen=0_training=312,7.63161,4.43066,8.5656,-4.08054,5.40538,1.91702,0.498474,0.637506,-4.50802,-2.29935,7.11006,2.01659,5.78622,9.21718,5.46146,9.70093,-3.09396,0.811266,8.72592,4.71495
gen=0_training=313,1.02894,3.19738,-3.07679,8.6487,2.82759,9.38662,-0.486514,-0.244153,-0.264307,2.83645,-3.22321,0.189061,-1.36551,3.95649,0.0930943,7.5061,4.32184,3.26683,-4.34642,1.90653
gen=0_training=314,-4.51316,2.33933,-2.3313,4.75663,-0.904229,-4.57203,-1.3841,-4.11084,-4.20963,5.25078,9.63303,-1.44807,8.93524,9.9697,6.77003,-1.37481,8.02262,-2.93364,0.481874,1.28042
gen=0_training=315,5.33439,-4.87836,0.548954,8.04395,3.52188,-0.768316,7.4598,0.324882,-3.34736,8.51093,8.05608,2.69475,9.25312,-0.349769,-1.36536,-1.62144,-3.60056,7.70719,7.75715,-0.889891
gen=0_training=316,4.19456,-1.64749,9.47421,-3.05967,7.55139,7.88566,1.10669,7.61793,6.68524,0.641483,1.42892,7.61139,7.86832,-2.4505,3.826,-0.890665,8.42783,7.79576,3.06253,0.85943
gen=0_training=317,-3.00053,7.341,2.84686,-1.82257,4.23095,0.364695,6.13364,-4.71309,-1.90133,-2.5464,4.30627,9.12208,-2.61134,-4.92957,9.41693,-4.7213,1.34152,4.59269,6.70608,4.04293
gen=0_training=318,-0.0231718,6.94635,-2.44582,4.131,6.77367,-0.342695,7.7692,3.2116,1.47691,9.737,3.90011,2.91399,0.956673,2.90077,7.52501,9.85975,-2.31712,5.08263,-4.83014,4.19754
gen=0_training=319,1.99674,1.41304,-3.51847,0.63903,-1.81138,5.60779,4.9099,-4.16297,1.43985,3.23118,-1.01751,-3.25016,5.14157,1.63854,4.43607,3.71983,8.80312,-2.78969,8.80405,1.20523
gen=0_training=320,2.49259,2.90575,-2.77312,3.33091,1.14319,3.90673,-3.98681,-2.80804,6.45915,-3.80909,-4.78985,3.08003,4.48216,-0.999129,3.67744,6.3811,2.58672,9.50403,8.27935,9.63743
gen=0_training=321,-3.64522,-1.57132,-1.55509,3.77948,-2.44002,-4.6705,8.66615,4.82335,4.67576,5.12609,1.27737,2.94405,5.34817,8.37056,4.27998,-0.137841,2.65984,3.08466,6.8043,0.363006
gen=0_training=322,3.7024,-0.0428769,7.33487,-4.89861,-3.12177,-2.58315,5.33131,3.20319,2.10916,-4.78205,5.53148,4.35181,0.473536,-3.81114,5.88445,-1.70402,-4.711,5.77559,2.15909,0.84489
gen=0_training=323,6.69766,7.42974,-4.32227,-0.262127,3.77222,3.41398,6.79957,8.66563,-2.2173,6.21628,5.72644,-1.76486,2.35482,1.49058,4.12674,3.02304,0.0731662,-0.147634,4.36264,-0.836921
gen=0_training=324,4.04595,8.0905,-2.39455,8.89645,-4.09695,-1.00071,3.02836,9.07695,0.475001,-4.60324,7.80678,9.02376,7.07443,-4.73835,0.911438,9.12304,-0.928495,2.15286,0.986642,1.05586
gen=0_training=325,9.64802,-2.1001,-4.12726,5.12954,-3.05308,-0.280491,5.4092,1.97015,9.76713,8.37965,2.89081,-1.60269,1.02684,2.02438,0.0237795,-2.07287,-3.77615,-3.05696,0.762219,6.46652
gen=0_training=326,5.49764,-4.63994,6.26083,4.32924,-1.37396,-4.27408,3.54113,3.17785,4.01283,3.12461,2.41182,7.21031,4.78839,8.05153,-1.4923,8.04783,9.65066,-0.663671,5.5322,1.35219
gen=0_training=327,0.078814,-4.2726,1.97236,-1.70882,8.67148,-0.140951,-3.30247,0.00154593,9.17802,0.683737,0.431248,6.47563,-4.63215,0.62345,1.75911,2.50625,8.00323,4.74541,6.42167,7.55614
gen=0_training=328,1.70222,1.13887,-3.3984,7.58356,1.02997,-3.85058,0.625376,4.84302,7.4204,4.78443,-2.54294,-2.6954,3.20055,2.81904,7.34429,9.09049,-0.741264,7.47466,5.8346,3.27625
gen=0_training=329,0.42856,0.201687,8.0585,6.00634,2.55874,3.16271,-4.5352,-4.74346,1.77157,9.35543,0.356604,-0.689677,2.83807,9.83888,-2.82496,-2.20584,-3.33403,-2.7051,9.92124,4.68538
gen=0_training=330,-0.303656,-1.91437,-2.29188,7.24198,8.58117,3.75552,1.29499,-2.09302,4.22442,2.68679,8.78694,4.99575,2.58437,4.21009,-0.179843,8.76518,-3.57445,2.28602,-0.926874,7.82974
gen=0_training=331,-4.82707,6.22444,6.63518,5.31953,-1.14733,-1.70387,4.8945,8.21046,-1.84305,-3.34861,-4.92813,6.42175,9.88449,3.55313,2.19169,-2.18571,5.18023,7.90437,-3.08743,2.2377
gen=0_training=332,-3.30951,9.25614,0.837963,7.3979,-0.178376,6.14217,6.91031,-1.92522,6.23777,-1.49559,-4.17704,0.0582005,-3.61068,-3.6816,0.462887,4.59552,2.38023,3.93891,-2.86547,-1.44863
gen=0_training=333,-4.94683,4.88889,6.66353,9.13556,-3.24304,-3.82591,4.96776,3.46968,-3.54955,3.77177,7.52671,-2.27818,-2.3707,1.41332,2.55772,-2.61249,0.184083,4.6102,-3.97371,1.74506
gen=0_training=334,8.43247,-1.70574,-0.823655,5.6625,1.48146,-0.303856,4.42346,4.4768,2.04586,-1.0962,5.04731,6.66285,6.2286,0.920434,6.4748,5.86282,3.58837,2.8289,2.97838,1.55257
gen=0_training=335,-0.421516,-3.40058,8.55224,-4.7687,0.151396,-2.32424,2.59346,7.80117,3.06458,1.9402,9.06194,5.33988,2.85937,9.3487,2.45367,-0.914158,6.19518,-4.80699,1.84073,8.30901
gen=0_training=336,1.60541,-2.18716,8.87122,-1.87886,6.33738,-3.70283,3.30129,-0.0476427,-1.05842,-4.75567,-0.213075,-2.10163,0.988963,7.70383,-3.37854,8.20214,6.30102,-4.34945,5.91457,-1.78668
gen=0_training=337,2.29574,2.58942,-3.79606,-0.80988,-3.09868,8.91547,-2.00438,-4.77529,-2.54159,4.40878,2.66211,5.10946,8.36914,8.59696,8.21811,7.65385,0.415082,2.19175,-0.758474,2.9279
gen=0_training=338,-2.63646,7.44251,-4.52209,-3.14671,-3.19938,8.48063,6.94261,0.647916,-1.60794,0.498948,1.13686,-1.03094,6.65813,3.42523,2.32846,-3.03076,0.225803,-4.1028,4.45782,1.25185
gen=0_training=339,-3.48983,9.57478,1.35001,6.90771,6.80943,1.46843,6.36376,5.52336,2.91345,-0.56312,0.656544,6.16324,7.2147,0.606518,1.73128,0.0465214,-0.419351,7.38114,-4.46712,4.76565
gen=0_training=340,8.51216,7.99534,-0.169358,2.65515,3.09052,-0.204374,1.83808,6.05943,-0.0729496,2.88372,7.54359,9.95517,-3.97296,2.97148,4.78559,-4.09633,-4.64867,4.29408,5.23033,2.71277
gen=0_training=341,-1.67191,1.67062,4.46481,6.93609,-1.35092,-4.17238,6.88414,-3.60483,4.37356,-0.548103,9.55204,-2.07575,-2.6691,-3.23792,0.275153,5.90556,-2.49718,1.064,-2.75131,-0.043721
gen=0_training=342,3.02674,-1.03259,-0.468271,-4.91057,0.93464,3.22706,-3.69448,8.72932,2.24816,4.45123,-0.585568,-3.44695,1.96917,9.81708,7.32932,4.24101,7.26396,2.84755,1.3815,-2.24621
gen=0_training=343,8.86832,4.03802,-0.219347,0.877158,-0.521433,-3.6672,-2.92043,5.95103,7.19167,2.01959,-1.31585,-0.696836,9.65178,4.82182,7.89364,8.97046,0.276474,5.90795,7.95538,-4.76474
gen=0_training=344,-4.71833,-1.6357,6.67394,-2.40894,-0.0789851,0.513268,3.76469,-2.41089,-2.06566,3.37431,4.43589,1.7951,8.02473,0.903394,6.61765,1.1786,4.1938,0.935983,3.37835,-1.8893
gen=0_training=345,-1.55404,5.37666,-0.657658,1.41955,8.00015,0.68171,-0.781529,6.50934,4.25464,2.59195,-4.73909,-0.214796,-0.452572,4.42416,-3.41035,5.32084,6.61751,-4.43339,0.235224,2.82903
gen=0_training=346,-1.99532,-2.56832,-1.24017,3.00013,-2.84441,5.84717,9.24512,2.43001,-3.84615,-2.62378,7.99256,-2.74517,4.81851,-3.2458,9.90029,4.54757,0.719317,-2.37748,8.16877,8.2437
gen=0_training=347,5.95752,8.19132,-3.86248,-0.115014,-4.97886,8.36262,9.87234,2.0909,-1.29133,-3.97768,1.84774,5.59332,3.80141,3.01626,0.741156,2.85155,-0.097366,0.897941,-1.38595,-1.93421
gen=0_training=348,-2.98145,2.39529,5.12039,-2.2704,4.68644,5.59564,-1.66742,-1.86659,3.47027,9.37664,0.0709621,9.08306,4.87562,-4.77941,0.161899,0.926797,9.17046,1.69664,6.57553,5.6645
gen=0_training=349,0.6136,6.55118,-3.35933,-3.33599,-1.82807,-1.07161,8.09258,-2.8522,-0.130604,3.69658,-2.22896,-1.9234,3.96313,4.41413,1.5622,9.48848,-4.14479,6.72245,9.48934,-4.61972
gen=0_training=350,4.29999,-4.42571,6.57231,4.72118,1.06693,0.825347,3.8364,4.03317,-2.42303,-2.75327,-3.43945,8.49426,7.66812,7.81147,3.26754,0.666004,8.22353,7.07753,5.51655,4.34813
gen=0_training=351,-4.29307,2.90202,9.10195,5.62909,0.908271,3.62813,6.04833,7.82589,5.27962,5.53954,-0.218542,3.77894,5.30037,9.66856,-1.53373,-2.90878,4.2751,4.94752,-4.43846,9.52949
gen=0_training=352,-0.558532,8.98022,3.44286,8.12945,4.0577,3.50742,3.19685,-0.353093,-4.54682,2.12748,3.24235,-1.1949,1.17423,8.66408,7.17955,3.11074,-2.65832,7.04347,3.40888,-4.48406
gen=0_training=353,7.2929,-4.32463,-1.51859,3.7592,1.29888,9.35992,5.18082,-2.25634,9.021,8.31022,3.78055,-0.244009,-4.97046,-2.44104,5.60266,-1.26227,3.51182,2.60547,-2.26332,7.2404
gen=0_training=354,-2.07891,1.50089,9.76615,2.10009,-4.73394,9.25513,4.16522,9.86035,2.56082,3.09359,-4.59427,3.65197,3.35141,3.51645,-2.62933,1.34001,9.6684,-4.73301,1.68646,-0.0173909
gen=0_training=355,-2.37164,-4.44886,6.19078,6.97934,3.34956,1.67529,3.67699,7.2488,7.78998,3.28326,2.01061,7.6499,9.505,2.94402,5.79729,0.483957,-2.44127,5.07207,4.47366,3.02174
gen=0_training=356,-3.27779,3.94441,-4.94284,7.85889,5.59951,8.55139,-1.89544,4.92532,-1.72195,4.67828,0.353342,9.3693,6.33983,-2.27461,4.23875,-2.93628,2.40721,4.2819,-3.76245,-3.98258
gen=0_training=357,0.987778,-2.17933,-3.69857,3.48802,1.05551,0.473932,0.337098,9.27906,7.25432,-1.90245,9.33318,3.73566,8.44473,8.01948,9.58295,0.778027,2.15493,6.41698,-1.10622,1.73042
gen=0_training=358,-4.73251,8.03479,8.45711,3.43857,8.52877,1.76016,3.38949,5.48461,-0.821647,2.79089,5.8556,1.73321,1.28346,8.61848,2.86823,-2.40985,-1.69565,5.57397,-1.42875,9.71985
gen=0_training=359,8.8874,-2.79734,5.52374,4.44542,3.57354,4.23386,6.5998,7.70844,5.03289,0.271797,9.51719,9.19183,-1.47629,-1.27746,-4.64604,-0.255945,6.72633,4.89992,-1.97889,9.93394
gen=0_training=360,7.0006,-2.40623,-2.57529,-2.98407,9.91003,7.03152,-4.67787,-0.737171,-0.497368,7.17068,3.5964,0.315959,6.73388,7.61442,-3.85984,-1.2822,5.91855,2.68656,2.70425,-1.50026
gen=0_training=361,8.83727,-4.73727,8.73542,4.8886,7.80732,-4.86797,1.19203,8.0781,8.98164,-4.23482,6.58659,8.98755,-4.35604,-0.121499,4.001,-2.53336,2.84182,5.84263,-1.26194,-3.47785
gen=0_training=362,-1.88819,8.66176,-0.605363,-4.18485,7.48624,2.52761,5.66541,8.80621,7.5256,2.74946,2.08221,-3.3649,-1.99861,-0.640811,7.62695,1.73306,-2.92965,7.6233,-1.80628,5.98629
gen=0_training=363,8.41932,1.45346,4.34706,-3.88,3.17526,-0.994915,-0.313908,7.63054,6.57764,7.65794,-4.46203,0.26069,-1.75238,-1.70296,5.62187,9.44777,0.492458,-4.3641,-3.29083,-3.11071
gen=0_training=364,-2.81444,2.25313,2.74282,0.189241,1.31338,-1.29479,8.10888,1.82243,3.70396,-3.08049,7.92238,-3.56272,-4.47529,2.4529,-3.2773,-3.94196,0.998728,-1.97697,4.24171,8.10757
gen=0_training=365,4.70027,-3.24011,5.38063,6.69597,7.4448,5.17034,5.78675,-4.42308,6.19102,-2.02387,-2.31499,4.54578,-3.11656,4.58128,-3.77046,2.4652,0.541954,-3.08714,5.07648,7.08414
gen=0_training=366,-1.6659,8.3062,0.813605,-4.70506,3.00908,0.722023,-1.09925,7.44178,-1.5278,5.57825,-2.12111,-1.09352,-0.926265,-3.08729,1.30648,-1.94602,9.41271,8.09226,3.35196,5.62185
gen=0_training=367,5.40106,5.21894,3.11912,-1.10473,-1.91933,5.4101,-3.54956,9.401,1.32505,-0.682657,8.28742,8.63625,0.479597,4.10984,6.13613,-1.79751,5.93052,-3.75122,8.14335,3.11979
gen=0_training=368,2.88059,-0.471494,-3.68711,-4.3191,-4.99746,9.61762,-1.62655,7.11346,-0.205273,6.85738,-1.99095,5.35886,9.68098,-2.60773,5.24752,-3.36027,4.86476,0.410591,-1.72493,0.314374
gen=0_training=369,1.25518,-0.878287,8.45282,4.96994,1.03288,-2.98308,-4.95418,-4.55013,-2.87465,3.42211,-2.74613,3.49527,8.40137,3.43888,3.77825,5.51723,5.82762,8.12001,2.9453,-4.68726
gen=0_training=370,-1.56579,3.82682,6.28355,-1.2365,-3.72702,8.33051,0.940435,4.55048,8.81802,0.21799,6.64545,2.77413,3.72875,2.41926,-1.11221,2.32372,5.3072,9.73841,2.75568,8.46731
gen=0_training=371,4.33956,3.0016,-0.692062,-1.97783,2.8509,6.07725,-4.92196,3.59798,7.16063,-4.85091,-4.30924,9.34936,5.32431,-0.693785,-4.79542,-2.79767,-0.32406,-1.56599,5.32801,6.14042
gen=0_training=372,9.77383,-2.99989,-4.43788,6.74911,1.36029,1.13099,7.8465,1.4569,0.128218,4.12884,7.63598,0.599081,-3.69575,-3.0766,8.43546,2.98128,1.30869,-2.19735,5.14756,9.12877
gen=0_training=373,-4.99177,8.62427,-4.7806,-2.77199,2.97235,9.64616,1.15776,0.621464,6.97355,-3.29891,4.23296,-2.04898,-2.48844,5.10407,-4.81394,0.646463,-4.85406,5.16077,4.99908,9.60756
gen=0_training=374,-1.17644,9.8754,4.90028,1.04399,-0.767277,-3.962,-1.81698,9.23914,2.77604,0.0628117,4.53574,-2.56423,7.1368,2.57746,5.91279,-3.64353,1.09628,-3.68887,4.50532,9.85493
gen=0_training=375,6.62384,-0.197608,2.02353,3.46255,-2.28177,7.90591,-2.90788,7.04209,8.41442,8.44395,8.83296,3.04311,8.93392,1.81661,4.71422,-0.0666111,-4.88088,-2.98614,-2.10511,7.41021
gen=0_training=376,-1.45439,-2.49605,5.22238,5.88599,8.75929,1.07241,-2.93193,1.98029,4.09765,-0.813473,3.09432,-4.08205,0.249126,2.39302,-3.5174,9.69552,1.11713,-0.591503,1.93412,-2.20191
gen=0_training=377,8.453,2.2902,3.17523,8.02622,-4.75058,4.4572,0.161796,5.93026,2.75741,-1.14522,-2.27191,-4.59043,-0.409633,2.17256,8.07843,-2.76955,7.5063,9.81194,8.25106,-0.370697
gen=0_training=378,-0.486402,-1.49636,9.54366,3.97501,-4.38052,2.45446,4.15488,-2.88052,6.52891,7.48429,0.139345,-1.52393,9.10974,9.19953,0.340766,8.0236,2.04541,-2.88427,-3.01869,1.18752
gen=0_training=379,0.249392,-2.47398,4.2268,-4.81095,-2.05661,6.68156,-3.19912,2.00948,5.24465,0.944164,-1.62343,0.887101,8.41554,1.61381,6.90856,1.00771,-4.22898,-0.201861,4.75814,1.41503
gen=0_training=380,-3.0701,2.71509,-0.100512,8.97232,7.96716,4.05128,-1.46445,4.56562,5.42165,8.99021,5.29442,4.80227,-2.69779,9.12275,2.73349,9.93192,1.98094,5.97254,3.0015,-1.58268
gen=0_training=381,-1.11062,2.42942,-2.34836,-3.02185,-4.34661,7.26883,-1.53088,-4.00602,-2.12564,-1.54014,-3.5053,0.821104,-1.52058,9.76524,8.88634,-3.7837,1.96536,7.82129,0.518444,2.5305
gen=0_training=382,3.99969,1.95973,9.03826,-2.04995,4.6449,-3.34595,-4.98936,1.44711,-0.542828,-0.899118,0.330831,-2.80688,7.98299,-1.94645,1.28346,-0.355145,9.34339,7.33931,3.7586,5.34963
gen=0_training=383,-4.54603,9.92937,-2.91746,-1.01283,8.53637,6.36165,0.393963,-3.1529,5.31364,-3.91086,0.288622,6.8107,3.04233,5.52634,4.21897,3.35442,1.42606,6.47634,3.96582,4.63015
gen=0_training=384,6.17622,7.81267,5.93255,7.21587,-1.03009,3.14044,-4.70033,7.8534,-4.11995,7.08791,3.27109,-4.52658,6.96707,-0.993302,-2.06131,8.10802,-2.94929,7.79058,3.154,3.09959
gen=0_training=385,3.28663,8.05706,-2.73263,3.38263,-3.29275,-3.6611,6.24344,-0.334786,8.34462,5.30627,3.194,-4.11892,-3.07947,-2.6923,-3.12078,5.55993,-0.640665,9.31156,4.74392,-0.382176
gen=0_training=386,4.82289,9.41107,5.23852,7.78436,4.80616,3.7082,-2.37663,-1.07502,2.80811,7.79361,5.79563,-0.130416,8.81796,4.72314,3.57767,-0.434117,-1.35148,5.47952,-3.58901,-4.35345
gen=0_training=387,9.99516,1.2995,5.69626,-3.22057,8.62088,9.46739,1.93967,3.63088,7.7299,7.02759,8.25831,6.12948,-0.345585,0.819859,-3.58092,7.35782,1.05102,7.89402,-4.621,-3.36128
gen=0_training=388,7.86225,-1.84961,-2.93875,0.715303,-2.31409,1.6327,5.37863,7.02188,-4.43307,9.95284,-3.88126,0.150441,2.00481,8.34901,-0.972878,2.17635,5.09228,4.72425,0.3659,2.9559
gen=0_training=389,9.3472,6.5114,7.87678,-0.676931,2.96492,1.32532,4.36418,-3.04724,-2.9939,-0.752379,0.0119333,9.14351,0.181637,0.40635,-0.153444,-1.65642,-3.8891,2.58985,9.52296,2.70039
gen=0_training=390,-3.82556,6.10008,-4.91687,-4.71537,9.43149,5.42913,-2.82471,-1.10408,7.55063,-1.01738,3.45268,-1.22493,-0.651886,7.47434,-0.810811,-3.68128,4.66029,8.53334,9.29735,0.0663068
gen=0_training=391,2.5206,0.0336624,-2.13562,3.90231,0.790742,0.800864,8.32452,0.136147,4.94309,5.29039,7.48848,3.67067,4.1461,6.39431,-3.17986,5.85713,1.6555,-1.11989,-1.35216,9.16942
gen=0_training=392,1.96357,6.17401,-4.97681,-0.637766,-4.56843,1.93908,-2.27527,5.53304,0.677683,-4.71127,4.01683,8.97694,9.08559,-3.39694,7.71304,-1.87911,6.99538,2.6202,5.19422,-1.34654
gen=0_training=393,3.62428,3.86231,7.69846,0.472294,9.47678,-0.638985,-2.41152,3.73218,5.34894,-4.97021,2.16026,2.89615,-4.02416,-1.98731,2.27771,8.31882,3.20974,-1.21369,7.98284,5.94646
gen=0_training=394,5.5765,-2.35686,-2.52288,1.2618,4.28332,0.207893,-1.78706,4.90906,0.939112,-1.48961,9.37186,6.10508,7.38538,-1.53182,6.10998,-1.68783,-0.504088,-3.03124,-2.53408,1.99685
gen=0_training=395,1.78374,1.92342,-0.535301,5.52819,7.74613,2.67864,8.26643,0.44494,7.94216,2.37772,2.35009,5.11642,2.46451,-1.56058,4.62432,-4.11228,-0.187469,-2.46077,0.443466,-1.2732
gen=0_training=396,0.802233,8.97172,6.13586,1.81108,0.751108,9.20141,6.33123,9.55418,9.69441,2.70647,-3.89682,6.55793,9.17466,1.21273,-1.35156,1.14479,-3.96176,-0.802945,8.02108,0.464289
gen=0_training=397,1.89823,7.07201,2.87996,5.63611,6.36909,3.42455,1.74777,0.899616,4.99175,-3.71369,1.34886,4.75924,9.74364,3.53782,0.709321,-2.71911,1.57401,1.47747,8.07985,7.34874
gen=0_training=398,0.0438913,-2.98772,6.09233,9.82401,-1.41139,0.342513,4.81061,-2.56999,8.27567,4.3336,-4.05321,5.19499,2.50425,-4.29546,0.48692,5.99022,6.66167,0.782945,1.02216,-4.82951
gen=0_training=399,8.78136,8.35549,9.443,-4.02561,7.15555,1.02046,0.442182,0.0309434,2.05347,9.96467,6.32423,-4.7069,3.54365,-0.446478,1.15084,1.39376,7.43192,4.20563,4.93411,-4.24979
gen=0_training=400,1.5806,4.96722,0.0431382,0.734155,6.01594,9.94273,0.732801,7.16947,7.30526,2.64149,1.98991,-3.9016,8.31764,8.71232,0.95093,5.07971,-4.98304,-4.92823,1.1303,7.8605
gen=0_training=401,5.36301,-2.93049,-1.29343,2.55133,9.35705,3.82075,7.2611,8.12855,1.29723,0.0173978,1.89172,-2.85534,4.75237,9.53835,7.58338,0.852248,-3.70383,3.82409,1.77561,-2.17021
gen=0_training=402,5.82891,-3.85874,2.99004,1.46762,-3.64149,6.26789,7.38964,8.62812,-2.20728,5.71555,3.73467,5.43213,-3.2495,-2.55692,-0.924743,0.10573,6.39044,9.44383,7.3901,8.3333
gen=0_training=403,7.8721,6.28044,9.97751,2.38795,5.47011,8.13698,5.64753,-3.20723,-3.3886,0.535446,3.4826,7.72956,6.07142,-3.37794,6.70799,5.83481,9.07098,-3.16577,-2.7161,6.86315
gen=0_training=404,0.500863,-2.08843,-1.68114,9.73486,-2.03464,4.93037,0.650429,5.74109,3.73218,2.75944,7.4621,6.86588,8.7875,7.89966,-0.0733132,6.47704,7.21754,3.39616,5.85035,-2.34765
gen=0_training=405,-0.754801,-1.95775,7.50276,-0.574011,3.62238,4.28336,0.890679,1.26712,4.74574,5.75199,9.49186,3.1699,-2.30528,3.52815,-2.09737,3.47361,0.439178,-1.18997,-0.778641,4.8421
gen=0_training=406,8.78972,6.19538,1.7263,7.37917,8.64426,5.12749,-1.60779,-3.94301,-3.44007,-3.8709,0.710431,-3.99392,-1.90048,7.17441,3.79308,6.07782,8.20152,-0.519571,-4.74572,-1.38953
gen=0_training=407,2.16952,-1.66897,2.43623,2.54279,2.45407,8.7857,7.87425,3.02102,3.54341,6.79459,9.59468,-1.83791,9.81285,-0.257231,3.61312,9.88495,-2.5609,8.57709,9.96613,4.07993
gen=0_training=408,3.32041,3.63275,-4.54542,7.70233,2.25791,-1.90434,-0.696659,-4.67393,5.90325,-1.64256,-0.469003,0.872295,4.25578,6.20448,7.5187,-1.5139,-0.135916,2.35051,0.294993,6.65265
gen=0_training=409,2.60573,1.1571,4.26152,2.36174,2.76866,-2.89273,4.21542,4.00513,-3.91704,-2.88603,-3.82842,-2.68904,7.91839,6.93371,0.383101,0.229756,0.811108,5.57993,4.53061,9.89193
gen=0_training=410,-2.75002,-1.09202,9.33477,-2.13474,-1.32767,6.22486,4.33916,2.30515,-1.59094,-1.70588,0.0409099,-0.165937,0.642151,2.95439,0.00613037,5.2631,8.76211,0.856454,-3.62475,4.29821
gen=0_training=411,8.34799,4.79748,-3.65812,5.36791,1.57708,2.94218,4.4623,8.76549,0.790951,8.84667,-0.388646,6.78454,5.69017,-2.2373,-3.30928,7.68888,3.32964,5.71041,-2.27367,5.3222
gen=0_training=412,5.45529,-2.33979,-0.0553831,9.27691,-1.42172,-3.63429,2.77343,3.2769,-4.88793,3.19532,6.62415,-1.26071,1.5552,0.768432,7.95344,9.75714,-0.474882,-0.125478,-0.279422,4.43981
gen=0_training=413,3.09923,0.662458,2.1132,0.914003,1.98655,2.19305,-0.788145,-3.83795,8.21017,7.06226,-3.20289,-0.323537,5.72516,3.33434,1.93436,5.10898,-2.00027,3.08594,-3.31404,7.46101
gen=0_training=414,-1.4062,-2.67197,1.42446,9.32868,8.19881,0.400776,-1.12126,-3.70234,3.04652,7.4117,0.189331,9.33255,0.311606,-4.70699,-2.5024,-3.21502,-4.79164,9.67517,5.08993,5.95609
gen=0_training=415,7.49092,-0.827728,-1.0104,-3.7132,-3.57194,-3.64394,1.41516,6.66766,7.04139,9.45077,-3.49868,3.18173,9.2466,-0.0422084,1.58142,-0.308673,7.35752,4.54717,5.58058,0.234252
gen=0_training=416,5.17166,3.735,3.22775,-0.472216,0.283339,-0.473976,4.76007,7.25657,7.61859,8.24689,0.067431,-4.82462,8.18905,4.92485,9.11459,0.460367,-1.97708,-4.65116,2.89697,5.2647
gen=0_training=417,8.93825,5.4285,0.410196,-3.20464,3.27375,-1.08567,0.0933108,8.6621,0.20719,-2.64446,3.038,6.27782,8.22272,0.565211,-1.98955,1.90202,9.01438,-4.45299,-1.20882,0.0201644
gen=0_training=418,4.90636,6.07092,9.58649,-4.50689,2.75403,0.958772,1.56909,-1.76169,-4.40384,-3.60416,7.13431,3.54435,7.75024,4.84858,9.60844,-4.99867,7.8287,-2.67832,6.36916,3.07921
gen=0_training=419,-1.7552,2.5081,0.824412,-2.36121,0.96706,-0.737765,4.32138,8.09434,-4.02716,3.51879,9.39958,4.081,6.65382,-2.8562,-4.99295,2.20527,-4.84323,2.29155,-1.1513,6.14514
gen=0_training=420,-4.09762,3.12866,-2.37012,-4.04065,7.13617,-2.13981,-3.50771,-0.911056,-0.0198643,9.53789,9.91899,-2.02324,-3.68062,-3.61634,7.16322,5.61573,9.84444,-2.81647,3.04735,6.22364
gen=0_training=421,6.04416,7.6083,0.897556,5.06762,-3.75507,2.24358,1.36478,2.16254,4.12678,-0.0854035,0.415161,5.74122,-3.42221,5.17264,-2.74211,-0.295644,-2.05237,8.2389,-0.521892,2.98354
gen=0_training=422,0.560494,8.70449,2.22244,0.141669,-2.4803,9.40458,-3.11315,1.89351,3.38731,9.9746,2.21405,-0.62847,4.67467,2.83594,-1.06782,-3.76726,4.08258,1.48283,0.0498895,-3.49545
gen=0_training=423,1.45362,8.4071,-0.318655,-4.65276,4.84252,-1.45274,7.04175,1.02765,9.62891,-1.25337,0.471258,-0.826112,3.88815,3.17832,2.56555,-1.938,-0.399099,1.94633,0.927153,8.14652
gen=0_training=424,-4.90344,-0.212455,3.80157,8.60939,-1.02171,5.5293,-2.28618,-4.62716,8.45228,-3.23276,-2.42576,-2.98493,0.522238,-2.10652,3.06808,-0.145908,-2.38641,6.60848,5.35434,4.02667
gen=0_training=425,2.08951,-1.25814,-4.4938,-3.65059,8.04441,7.59106,4.2016,-4.46164,9.59192,2.44662,9.75838,0.627167,-2.98979,2.01753,-3.61625,2.73762,0.301292,3.31807,-2.36206,4.2319
gen=0_training=426,3.48884,-2.83547,1.98662,-1.89784,0.553688,-1.79247,7.54118,-1.57763,-2.4524,-2.07365,-1.96234,2.76088,2.21202,5.08611,-0.086159,-0.44312,-4.61674,1.63804,4.81236,-4.33498
gen=0_training=427,8.27193,-4.75535,3.48147,-2.46705,0.176603,-1.40451,-0.686111,-1.43692,-0.940668,6.22848,-3.92707,9.50808,4.64315,-0.893675,0.526493,9.43775,6.82783,8.0723,-2.49289,-1.70165
gen=0_training=428,-1.97455,-4.92651,3.23672,-4.47817,7.95202,0.779882,-2.71272,0.427499,1.49481,-0.972271,5.3872,-4.457,4.8332,6.22668,1.86773,-3.19399,-3.79141,9.42559,-3.42192,-2.97434
gen=0_training=429,7.7256,-4.25261,-0.208672,9.2575,2.0553,1.80723,6.22733,2.72937,5.80378,2.07006,-3.36991,5.60981,8.29516,8.38304,6.58324,-2.73061,4.48361,7.99587,6.14429,-1.57702
gen=0_training=430,0.30265,-3.36877,9.69502,0.500609,-2.59057,8.31163,-3.80975,0.878969,6.56376,6.405,9.17395,-0.0360061,3.12812,3.899,-1.08346,2.52368,6.69561,7.10534,9.02075,0.49645
gen=0_training=431,-4.49647,-3.89169,-3.9967,-3.24845,5.02021,2.85017,-2.34114,7.97073,5.71931,0.465365,9.42818,-1.65228,6.24393,0.644007,5.05502,-4.01826,-3.52426,4.01405,7.04394,1.43357
gen=0_training=432,-2.4896,-0.439585,2.73513,2.15619,-0.234947,-0.123946,2.24735,0.732256,4.26991,7.35114,9.47811,-4.13025,0.782805,-2.1873,-4.75786,6.80504,8.41874,7.20025,-4.55723,0.267554
gen=0_training=433,1.73453,8.44801,7.17781,2.45874,7.82503,9.9613,-3.71706,4.30719,6.81079,8.47257,5.10879,2.48058,0.0555582,1.96311,0.411282,7.06093,-4.21764,9.89772,7.29421,4.99587
gen=0_training=434,4.32582,0.343581,2.83212,-3.08365,7.93234,6.04681,-0.659226,1.43138,8.67071,5.17737,0.627712,-1.79851,1.89965,-2.49626,1.70043,-4.07637,-0.625111,8.37823,0.679458,8.77398
gen=0_training=435,0.318043,-4.77725,6.86288,8.33656,9.09574,7.56487,-2.24212,-2.48855,1.8711,4.88598,8.65066,5.92054,-1.21571,-1.60881,4.04439,6.71774,7.51394,-2.04925,2.29309,9.32144
gen=0_training=436,-3.7315,3.97878,1.88095,9.82,-4.52586,-4.55135,1.51354,6.42599,3.80201,-1.52823,-1.03519,-4.1483,-3.76073,8.86408,4.35691,3.31808,-3.1962,-1.41188,3.99446,7.11523
gen=0_training=437,8.00885,3.44492,-2.08538,8.82853,4.86604,-3.83428,2.07527,4.77286,3.03866,7.51759,8.15516,9.71252,3.65184,1.8723,7.40692,1.83013,4.60343,8.30158,9.89242,7.93733
gen=0_training=438,-4.88162,8.79793,3.04464,8.81054,2.94276,5.20109,0.126535,6.70206,1.60284,9.44016,-2.02831,-1.74428,0.708847,-0.0868696,6.4167,-4.88334,0.469539,1.29898,4.71199,5.39612
gen=0_training=439,6.43667,2.03967,3.59926,9.86852,4.34495,1.11911,4.37991,4.33454,2.20033,-4.3829,5.44524,-1.15696,-0.182606,-1.31179,0.131646,4.03679,5.74691,2.92769,9.98537,-0.449578
gen=0_training=440,9.13103,-3.0648,4.19782,1.23918,3.78943,9.03247,1.01063,-3.57741,4.86477,0.703571,8.09293,-1.38571,9.18948,-3.90052,4.5417,0.134501,4.2156,-0.455492,-1.16064,-2.71103
gen=0_training=441,-2.5782,3.90531,9.08955,7.65572,1.0755,8.43023,8.51757,8.43626,6.86497,6.82527,4.71742,-1.58188,-4.23122,9.51973,2.82113,7.95153,2.90814,-4.89558,0.135281,2.07424
gen=0_training=442,-4.43575,-4.00768,-0.187955,-0.687839,-1.90272,-2.11479,-4.37425,5.30058,-2.69603,2.15166,-4.9213,-2.82678,-2.54842,-2.52355,0.0558718,-0.1768,4.39107,2.91348,-4.94883,2.62688
gen=0_training=443,-1.25768,9.33085,6.54583,2.27206,3.54232,-3.88213,-2.73502,-0.543608,5.21413,4.15136,1.65229,6.09346,1.51436,-4.85238,1.78166,1.28672,5.55947,6.58689,3.08631,-1.17722
gen=0_training=444,1.75445,-0.838793,-2.90857,6.23638,-2.02773,7.3881,-1.01326,-3.43716,-0.72586,4.19959,4.33156,5.64554,1.15857,7.03177,-4.28927,-3.34236,-4.55844,3.76504,6.95493,8.95236
gen=0_training=445,3.51885,2.87428,-0.275083,0.0650663,-3.81054,6.43353,4.41992,3.55488,-1.40561,3.70791,6.88789,0.346604,-0.707118,6.36233,2.72348,0.369226,-3.58127,3.47718,4.25851,5.5871
gen=0_training=446,6.27324,9.0822,4.00264,-2.82527,-1.93393,5.9453,7.15827,2.87613,3.74893,9.83222,-1.89459,1.09018,6.01998,2.04469,1.91027,-4.51026,7.78544,1.35363,1.99496,8.87669
gen=0_training=447,5.74649,6.12715,9.02494,3.57705,0.540349,-1.50225,0.668776,9.01414,2.23841,0.335396,7.86813,8.31056,-0.542561,1.01197,-2.72211,4.83352,4.50894,8.64416,9.45977,-4.06416
gen=0_training=448,-2.40472,7.54692,5.83751,0.546031,8.92888,0.0178062,4.53315,9.28223,-0.979965,0.0271001,8.00511,-2.49083,-3.71373,-4.67016,7.72423,-2.12488,6.86461,7.95172,-4.04032,9.56217
gen=0_training=449,5.1348,-3.41284,7.32374,-4.06117,-3.75158,1.89675,0.14612,1.77662,-3.79565,4.922,8.24397,-4.68882,2.68035,-4.80719,-0.625391,1.32581,6.55351,1.13665,7.96757,-4.13025
gen=0_training=450,7.28118,3.46954,-2.75866,-3.0078,-4.70245,6.84252,0.604625,9.4914,7.59451,2.58936,4.11642,0.662654,2.2202,8.93138,0.982464,8.38668,9.709,2.21642,5.88059,8.04527
gen=0_training=451,3.7366,9.63421,7.1445,6.50931,0.126002,1.37417,0.0269222,1.63402,6.90109,5.80334,2.71177,-3.39157,8.57641,8.36313,6.31192,4.91301,8.79486,8.65746,3.79072,7.96201
gen=0_training=452,4.00262,6.66436,8.59298,-0.861108,7.23436,8.15407,2.20455,-4.35554,9.07596,-0.281052,-2.6067,3.96472,-2.24757,-4.89681,1.32629,4.5551,-2.85954,7.30632,-3.73955,-1.22864
gen=0_training=453,-2.69577,7.40435,-1.1568,6.20368,4.72506,7.29613,3.95415,-2.28569,1.17389,4.36446,1.83721,4.39077,7.16031,9.13303,-2.12656,-0.124254,-1.06446,8.43446,3.86422,7.26503
gen=0_training=454,1.85588,5.40197,1.19868,-0.595469,-0.839894,3.46193,3.26771,9.25134,-3.59164,9.98736,-3.34364,-2.75866,-0.00247633,-0.510798,3.10425,9.2937,-1.16286,0.0214546,4.77544,6.17294
gen=0_training=455,5.54628,-0.950027,-2.74843,-0.278679,1.65254,1.95824,-4.21785,-4.91614,-1.01147,6.38215,4.77497,4.88255,-3.50736,1.34295,-2.87839,8.65053,8.97953,-1.3436,-3.77082,3.05155
gen=0_training=456,6.12956,6.21863,-3.32421,5.10523,-1.30174,-3.48881,2.41,-4.60993,-1.65764,-4.06157,3.31927,5.1478,2.44386,6.16472,7.18468,1.2415,9.21432,-4.31961,-4.534,4.89396
gen=0_training=457,3.84862,6.00943,-4.74115,7.81631,-3.47578,4.76441,-1.1692,0.863672,-1.87233,1.9963,3.46616,-4.32172,4.85379,1.7705,4.50895,-4.63842,2.62565,8.03129,-0.545385,-3.05378
gen=0_training=458,-2.62389,4.49083,2.96987,-3.89871,-4.76905,-0.064231,7.09477,-3.01613,8.88079,-2.56434,0.239913,0.640049,0.21666,0.541884,2.15501,-1.30097,4.0408,3.95279,8.05957,-1.28377
gen=0_training=459,4.50283,8.12973,-3.64302,5.98063,-4.31011,9.48343,2.10256,7.46316,3.28641,1.11469,9.88019,4.49541,7.18928,-0.223184,5.63582,0.156389,-3.98034,4.50282,8.55835,1.87265
gen=0_training=460,7.78008,9.12597,8.27201,6.14194,2.61546,-4.47882,9.08945,-2.27046,3.91425,9.00038,-1.10151,7.82419,8.28094,6.10739,-2.19577,3.95938,6.10708,5.61686,5.89215,1.8599
gen=0_training=461,2.97014,-4.8437,6.93348,2.01488,0.712441,9.58929,3.99177,0.764602,1.84533,4.35542,8.96561,9.49243,5.63255,0.0749099,-3.9767,7.28798,2.71008,-4.71895,-3.74742,6.93281
gen=0_training=462,-1.00577,-4.09712,-2.61158,-1.77934,-2.63075,7.53599,2.30828,-3.48543,5.11775,-4.69438,7.82504,-2.92548,8.23199,-0.599108,-4.49889,7.66746,9.72104,-2.10115,-3.46657,1.17271
gen=0_training=463,6.75727,3.84171,5.98263,7.09543,1.59422,9.41948,-3.70289,-4.34156,7.49274,6.35345,0.30168,2.93345,-3.46166,7.23831,4.33238,6.56567,6.05385,9.13272,7.22971,7.8442
gen=0_training=464,2.80816,0.523814,-0.438723,9.59712,-1.07295,2.42758,3.07151,-1.74753,5.04067,5.43298,1.55235,8.34834,7.32414,6.35105,-2.44454,5.59287,0.0236086,-4.32806,-3.93193,-0.674305
gen=0_training=465,2.07914,-2.77101,-0.793932,2.72144,3.55964,-3.5846,5.92595,2.90102,8.58253,4.18199,-0.728507,0.753103,-2.09477,4.82794,6.40327,-0.726071,3.10155,-2.11531,-0.855316,-1.92249
gen=0_training=466,6.06287,-4.13291,5.91406,8.14491,-3.59245,5.96438,8.37081,2.54375,2.85353,6.51311,-2.53533,0.700636,0.37379,1.68096,-4.09911,5.18141,3.30878,7.28399,8.56535,-0.827486
gen=0_training=467,5.94047,-3.92317,8.88975,1.43605,4.65699,-1.69081,9.21937,-3.9795,2.73226,-2.16869,4.66233,2.96357,1.35327,-1.33263,3.46205,-0.803556,3.22216,-2.57197,8.04791,9.34751
gen=0_training=468,-2.95139,2.77797,7.79918,4.16393,5.90973,-4.4147,0.727493,-4.29369,2.52225,-3.421,-1.94556,-3.68701,9.97755,5.95979,1.65654,-3.10799,5.19467,2.86447,-0.322562,-3.19301
gen=0_training=469,1.54832,3.5187,-4.80356,-2.78999,6.51143,-2.56307,3.7586,7.73863,2.31913,3.47725,-4.37379,7.15897,-4.16185,7.6174,-3.92546,1.2272,-4.36203,-2.15316,5.99805,-1.1076
gen=0_training=470,7.11028,0.809763,1.15324,4.54462,-2.82595,-4.52217,7.58461,1.54272,5.99746,1.50021,-4.14273,3.4378,2.38724,5.42785,-3.26443,-2.86569,-1.37132,-4.91862,-0.511307,-1.66631
gen=0_training=471,0.136898,-1.30778,3.34566,7.87065,-3.44322,9.06189,8.03511,-1.95517,4.42378,-4.81141,8.82307,9.89634,-1.73187,8.28646,-0.106434,7.02622,3.43621,-1.38711,1.62531,3.39412
gen=0_training=472,5.6734,3.16495,6.96944,-3.81349,-1.70794,5.38633,-0.139266,-4.20132,1.20892,-0.460021,3.5915,1.08433,9.69951,4.9876,4.58842,7.4326,3.93886,9.7675,-4.84865,-4.81906
gen=0_training=473,6.13006,9.03726,9.06441,0.0272309,9.01796,9.2956,8.9067,9.84943,-2.27234,-0.858878,5.18458,-3.08622,5.04357,-4.05182,-4.34526,8.17714,9.96495,-2.43062,7.22067,3.24702
gen=0_training=474,7.46673,0.0740198,5.42046,-2.91827,2.84171,6.99997,7.99236,-2.38389,1.67013,-3.74047,-2.47684,0.212953,1.44825,2.79931,9.22626,1.64282,-2.81486,-0.436678,7.43813,6.31273
gen=0_training=475,-3.96743,-0.918123,-2.7187,6.82791,2.80093,5.02981,0.472108,-4.32441,-0.912105,6.73499,-1.12807,6.85546,6.34252,-0.924551,-0.0533815,-3.37594,8.66356,-1.33477,4.88765,9.54055
gen=0_training=476,1.62743,6.9633,7.55375,8.91355,-0.397094,-1.04329,-1.70675,7.86648,-0.349269,5.56278,4.43075,4.10441,6.36824,0.980787,5.13746,5.4605,2.50186,-3.84562,7.71985,-4.11262
gen=0_training=477,-0.833012,6.65316,-3.27444,-0.0956659,-2.85687,3.67051,7.66274,4.05863,9.27863,3.93823,-3.12758,8.132,-0.7956,7.26378,1.06489,-1.72406,-4.28218,-0.0896278,3.98043,6.27307
gen=0_training=478,6.29396,8.14751,8.52123,5.81434,3.48674,-3.37558,3.80148,9.98963,7.09026,9.1857,-2.44952,-3.96773,2.42659,0.485142,1.4206,-3.07662,8.85291,-1.19037,-3.12448,3.17009
gen=0_training=479,6.88895,-0.931595,-0.638309,1.97859,7.75163,2.05565,-4.90419,6.15119,6.20707,2.98564,-0.549261,4.77076,7.87485,9.92175,-3.49536,7.40825,8.86568,-2.26935,4.43461,2.97823
gen=0_training=480,5.20608,2.57451,1.29198,7.80679,-3.15669,9.09003,-3.95537,-3.54563,-2.53189,-3.64275,4.88375,6.92779,9.07116,-0.533571,-3.69414,6.38726,6.36647,3.73769,2.61708,6.88312
gen=0_training=481,-0.644471,-0.968588,-1.58331,-3.52766,2.34097,-2.49034,-3.87094,-2.95019,9.97624,-2.18702,-1.48514,-4.99641,6.7188,-2.96581,-1.55679,4.35859,6.70432,1.6517,0.62789,6.34839
gen=0_training=482,-4.64329,9.67985,-4.39567,5.09351,-0.307004,-1.73198,-4.88393,4.16172,9.90865,7.79969,8.5631,2.05815,-4.04272,1.25296,-0.00814766,8.29884,-4.90258,-3.86695,3.03301,-3.09373
gen=0_training=483,8.38673,-0.58553,9.85064,2.29088,8.36679,-0.652158,4.00735,8.92838,6.07999,-3.50314,4.78707,3.99749,1.81347,0.194224,7.13841,2.80681,9.51458,-0.949982,-3.80475,5.92371
gen=0_training=484,-1.76362,-4.23772,3.59273,8.18166,7.30835,1.4557,6.85403,-1.65249,7.65943,-4.44438,9.21375,8.74829,6.0362,-4.5345,-2.83968,-0.474825,-2.84291,3.80477,2.78986,0.0857604
gen=0_training=485,8.40352,3.81373,2.82343,-1.99482,9.97599,6.37675,9.12353,0.11441,0.203114,6.49534,-2.22377,5.01454,3.69516,0.396163,4.63916,-3.74927,-4.05404,5.93239,4.27908,1.70104
gen=0_training=486,6.66241,-3.07268,9.65114,-2.48457,6.52275,6.38531,-2.45896,8.96712,7.88208,8.73935,3.18455,9.21072,-4.49208,5.61324,1.22622,7.74102,5.90142,-3.99568,5.94986,-1.36803
gen=0_training=487,5.62098,-0.605874,7.96875,-4.56292,8.42204,-4.80547,3.20599,-0.18289,6.7922,4.29638,1.66164,-4.41741,-1.18019,1.86696,5.33379,2.64271,-3.85618,-2.35018,6.8697,2.83104
gen=0_training=488,-1.54619,2.65042,9.82975,-4.88662,-4.43976,6.15831,9.78258,0.934335,-2.89048,5.03868,4.21686,6.7111,3.83008,5.54536,1.05887,6.76286,8.01753,-3.14486,2.41718,-4.08622
gen=0_training=489,5.16305,5.57932,0.742558,-3.1794,5.32585,3.4435,6.8281,-2.03534,4.47835,9.21255,-4.66147,-1.70953,3.7338,0.107515,-2.92259,3.27451,1.03507,2.77954,2.75346,7.71392
gen=0_training=490,5.23045,-2.07375,5.72842,-3.37524,3.17,2.59071,1.39259,4.88561,4.9732,-2.65204,-2.69565,2.67932,-1.02488,4.16991,7.87726,0.555512,-1.41755,2.18274,5.68726,9.95883
gen=0_training=491,2.25126,-4.95526,2.0368,-1.94551,3.19695,7.00587,1.06373,9.1118,5.61607,0.307178,7.17069,-4.50323,0.296265,6.97548,1.33545,5.27741,1.51987,1.89521,4.60711,-0.400034
gen=0_training=492,-3.79523,-2.86529,7.91229,7.30537,1.34442,-4.00358,4.03691,-0.385891,7.76609,5.16092,3.40486,4.17049,-2.4228,2.16562,-0.667084,-4.05708,8.9307,6.83099,-0.632701,-0.971113
gen=0_training=493,2.41828,0.618522,-1.47137,9.41487,-3.18499,-0.127925,3.89803,-2.39152,-2.92073,4.64325,-1.40623,-4.11338,6.98696,0.0408064,7.77934,0.0850817,1.49995,-0.741999,0.206787,8.92736
gen=0_training=494,9.07495,6.57623,9.34094,1.80847,4.59565,5.66252,-0.450682,4.70754,-3.20103,2.7743,3.57075,-2.01056,5.5732,8.97498,-2.94648,3.65435,7.91332,4.06806,0.802529,-1.09662
gen=0_training=495,2.15049,-1.40236,6.47284,4.00233,2.01379,0.870478,2.33853,0.571857,-4.53263,-2.34914,1.26762,1.07122,-0.64627,-3.46991,8.8012,0.199355,1.76182,9.30432,-1.32065,8.75106
gen=0_training=496,-3.20461,3.03947,3.67229,-0.912984,7.55611,9.74709,3.059,7.75741,-2.80169,-3.49511,6.78852,1.43676,3.26079,9.00587,-3.81513,0.334733,9.03265,-4.99425,-4.42376,8.1796
gen=0_training=497,2.13626,-2.36818,8.74599,2.92177,5.04219,6.8735,0.400555,8.46554,6.64387,5.89481,5.27131,6.18523,-3.23405,-1.92388,5.61328,-0.831314,9.41889,8.89317,-2.612,2.3866
gen=0_training=498,-4.68532,1.09439,-1.30703,0.457504,-2.9501,2.01673,7.06444,-1.15489,6.9445,-4.61785,-4.09313,-3.13631,-2.90876,7.41189,4.56454,-2.58218,6.33095,8.03604,9.49355,7.69549
gen=0_training=499,-0.150476,7.30387,5.68647,-4.99016,-1.80293,4.24904,-0.219536,6.67675,-0.0289478,-2.11432,5.20939,-4.06061,0.398165,6.81359,-2.56866,-2.84853,4.61839,7.41155,-1.22952,6.10327
gen=0_training=500,-0.500587,8.86838,6.77844,-4.38815,-4.22694,-2.82044,-4.03087,2.14408,6.10781,7.53835,6.29688,4.47222,4.18816,5.82593,1.37702,3.97234,-4.74182,-3.29057,-3.13703,4.38743
gen=0_training=501,3.54952,3.62071,6.51284,-3.48256,1.95375,3.50413,1.22648,1.16435,-2.1012,1.76628,0.589235,1.98263,4.36198,5.83864,0.306396,-0.9805,8.44699,9.55313,-2.52061,0.00406
gen=0_training=502,5.70185,9.44446,-4.72192,7.76131,-3.20517,7.92018,5.33682,7.30877,0.954351,3.10593,7.27983,5.27026,-3.39852,9.47178,5.12004,-4.12568,4.38261,-4.89342,2.57393,9.37551
gen=0_training=503,5.44286,8.23682,-4.25068,-4.54064,8.28666,-4.21077,-0.573746,9.23098,3.14308,4.00266,-1.74227,1.69601,6.60739,3.49849,0.900071,-4.02627,-4.17106,6.2412,0.900686,6.54633
gen=0_training=504,6.80613,-3.11063,1.30098,-1.19355,8.79216,-3.08627,3.09278,0.963424,-4.97852,2.23709,-4.0704,-1.07842,-2.9251,-3.47893,-2.08683,2.36054,-0.0556668,-4.05762,-0.420367,4.54448
gen=0_training=505,2.28406,-2.59681,7.755,-3.63776,1.46364,8.78043,9.32114,-4.33925,1.26602,1.53671,5.08491,6.43072,2.02908,6.41705,6.94385,2.95398,1.01592,3.62984,-1.28992,-1.43293
gen=0_training=506,-1.50462,5.97009,-1.18772,9.93305,7.60778,1.73915,-1.1826,-0.943992,2.75262,8.65117,4.39434,7.12017,-3.81372,1.75183,-2.31501,-1.53905,-2.06457,-4.83911,7.99369,3.8468
gen=0_training=507,7.0246,9.06872,-1.64273,3.22152,-1.61546,7.66118,0.0454368,-3.0923,-4.96273,-2.08297,-0.865824,1.66257,-2.2067,-3.88602,5.49672,0.841647,9.23816,1.41793,1.06979,3.86723
gen=0_training=508,-0.760732,-0.981848,3.09506,5.44973,2.86716,-4.72195,-0.349866,6.37332,-2.19196,-1.4138,-3.52733,7.35547,6.62345,7.56353,-4.46785,7.63243,5.07345,9.58601,7.24725,0.712404
gen=0_training=509,1.77988,5.47572,2.26123,8.41496,6.08979,0.293106,9.22701,9.096,8.76136,5.09801,-4.10879,6.08149,-4.87841,-2.5335,8.13529,5.81455,-1.36884,4.03323,9.20055,-2.65232
gen=0_training=510,-4.7597,-0.524366,3.95426,-0.728182,6.54578,0.266236,5.48062,8.22494,4.65652,9.09489,-0.714055,2.62601,7.47537,8.54963,5.41609,4.38908,-2.7507,9.41045,5.86212,-3.65992
gen=0_training=511,-0.722778,3.34414,-0.623318,1.90942,7.10108,2.62336,5.43286,3.25371,7.38156,9.23291,7.64578,8.55293,6.26138,8.81007,3.32758,-0.191013,2.80363,-2.32214,-4.23764,-2.63006
gen=0_training=512,-0.687824,0.63502,5.46138,-4.96454,9.30189,1.55717,-2.2295,3.12002,-3.80953,7.05696,8.22325,3.80343,1.86264,-2.34144,2.30547,4.80883,4.98878,-1.16045,4.16237,5.01003
gen=0_training=513,-3.99354,4.77839,-0.0709244,-0.00772102,9.92558,9.22258,9.17141,9.15946,0.562617,-1.23172,-0.366164,-0.880393,-0.856866,4.69467,6.91405,3.1236,9.61533,-2.52269,2.04073,0.604476
gen=0_training=514,2.6911,7.46929,6.39822,-0.142253,-3.51258,-0.891482,-1.36664,-4.74507,6.40882,5.11792,2.05589,7.30586,6.21395,5.57909,7.39041,4.00817,-2.09931,9.12189,-1.08566,-3.51099
gen=0_training=515,5.1509,8.58835,2.57269,5.67238,-1.68286,9.90315,-4.69883,2.96651,2.28183,8.81304,0.87095,0.163619,4.3961,5.4437,0.446091,6.49011,-0.91084,-1.47228,0.182979,-4.85207
gen=0_training=516,-1.43805,7.19853,2.24944,5.853,-2.60512,3.00536,3.25751,-0.62353,-4.61415,9.62167,-4.84313,-4.5743,4.71062,5.00058,2.46557,9.99519,4.05719,3.13804,-2.25134,-3.4377
gen=0_training=517,6.76154,3.14955,8.08745,6.65546,7.42207,-4.2987,0.802666,-3.84637,-4.84926,-2.33474,-1.4676,-4.39048,5.38235,2.68242,2.29648,-2.34953,3.98731,6.43105,9.64577,1.22782
gen=0_training=518,-0.801886,0.380302,7.3782,4.4745,-1.5772,-3.87063,6.42104,0.150435,8.78988,7.82154,-2.50465,1.35699,-3.74991,9.24876,-0.663182,5.7367,4.44272,6.22855,-1.54818,9.36344
gen=0_training=519,-1.19377,8.2771,4.48311,6.36082,6.38093,0.733141,-4.64669,1.4907,-0.527258,7.3265,7.61658,-0.417013,5.66668,3.66224,-1.16576,6.35955,-2.78933,0.596293,1.2741,5.55285
gen=0_training=520,-1.24467,5.8961,-3.14043,2.13511,5.86538,4.19215,-2.95773,1.0786,8.71816,-3.20797,-3.97588,9.5398,2.41903,3.34809,2.52408,8.70059,2.72698,0.559795,-3.70711,3.64034
gen=0_training=521,6.24261,3.22373,4.72671,-3.78572,6.99168,0.837514,7.85789,-2.92496,3.95625,7.50032,1.44682,-4.09972,-3.28603,0.685567,6.37151,-3.24872,-1.73371,3.64197,1.46703,4.36583
gen=0_training=522,0.335221,4.36847,-3.01116,4.58696,3.01459,6.83184,8.27649,7.49708,5.05766,-1.11991,-0.843292,8.60207,4.13379,-4.9228,1.26443,9.92229,4.19645,2.67992,4.11003,-3.02389
gen=0_training=523,0.569916,3.57049,2.49448,4.83473,4.95129,-4.10465,-3.57543,3.1678,3.40789,3.14257,-4.74947,4.21512,-3.01739,6.47732,7.90779,-1.00569,-2.59323,1.78662,-0.964592,6.40667
gen=0_training=524,8.35662,8.7366,-4.26954,5.57133,5.2201,6.88016,-3.41374,8.00654,4.9882,7.75354,1.52863,8.21713,9.15917,-0.97078,-2.47382,-4.85699,4.93508,5.27107,8.20747,3.50727
gen=0_training=525,-4.67301,0.505001,-0.176341,7.92611,-0.713858,2.3104,9.83304,2.4965,6.6382,8.43198,-2.37575,-3.46095,1.70963,-1.30837,3.40618,4.42741,-1.92017,3.37559,0.847589,2.74505
gen=0_training=526,8.62263,-2.02789,6.34949,9.24838,5.13982,3.299,-4.448,-1.3944,0.0941971,-1.96843,2.29487,9.04616,5.95423,4.22513,-0.950584,0.1187,9.31221,-0.633201,3.68298,-0.655818
gen=0_training=527,-4.52339,5.6729,1.2256,1.30444,2.21339,8.93342,-0.879685,3.03421,3.84077,-3.05811,0.56612,4.40663,4.28466,2.74234,2.83721,-2.21343,3.42107,7.64102,-0.876453,9.91321
gen=0_training=528,-2.50982,1.33066,-3.05357,4.05795,8.94063,-3.05466,2.67476,9.06268,2.55005,8.86405,5.75708,-3.09794,2.63276,-0.757115,5.57763,0.0334391,8.36531,5.281,5.27338,4.09614
gen=0_training=529,3.5638,4.66506,0.148743,6.76565,4.03654,4.9458,9.03843,4.7465,-1.05175,-2.27708,-4.47779,-0.353868,3.00949,8.75507,2.35711,8.24204,5.15183,8.68646,7.17961,-2.27109
gen=0_training=530,3.6767,2.46449,1.08445,2.86409,9.17481,2.22851,-0.558161,-3.50293,8.63481,8.161,1.6125,4.42247,9.84434,1.12158,0.726751,-1.12973,-1.19776,3.2626,-3.34093,4.11942
gen=0_training=531,-4.06016,9.72123,8.25454,0.750858,4.15888,4.58298,6.71895,7.06812,2.69077,5.62676,-1.5724,0.0784837,4.3317,2.9233,-0.166906,5.88383,-0.388399,-3.9085,7.2659,-2.48273
gen=0_training=532,3.96206,2.59975,-1.27915,0.97136,-4.02821,2.93115,-1.39825,1.19115,-3.24636,4.4337,-2.96593,0.368516,-1.88946,-3.57894,-3.32316,-3.52556,2.98097,-4.784,0.823519,8.57921
gen=0_training=533,3.72492,0.060253,9.75378,0.396937,5.65415,-2.96307,-3.27239,0.119154,3.00788,9.65503,6.70792,-2.99704,5.58762,-2.35354,-4.8509,-4.59465,0.521407,2.64722,2.49667,-0.357841
gen=0_training=534,-3.09048,-0.250924,7.55987,3.96872,8.91805,7.15591,4.02062,-4.84703,-1.33044,4.46578,2.31525,7.93906,5.86447,8.83289,5.33705,-3.5068,-1.9864,-3.23523,8.51735,-2.43965
gen=0_training=535,3.94543,-4.39741,0.349623,8.73198,5.82082,-3.98649,-0.194121,8.64732,8.51776,8.62501,-0.667126,9.68404,6.63824,-1.1676,1.28552,-3.84477,7.15016,4.11835,0.959288,0.592751
gen=0_training=536,0.399346,-3.15943,2.19123,3.84439,2.28391,-2.24,-0.320147,-0.314687,2.83723,-1.82603,1.0085,2.17215,2.28988,-4.09265,7.918,1.71176,0.0887685,0.489634,-0.895107,9.59178
gen=0_training=537,0.54535,7.04565,-4.48965,-4.34681,-1.6328,6.31937,-0.508204,-3.13175,3.48911,5.2246,-0.305921,-3.23914,-3.93709,-1.41144,3.70028,-1.3219,8.66823,4.93343,-2.69434,0.168092
gen=0_training=538,-0.364829,-3.69243,4.77412,-4.75459,2.71566,7.45711,0.0128191,-4.86635,9.33048,3.90893,-3.85294,7.48276,-3.56638,9.4961,6.55554,5.57914,0.214346,-4.28035,1.55134,3.10274
gen=0_training=539,9.94772,-3.09764,6.76766,7.96111,4.76586,8.49275,-2.06434,1.30221,3.10135,5.46276,7.09483,7.87454,-2.64922,7.28894,-4.77458,7.48896,-4.9327,-0.170797,4.91216,1.04344
gen=0_training=540,2.35412,2.92631,9.32124,3.64349,5.11026,3.24792,4.61162,1.13688,3.77532,0.354291,8.85629,3.53331,4.56903,9.53331,7.97018,-0.659022,-3.4798,8.47448,8.76038,-2.42257
gen=0_training=541,-3.3223,7.04042,1.67917,4.90614,0.415833,4.8205,6.09059,7.3552,-1.44607,6.4899,6.97725,-3.2943,-0.333805,1.47381,-0.987161,9.10997,1.45043,1.20266,9.82871,1.98797
gen=0_training=542,4.27596,1.86308,8.21212,-1.05727,9.204,0.244271,7.04769,-4.57728,8.8339,-1.06973,-0.759245,4.48921,-2.96684,7.25097,-0.451568,3.15181,6.5189,8.35612,3.43891,1.92673
gen=0_training=543,9.51595,8.42078,1.86373,2.59734,1.47719,5.23698,2.53081,0.885425,8.59324,1.81,9.836,4.20573,3.80675,7.91007,-4.98016,8.50274,7.03401,-4.1665,0.598477,-3.23051
gen=0_training=544,8.90088,-2.57785,-2.1155,-1.04998,8.10239,2.45635,8.79433,2.83262,5.36492,-0.875161,-1.97019,-1.05239,6.90225,8.69395,0.493287,-4.19819,5.44,9.055,-2.14072,6.84011
gen=0_training=545,2.71934,3.93278,7.12394,1.57072,3.92718,4.31978,3.22424,7.36102,6.03668,1.78655,9.01749,7.03834,2.31983,8.58056,-2.90872,8.85216,5.36418,-4.7642,-1.59207,8.86421
gen=0_training=546,-1.46863,3.18847,-0.776961,6.40686,-0.752033,2.65254,3.83082,3.05134,8.24643,-2.36021,8.68916,8.51105,3.37244,1.57715,6.69038,5.6654,-4.51742,4.37338,9.78547,8.67116
gen=0_training=547,-2.87949,7.92728,6.23416,9.53806,1.73454,6.58242,8.05035,2.65403,-3.82793,9.38831,4.61058,1.26872,9.01405,0.50542,-0.868399,-3.23241,5.59907,-3.21352,4.82622,0.404037
gen=0_training=548,9.42434,-2.04323,-4.59885,-2.95145,1.62882,2.88179,8.47501,1.32538,5.01041,7.13784,-3.24429,-4.17637,0.625266,9.32788,9.48528,0.287339,-2.03455,-4.74919,0.77703,1.71252
gen=0_training=549,8.21091,4.73647,6.42479,3.26651,-0.88218,9.16258,9.54178,8.52325,1.83149,9.16729,0.526687,4.89301,-3.59729,6.56974,2.40643,-1.19887,4.35089,3.45822,7.09446,-1.81013
gen=0_training=550,-0.734791,-1.04429,-2.16657,6.88707,-2.13824,-1.19768,9.42927,-1.01818,4.87499,-3.84177,-4.9954,-2.25081,6.58439,0.704253,-1.45366,5.79135,1.82451,6.5432,-1.4612,9.30138
gen=0_training=551,-2.52537,-3.95062,4.52297,9.20812,-4.33673,9.71061,2.55532,6.32146,3.85879,9.01402,-4.64323,9.09904,9.53692,9.40265,0.780857,2.60994,4.09882,4.34108,9.63224,3.92929
gen=0_training=552,7.36312,9.14587,-2.99115,-3.07277,-1.13395,3.7741,5.83517,1.05747,2.97106,-1.75214,2.3399,1.82834,-0.458754,-1.69098,3.8643,-3.63287,-3.61172,8.5038,1.16887,9.11465
gen=0_training=553,2.81924,9.95377,7.41969,1.12689,3.82588,9.53146,2.5177,0.539986,-2.40228,0.163653,8.14739,-1.51771,6.70399,-1.83826,1.24341,0.616503,9.14824,0.872747,6.37211,9.79729
gen=0_training=554,2.03857,-2.28567,-0.149976,5.82269,4.79208,0.380959,-4.86232,-4.81655,5.12764,8.78079,5.61497,6.73446,-2.08216,-0.43076,7.85766,-1.21077,-3.54891,2.45215,2.01036,-1.68743
gen=0_training=555,7.43204,5.92372,6.68944,3.13379,1.19968,1.00854,4.51644,-4.06921,1.19335,7.6797,8.38356,5.81151,1.43114,8.75471,3.37915,2.13204,-2.67809,2.5649,-0.711218,0.488139
gen=0_training=556,-3.8432,-3.22246,1.43571,-1.32855,8.50765,-1.37881,0.485553,-0.160516,2.89691,2.71022,5.5859,6.529,-2.03665,7.48315,6.54266,-4.39314,-2.70305,7.51227,1.98556,7.12297
gen=0_training=557,3.10004,4.00079,-1.93713,9.98756,9.81718,7.41517,-4.78621,-2.81324,2.53513,9.49619,0.602895,0.415659,-1.87994,5.66545,5.55046,-4.93695,5.5322,9.87634,1.48529,5.84847
gen=0_training=558,0.907736,7.95975,5.89174,-1.84753,9.66131,1.21072,1.0372,7.12104,-4.18302,9.46415,-4.50284,-1.06939,3.6642,-4.34555,-3.53257,-0.961705,6.75201,5.31001,6.08614,-1.86973
gen=0_training=559,9.69387,3.77342,-1.48749,6.35284,-0.261573,-0.332103,-4.66281,2.54965,9.71092,1.31207,-1.16898,9.93691,-2.0507,-4.25396,3.84745,4.26634,3.56882,3.71387,-4.71439,1.38555
gen=0_training=560,-1.06975,8.49019,-4.21226,8.01858,6.90127,4.60159,8.84898,4.88227,-0.0909432,5.73101,-4.83349,5.13449,5.77369,8.89675,2.8961,-2.07912,5.6351,-0.484095,3.5229,-0.0758749
gen=0_training=561,9.96908,1.02049,5.29712,-0.454503,-1.76672,-4.33555,8.3518,5.40837,6.01838,-0.0514306,2.61078,8.25228,2.16386,0.330328,3.39965,-3.11202,6.21241,-4.03413,3.20199,-0.0231654
gen=0_training=562,4.26489,0.769978,0.624125,2.50052,0.744208,7.55439,-2.97885,3.4043,6.70419,-1.30609,-0.573666,-2.37522,7.35904,-3.35035,7.25533,-4.53239,-1.8722,9.99478,6.86136,8.33711
gen=0_training=563,-1.38704,8.63732,-0.351059,-4.28861,8.47596,5.50023,3.14093,4.75817,7.25755,3.1554,-1.65605,2.10643,-1.96444,-1.68084,3.05037,5.22126,7.41416,-3.22198,-2.62954,7.16709
gen=0_training=564,-2.417,6.36631,6.82579,-1.55052,3.05757,1.8416,8.42447,3.29886,2.26015,-3.15469,5.80047,-2.54778,-3.18235,0.0340552,3.50592,-4.98005,-0.729475,7.0141,5.20151,7.64655
gen=0_training=565,-0.136068,4.9484,-3.13931,-3.5503,-1.28598,-2.00192,-3.65234,0.602273,3.89381,-0.487018,0.973241,-3.65762,5.0172,6.05102,9.19148,4.7536,9.63774,-4.63271,2.27515,3.44571
gen=0_training=566,4.64475,0.790408,1.25129,3.25544,2.72697,7.01899,-2.14181,4.99835,0.537195,1.35895,6.37076,4.14324,7.95379,-2.54529,9.30788,9.41989,-2.77981,1.21666,-3.98635,3.03049
gen=0_training=567,0.591352,3.39951,6.9142,0.605082,1.50363,2.57581,-1.34871,1.35082,9.89378,-2.99641,-4.01625,-3.88011,4.77966,2.6005,8.28657,1.78596,7.98707,-1.73095,3.21976,6.5808
gen=0_training=568,3.77871,2.83922,-4.95782,-1.35401,0.8449,1.42544,2.97128,-3.02327,-2.02512,7.00679,-1.92714,-3.86182,6.75427,1.3841,7.61444,3.22843,1.40376,-1.04154,-3.26502,3.96588
gen=0_training=569,9.65935,4.17322,-0.831527,1.04879,8.15091,1.61148,2.79413,3.90219,1.13186,5.98803,-3.47402,3.23905,5.0516,5.00757,3.68816,-3.3814,0.641155,-1.65547,5.82318,-1.55536
gen=0_training=570,4.17006,3.75358,-3.47036,-2.59348,-2.47423,-2.79526,2.92844,2.66965,-4.3436,7.77696,-0.596875,8.60885,6.9501,-4.19121,6.48964,5.71742,8.24328,8.99266,5.6958,-3.26917
gen=0_training=571,-4.81148,9.64629,0.267695,-3.41289,0.267436,-1.53655,8.62978,-2.89532,-1.81883,-1.2027,-0.696182,-0.00212615,9.96807,-3.03799,5.07147,-3.27557,4.29257,6.4919,4.95071,-0.587652
gen=0_training=572,-2.20197,1.37775,7.95332,5.23351,1.09122,5.081,-4.24437,-2.17683,4.14432,3.67068,8.48754,2.73471,8.73075,4.19704,9.67968,-1.32886,-2.41176,3.95709,7.16479,7.04969
gen=0_training=573,-1.15172,4.31366,6.10834,3.81981,-3.97784,-0.31531,3.85349,6.91206,3.44046,-4.68224,-0.770696,-1.32902,9.85958,-3.7345,-0.691193,8.01377,1.85093,9.17995,-4.51721,7.44477
gen=0_training=574,2.05754,-0.723056,1.38709,3.01731,-2.29217,4.91505,6.58243,5.65127,6.13087,3.17566,7.04808,8.36934,0.801513,-0.747303,-1.30005,4.52431,-2.9806,-3.63761,8.5357,-3.9721
gen=0_training=575,2.37388,-1.73443,8.76313,-3.27377,-2.62329,3.02736,-4.53454,1.09256,-2.38194,-0.615518,-4.33999,-2.65765,0.440613,6.28887,6.45172,4.71313,-3.46346,-1.76611,3.70818,3.43115
gen=0_training=576,-3.40112,5.74914,6.59349,7.52839,-0.992582,8.38038,-2.59207,8.85073,5.33176,-0.31449,-4.24659,3.80933,9.79506,5.73625,5.94701,0.450829,7.7003,-4.58678,-2.10191,-3.94143
gen=0_training=577,-3.72102,1.85026,-1.52432,5.21864,-4.21751,-4.58711,-0.0738592,-2.08959,8.03728,3.87068,4.69232,-3.15431,-4.74743,2.4681,-1.24663,0.748107,3.34172,3.99893,-4.79512,4.27082
gen=0_training=578,-1.96433,-1.53305,9.71898,7.83244,-0.381959,-0.963357,-1.9539,6.26483,0.159935,2.43499,7.47717,3.47757,8.51899,-4.59648,0.218727,-4.50208,-0.45992,6.27959,-4.47617,-2.06308
gen=0_training=579,-4.77369,4.22007,3.82199,2.67167,-1.72653,7.69655,6.31841,2.33892,3.64668,9.04007,7.34836,9.64877,-4.25653,4.71399,-4.78045,6.16576,9.10594,9.57735,8.18997,8.84708
gen=0_training=580,2.1241,-0.65417,-4.13207,1.36395,-2.08409,-0.881032,6.96559,-2.47998,-4.11192,-4.66835,5.59643,2.45278,4.02184,-1.88526,-3.09341,4.15217,-1.51473,5.39042,4.44294,7.90054
gen=0_training=581,8.985,9.91433,-3.92366,-2.32693,5.50035,2.41823,5.61272,0.941064,-1.47175,2.26706,9.79642,-2.95709,-0.914642,-1.03088,-1.5935,-0.206774,5.25798,1.01177,-0.572041,-2.04593
gen=0_training=582,-3.21677,-2.64959,4.31939,8.78425,8.23615,-1.48442,0.772289,5.43749,-1.5185,7.54886,-4.57409,9.80194,6.80107,-3.69564,-2.99869,-3.73925,8.70512,-1.80389,-2.44928,3.48452
gen=0_training=583,5.97065,7.9878,-3.50859,-1.9577,-0.0804511,8.71406,6.12232,0.0527535,8.10318,-4.09862,1.03109,2.4954,5.88052,-1.01113,7.27024,8.09439,0.739507,4.79098,8.4742,-2.94157
gen=0_training=584,0.712866,-4.12839,9.56564,-4.63536,7.12372,9.88182,5.46941,-1.23571,3.41724,9.58932,2.07265,8.43613,-4.30553,4.02531,-1.97924,-2.0599,-4.53087,2.13183,6.99082,7.37031
gen=0_training=585,8.82276,-1.55475,-4.58844,3.98597,8.0292,3.94753,9.08017,3.52234,0.778708,8.10038,6.17158,9.30757,3.36855,7.27219,6.49907,-4.2402,-4.37135,7.9895,4.65474,7.00461
gen=0_training=586,2.53787,-1.35324,-0.486197,-0.920538,2.06555,6.18986,2.8712,5.01166,-0.509301,-3.35126,1.76957,0.0355448,-4.85798,-2.0971,1.6429,6.26143,-2.60969,6.06877,-1.02585,7.62312
gen=0_training=587,6.6468,5.85659,5.36402,-1.68313,7.92086,-0.70079,9.15734,-1.48609,5.07986,2.50161,9.65488,-4.78635,7.71898,3.3184,6.25745,-2.50022,2.28991,6.02446,-4.08971,7.37592
gen=0_training=588,6.30281,3.54765,2.5566,-1.85502,8.85156,-0.251447,-4.76876,1.06619,4.58046,-0.914869,4.89327,1.60984,0.279249,6.4089,4.81116,-2.22879,0.203282,4.9151,-3.51625,-2.60494
gen=0_training=589,-0.0845656,-0.163598,0.297449,-1.65338,8.425,9.99706,6.67626,4.36029,0.814204,2.86964,0.968989,7.71595,6.85515,-4.23373,3.48244,2.04615,5.80704,7.91666,3.81797,9.44933
gen=0_training=590,9.0373,7.61582,-3.28721,1.59219,5.25433,3.77769,-1.42198,7.39747,-4.31458,0.971008,9.22759,7.79665,-4.47019,5.65085,0.567746,-0.464342,7.75691,-4.20442,6.92775,1.58216
gen=0_training=591,9.3828,4.35749,9.12318,-2.20966,6.72642,6.92538,-4.58591,5.17826,4.5222,5.40368,-0.932031,-2.30571,8.88971,7.04566,-3.5988,9.36687,-0.532116,-2.12565,-1.20015,4.16197
gen=0_training=592,7.30732,6.14553,7.71528,2.36554,3.7124,-2.16842,-1.58723,-0.961102,6.86966,-1.81251,4.829,3.38644,9.31019,-1.61291,-1.27621,6.09228,1.23758,8.77268,-3.28896,-0.2683
gen=0_training=593,0.510985,6.75191,3.46564,5.54961,-0.020809,9.31241,-2.52348,-4.72739,-0.706222,-1.60529,-1.70415,6.77274,4.91242,-0.852677,6.60639,-2.81832,2.86867,0.800771,6.69695,1.48426
gen=0_training=594,8.06348,-3.66019,-0.599259,8.18994,-2.72198,6.64821,-1.49431,1.04153,6.88073,7.8562,0.384541,6.58263,-2.75843,-3.71982,3.24824,2.69201,2.85568,9.93431,-3.54422,3.91033
gen=0_training=595,5.99891,5.1141,-1.92125,6.17201,0.865489,4.97148,7.27701,1.85051,5.25185,6.9874,5.95878,2.57436,3.97996,-4.51948,4.91034,0.871931,7.62894,4.69765,-3.10698,-4.40278
gen=0_training=596,-2.04118,-0.594184,6.06766,-2.25796,7.88549,-3.21558,4.6755,-2.35823,0.377017,3.8461,9.86506,4.33981,-0.998456,6.4414,-2.02801,3.58217,5.33501,4.85611,0.585083,8.02936
gen=0_training=597,-3.74461,3.69945,2.13238,-0.0582514,2.27044,-3.91779,-3.52998,-2.44616,-0.995386,4.26484,-4.7229,5.50982,-3.91787,-3.81938,8.45288,7.05896,5.96197,-3.12736,7.74039,9.38978
gen=0_training=598,4.73646,0.73613,5.37755,3.61739,9.99258,7.4765,0.568394,2.70105,-1.73366,7.70802,-3.90647,-0.0162975,9.50787,7.93762,-3.19739,-0.217355,6.00922,-4.51757,-2.45351,2.03627
gen=0_training=599,1.53136,2.0055,-4.03719,1.61784,7.65101,-2.7178,1.89742,0.522136,-4.26632,9.1068,9.66814,-4.30871,7.56788,4.52503,5.83275,-1.81777,7.12198,-3.70226,7.43311,8.65032
gen=0_training=600,-0.338441,8.52116,-4.64754,7.49795,-1.25327,2.34753,5.38787,7.33656,-0.69033,-4.03354,2.95969,0.0897547,9.14095,4.78976,-0.643267,-3.87966,7.48805,-2.47041,6.45633,0.298806
gen=0_training=601,-2.18615,-0.85171,9.5555,-0.982596,-2.09813,2.11121,-1.75327,9.39622,-2.08144,7.26611,9.44637,-3.19898,-2.78679,1.43103,4.51279,9.24753,8.95307,0.173593,9.54778,0.75618
gen=0_training=602,7.15536,7.49786,2.35237,9.09055,2.09331,-3.30345,3.72962,4.01676,9.00253,-4.46517,-2.90405,0.144721,3.91941,-1.56651,-4.3359,-4.74486,7.91655,6.38957,1.58518,9.33231
gen=0_training=603,7.74273,-2.23476,6.55752,2.83067,0.214556,-4.89325,4.10321,9.42818,-4.38914,9.76715,7.84508,-3.82885,6.14004,3.10464,6.87578,4.66986,-4.27785,2.65782,-1.36255,-3.32622
gen=0_training=604,9.17966,2.26534,-1.65562,0.58513,-1.2723,-3.72903,0.693706,8.26851,0.412114,-0.35813,3.75307,3.59413,6.57073,2.12012,-4.84892,4.99754,-0.779716,4.41792,5.77692,9.80816
gen=0_training=605,7.83566,3.49485,5.48641,8.33208,8.82624,-3.17706,1.80951,2.8046,-0.173918,5.5205,-0.980251,6.46664,2.15146,-4.95812,0.538538,-4.48303,9.12096,-4.30609,-4.81767,5.04153
gen=0_training=606,7.10432,-4.85651,4.24524,-0.408134,4.82285,5.47007,9.18563,2.35636,0.389447,7.90181,4.183,9.92283,-0.371481,7.45888,0.113977,-2.25903,-0.17305,4.96808,5.76602,-0.417119
gen=0_training=607,0.171997,7.36325,4.29899,8.85604,7.97602,7.94742,7.78201,0.457091,8.0242,-1.97723,4.73051,-1.38102,-0.474325,2.40044,4.92122,9.37718,4.45951,2.5952,2.06798,-2.008
gen=0_training=608,3.46754,2.88292,5.80156,8.70301,4.19329,6.50162,5.02705,6.62736,1.67975,-1.9982,-4.71342,3.27537,-2.18611,-4.48146,1.40052,4.6153,8.61914,4.31273,-3.79265,3.81131
gen=0_training=609,-0.58233,1.55362,5.57517,7.45104,4.7526,3.62498,2.73337,7.14439,6.39704,-1.47251,7.22061,-2.26732,8.96359,7.14639,4.30223,9.13921,8.91928,7.69836,8.63046,-4.21431
gen=0_training=610,5.12234,9.50496,2.79764,9.34895,4.07701,5.37502,-3.60291,1.6823,-4.01582,3.65084,8.94143,5.82828,-4.89498,5.87857,7.99094,9.63241,5.06275,3.40081,7.08542,-4.97167
gen=0_training=611,7.71115,-1.21078,-2.27558,-2.34413,-0.146028,6.74153,9.80878,-2.46298,3.66565,-2.97601,-3.62676,4.93137,-1.92192,-1.78146,6.22845,2.45348,-1.30089,2.74311,9.31522,0.782189
gen=0_training=612,3.58262,-1.94589,-2.70211,6.86229,5.83762,-0.858975,6.26443,7.56548,8.55075,6.75093,-0.291136,4.31453,4.51397,-4.6206,-0.469508,5.68226,0.639141,8.84329,-0.692172,4.49334
gen=0_training=613,-2.74776,9.73762,5.719,0.941114,-4.00259,-2.73918,5.01151,-0.717432,5.77003,4.82755,-1.60955,7.02981,6.52741,2.26552,0.0508519,7.13382,-2.08921,0.332292,1.64864,2.415
gen=0_training=614,5.26165,1.87859,8.40303,9.68319,9.1102,6.02447,4.70183,-2.14442,-4.69532,-4.17493,1.56985,7.98644,4.15184,-1.22332,-4.5831,8.14039,6.9555,-3.19862,-1.07655,-2.39303
gen=0_training=615,0.744278,4.59252,5.93843,9.78079,0.237091,-3.10566,9.39718,6.04484,-1.39832,-4.49196,-4.9531,-4.73237,8.5069,5.4063,2.48916,9.32064,4.59631,-2.86493,4.28532,-4.80452
gen=0_training=616,-2.82791,1.63153,-2.84423,8.31989,5.88911,9.86526,2.27265,9.19169,5.97235,2.97459,-0.642225,6.29707,4.59048,4.66377,6.79181,-1.68235,-2.25351,-4.79305,-3.90785,8.19878
gen=0_training=617,3.90293,8.85695,-0.127871,3.17372,2.59219,9.80224,-1.47545,1.75231,6.50057,0.42168,7.57348,-2.50873,-0.774503,9.93955,-3.2138,4.73355,3.61108,4.10346,9.23197,0.941181
gen=0_training=618,2.73566,5.66108,-2.47446,2.62601,-2.23648,6.30052,-3.63769,9.48531,-0.846471,-1.61856,-1.82765,2.21766,-3.34211,9.98078,1.92943,8.59409,-1.67009,6.92966,-1.52407,6.71318
gen=0_training=619,-1.09639,-4.5469,1.6961,-4.97971,4.93942,2.40927,-0.404759,2.22391,-2.71269,4.32921,2.47546,-0.0852275,2.05262,5.29876,7.04656,4.95976,1.63747,-4.27313,7.61153,8.4819
gen=0_training=620,-0.204094,-2.49228,-3.39003,9.04953,5.21065,6.78878,0.366024,9.37402,4.83502,2.2763,7.31823,2.12096,4.62219,8.18333,-4.51741,4.01517,-1.27599,0.620237,3.31924,-3.52744
gen=0_training=621,8.06778,8.67572,4.53424,8.98358,6.58066,6.90856,7.90306,3.36113,9.19335,8.88058,0.154924,-2.63808,2.36985,-0.262455,1.13552,4.92472,9.38169,0.071297,7.90011,1.34079
gen=0_training=622,6.16919,-3.74707,5.95743,1.22335,1.52608,9.13422,-4.0142,-3.64345,2.19255,7.89871,9.74472,0.308422,-3.39164,-0.190933,-1.33757,1.55017,5.20439,9.35811,9.6713,-0.595456
gen=0_training=623,2.50466,-4.66559,1.05416,8.39182,0.664977,-0.186272,-3.14149,-2.61672,2.59029,-0.226168,9.17755,3.57791,0.143308,3.7128,4.87675,3.04753,6.95205,4.47381,3.64572,5.74531
gen=0_training=624,8.30156,7.79025,9.88546,3.66022,0.826377,4.15582,1.99923,0.819734,-4.78909,1.66575,-3.99894,-0.258711,-3.88834,5.28299,0.325386,4.60615,-0.884165,-3.5262,5.64937,8.78531
gen=0_training=625,-3.87441,2.02885,3.06448,-4.17029,1.8779,1.77475,0.678995,5.37637,-4.86055,-2.7165,2.73812,0.10481,-0.967162,-3.75852,8.79452,6.10576,6.47257,0.75544,9.95496,-2.02136
gen=0_training=626,7.22819,-2.24588,3.83556,2.56612,-4.96109,-4.62671,4.27762,6.58232,3.82386,8.96728,-0.799259,-2.90965,6.84512,-1.65783,0.606814,1.18939,-4.68559,9.44755,7.35424,-4.37791
gen=0_training=627,5.6916,3.58794,0.192173,2.78345,2.11273,5.77116,-2.26004,-3.31115,9.55094,-0.738702,-2.31909,-2.11081,-0.512835,2.07771,-2.79718,7.52338,6.05559,-1.30164,0.40387,8.97037
gen=0_training=628,0.533561,1.30622,-0.908333,5.90533,-4.88071,6.6985,-2.19795,-2.33097,-4.06084,5.14098,6.52983,0.957731,6.69553,4.65754,0.39988,-3.99421,3.08497,3.47391,8.89033,-3.15439
gen=0_training=629,-0.571635,-4.02945,-3.80119,2.41028,-4.55911,1.26166,-4.34605,-2.23585,0.522463,-3.55105,1.10337,3.68922,3.47642,3.3849,7.28674,3.77128,6.90984,5.03609,9.71914,6.21374
gen=0_training=630,1.90409,2.74906,5.19698,-0.76867,0.221382,-0.619731,3.49335,-3.71668,-3.71169,5.70213,8.07069,8.20675,-1.23357,1.27714,0.828037,9.08147,2.9668,5.50692,8.86103,1.11805
gen=0_training=631,3.20045,5.41177,9.91708,6.91379,2.22445,-2.45139,-4.16938,9.54474,9.51082,-2.88198,-1.09902,9.43273,0.974096,6.99823,-4.70937,3.44278,7.60581,2.09565,2.1847,-2.74462
gen=0_training=632,4.08216,5.93789,-3.37652,4.98406,2.51474,8.62662,6.78505,7.05412,1.74756,-2.04038,-0.334547,2.35575,2.07477,-0.709358,-2.17905,-1.44104,1.74373,1.8824,4.08949,0.189626
gen=0_training=633,4.59618,4.09733,0.774689,6.41906,6.66273,0.424624,6.92682,-0.528258,2.47986,7.37911,5.83627,5.45537,-3.99483,2.33042,6.66961,2.77526,9.97219,4.38517,-4.54785,5.07401
gen=0_training=634,3.79059,7.25433,-3.42827,3.10999,4.30583,-0.166741,-4.42857,5.94886,-0.281287,-0.10151,2.92881,8.00315,-2.12402,9.59213,-3.80129,3.30728,1.5425,1.71061,4.20002,-1.42148
gen=0_training=635,9.92647,6.63928,3.65975,5.86567,7.84801,9.65539,2.91479,9.74451,1.9599,5.6784,6.1303,-0.116313,1.68932,7.21115,6.97571,2.71152,5.48105,1.25849,9.23858,5.45563
gen=0_training=636,8.6635,6.73241,8.57716,-1.44338,6.0012,2.16528,0.232492,8.7858,4.89932,9.60926,6.27287,5.83916,0.335475,-4.88719,5.53577,-2.10185,6.58263,5.99719,6.77049,9.62235
gen=0_training=637,1.31461,7.80278,-4.82087,-2.31494,-0.223631,3.19239,7.97869,-2.97726,-2.41789,0.717477,1.08378,2.70872,7.0249,6.96042,7.44326,-0.396241,3.27649,1.99889,8.21835,9.28155
gen=0_training=638,7.24275,7.27231,-0.735367,4.07365,0.805199,-3.93686,4.24732,9.51153,-0.301083,3.3409,6.10741,5.44603,2.98695,6.1375,-1.867,-1.47938,6.43854,9.3381,-1.9919,8.13204
gen=0_training=639,-2.90853,6.06646,8.62701,1.01146,8.27121,7.30532,-1.06152,9.80997,8.01952,0.196481,9.53582,4.55921,-3.31865,5.35143,7.80083,-4.1404,9.5802,2.40174,5.39202,5.37226
gen=0_training=640,4.30528,5.00315,9.2668,-4.42752,6.43091,3.33117,0.415472,-4.29687,1.7074,1.62366,7.98579,6.60945,-2.14638,4.36611,8.17823,5.94054,7.74202,9.66207,1.2376,-4.66478
gen=0_training=641,2.85566,4.28346,-3.85719,1.82922,0.483539,-3.38761,-4.19177,-1.98483,-0.19601,4.2509,1.37911,9.39895,-1.37596,6.0831,1.5513,-2.49381,1.68135,-4.21233,2.82199,-2.15683
gen=0_training=642,-4.48972,-4.0197,-0.114678,-3.69552,8.46053,-3.19268,1.55168,-2.70854,4.7878,6.77726,6.2474,2.59283,-3.53317,-3.32295,9.37894,2.10138,1.41358,6.25381,0.879524,1.00058
gen=0_training=643,5.79672,1.62049,3.64818,9.83816,-1.85614,-4.92604,-1.65149,5.21559,3.6016,1.70103,-1.08481,4.64094,6.39574,-3.776,6.35902,9.192,8.94559,9.0653,-1.73213,-3.7337
gen=0_training=644,7.52218,4.40869,1.14411,7.6367,-4.68559,3.3477,7.11593,-2.90168,-3.22026,-4.6492,-2.25616,0.68542,2.88769,0.582383,5.66065,2.23667,-4.30939,-0.792148,6.06293,0.517342
gen=0_training=645,0.651946,2.17622,6.83849,-4.02329,0.862949,0.571863,5.22931,6.99739,4.31028,7.15539,6.67724,4.85375,5.64599,1.97711,-2.66548,6.93437,5.67431,-2.23624,0.701201,1.6268
gen=0_training=646,-3.48095,0.546237,1.7448,-3.59224,9.62727,4.71096,-2.6326,5.485,7.05694,-0.479265,7.44964,5.02809,0.595124,-4.99974,-2.86295,1.48557,-1.56967,0.582162,4.63219,3.69171
gen=0_training=647,6.7214,-1.16406,4.88583,5.49363,7.08968,6.02771,3.31581,6.03343,9.22061,5.37762,-4.96913,-4.46207,6.41754,9.03871,4.7738,1.67891,2.76999,8.97807,9.70867,4.65218
gen=0_training=648,1.93561,-2.13162,6.70926,9.53378,-1.05375,1.97942,-3.17121,2.81564,2.41041,-1.84909,7.94528,-0.382457,6.20173,5.34391,3.2974,4.8515,6.60951,-3.51265,8.71192,-3.20727
gen=0_training=649,3.91457,-3.33083,-0.337642,1.32744,5.75141,-3.11749,0.378246,-2.57402,3.33007,1.07238,-1.2732,1.27977,9.61244,8.04733,4.32663,-3.55537,-3.05984,6.62644,7.59859,1.44646
gen=0_training=650,3.66829,1.56114,2.08751,4.63102,4.66212,6.23858,-1.32999,-2.5937,9.14736,7.99014,5.31251,2.34328,-2.89995,8.43091,2.2596,4.49355,5.12008,1.6748,-1.02056,4.33318
gen=0_training=651,-1.48689,-4.60768,-2.03501,9.70975,-1.09996,0.54631,0.306902,0.202927,-2.98672,-2.92441,7.28905,6.9556,0.75307,9.82186,3.81282,-3.05715,-0.246173,4.42106,6.26677,9.40162
gen=0_training=652,7.50456,8.20392,-4.07996,9.31469,-2.37985,-0.462975,1.44841,1.90882,5.73119,5.0732,-2.04092,3.51769,-1.84909,-2.9286,-0.345962,8.33619,6.12037,-3.80878,-1.65835,3.63204
gen=0_training=653,1.47494,4.1399,-1.16635,1.66463,8.95134,-1.84992,-0.585381,8.04079,8.46505,0.807413,3.77306,-4.50761,4.07469,-2.84216,-0.316633,2.65009,3.80995,9.84554,5.65979,0.551464
gen=0_training=654,2.60293,7.19277,1.19206,9.88394,8.21808,-0.941692,0.278128,4.45855,-4.16453,-2.23236,-4.36168,3.29152,-4.23742,3.67044,-0.914585,6.96128,2.67508,-3.54358,7.33694,5.89376
gen=0_training=655,5.04459,4.24187,3.52058,-3.72818,9.5143,1.65632,-4.93554,-1.8647,0.287373,3.4534,0.230399,0.465856,5.45991,3.68508,-3.957,4.50055,-2.62571,-1.7037,1.32737,9.68006
gen=0_training=656,1.43933,6.72522,6.05105,4.80971,0.894128,-0.351495,4.43831,-0.660546,-1.76923,4.77885,-4.34184,-3.36568,0.58316,-4.38374,7.54969,7.39678,-3.75735,4.12885,4.13416,-1.04175
gen=0_training=657,5.08922,8.10788,1.0285,8.563,-3.5837,0.432357,6.49052,-0.84138,-4.45898,6.92065,-3.53775,0.947674,3.32418,3.2087,3.76271,1.92057,-4.72521,9.2051,6.96471,-1.24577
gen=0_training=658,9.80311,-1.12991,-1.81812,-1.73183,-2.2587,-3.74759,9.69695,1.53299,-3.6662,3.44109,-4.44219,-0.667056,-1.06195,1.07557,7.03077,-3.97104,8.73333,0.224863,6.60425,-4.30276
gen=0_training=659,4.43722,5.52209,1.59171,5.54084,9.90458,5.80296,8.83338,-1.29164,7.80267,2.48348,0.720456,9.44612,7.39452,8.40721,8.29418,-1.04276,-0.894968,1.15349,0.940567,-0.981786
gen=0_training=660,-4.08334,-4.61232,-1.04959,2.69385,-0.59862,4.50892,-1.69345,-2.64901,9.28365,4.10908,-2.36981,3.15882,-1.28286,2.75557,-2.60086,5.48883,4.07161,7.73978,-4.0038,5.705
gen=0_training=661,8.85852,5.8158,-1.70039,4.36893,9.56661,9.08076,1.25957,0.0110317,-0.481527,3.4928,-0.661941,9.77658,-0.294824,3.05803,2.96424,5.78146,1.17922,6.64371,-1.37411,6.62272
gen=0_training=662,-1.85155,4.23134,7.88651,1.7557,0.104553,-3.76512,8.94094,8.83416,9.21446,9.77998,8.64771,-3.63683,8.67808,-3.41667,-2.98218,1.41736,3.16684,-1.85149,2.85493,2.09042
gen=0_training=663,-4.46574,9.90929,1.83216,7.48927,-4.27655,8.0572,-1.45367,9.52263,4.66022,6.77266,1.642,4.13479,7.8995,-1.85512,4.10249,-2.0362,0.666003,1.08311,-4.50346,1.5385
gen=0_training=664,-1.59177,5.95323,8.84546,-4.61574,5.77311,8.87077,3.51505,9.87149,-4.05467,-3.37332,9.28742,-2.20644,7.93432,6.01422,-4.83024,-4.67836,9.44784,-4.24071,2.59651,3.79751
gen=0_training=665,-4.30684,1.32033,-1.95428,8.2962,6.11053,-0.680341,1.47366,2.98281,-4.22177,6.60821,-3.17794,9.27151,4.65145,7.3217,-0.263899,1.84765,3.44553,2.08463,7.8951,7.4216
gen=0_training=666,1.85035,-0.0909267,7.08115,5.2599,-0.580037,-2.31284,2.6232,4.08995,5.38694,7.12984,7.22594,4.65386,-0.55098,1.73157,0.511666,9.77143,-4.81521,-4.71079,-2.35578,-4.70843
gen=0_training=667,2.89796,9.23738,3.31749,6.72331,5.70842,4.22218,4.14146,3.67666,4.20222,6.62637,4.45266,-4.60447,5.94944,8.23942,7.63544,2.93315,7.59937,9.75126,-4.72046,7.59413
gen=0_training=668,-3.61802,3.13877,-3.17551,2.58969,4.83556,7.68214,8.61383,-4.20889,1.27227,1.37814,-0.682215,3.66983,9.46112,-0.477711,8.39257,5.50909,8.30756,0.318294,-2.97815,7.16223
gen=0_training=669,8.69471,-0.415095,-0.715592,1.3585,-3.27029,-0.629192,9.55519,3.9636,5.68535,9.81975,5.78088,1.47281,5.74245,6.79512,7.06412,8.25419,-4.99371,-1.99423,9.21672,9.89527
gen=0_training=670,7.89038,-1.24033,0.477805,8.1058,-0.95027,5.7423,8.21962,1.60621,6.30764,5.38675,2.38174,6.33487,6.87487,-4.45269,1.62898,5.29312,8.50074,0.576625,1.14882,3.15148
gen=0_training=671,-2.78121,-1.60466,-1.40054,1.34359,-0.794172,5.86489,5.75184,6.52547,5.82565,2.81925,-3.58845,4.66236,6.37461,4.40053,-4.14735,4.21517,-0.000274487,9.10798,-2.31548,-4.84821
gen=0_training=672,2.86012,1.79225,0.558925,0.989857,8.77116,6.52193,4.6221,1.4093,3.81381,-0.671354,-1.91072,8.03972,8.15242,-0.519182,7.81457,-3.00973,9.13248,6.02832,7.27954,9.01591
gen=0_training=673,-4.24145,4.20709,1.50708,-2.81298,1.51237,-2.75285,-2.04108,-1.22462,9.53637,-0.533835,-3.6457,-3.20924,7.46412,9.07671,-4.31117,9.86576,3.77301,7.85331,-4.9817,6.94272
gen=0_training=674,-3.90535,4.37636,3.38628,4.11668,-0.438153,-3.04779,9.47652,-2.9439,-0.467412,-2.13702,4.05404,1.81539,9.05183,4.05373,1.89465,7.59529,7.87262,-1.92605,2.23172,-3.74327
gen=0_training=675,-4.6154,3.23915,9.62784,7.41653,-4.82435,-4.1792,-2.15736,4.11255,8.39877,-0.783531,1.41632,3.85542,4.22319,7.38816,-2.37066,8.99151,0.848988,-2.59915,1.44231,9.51171
gen=0_training=676,-4.45082,8.90268,8.10399,5.35168,-1.49704,6.26176,-2.30644,-3.6685,0.826088,-4.19506,6.56259,2.33118,1.58002,-2.16262,-1.91558,7.2178,2.36017,8.52519,-3.65542,-3.10252
gen=0_training=677,0.604541,-0.549021,7.0662,1.38227,9.96668,-2.34965,7.92309,0.798487,9.85286,7.9628,8.58571,5.70915,-0.381715,-4.24339,9.36262,7.36329,7.13796,3.03657,7.20234,-1.20189
gen=0_training=678,8.46442,-1.37827,3.81186,-2.22604,-4.24702,2.20955,1.53697,-2.96544,-0.389133,1.25099,4.74462,5.03667,7.23598,8.0856,7.93475,7.8482,-0.869195,8.15459,-4.41027,5.51913
gen=0_training=679,7.03612,1.10869,-2.22827,5.38015,5.36086,1.34722,1.48281,8.23971,8.51096,-2.45271,6.51383,4.1077,1.19116,-4.36531,0.963431,-3.80256,1.94407,5.41036,5.55202,1.32424
gen=0_training=680,9.52104,5.64154,-4.37643,9.47104,1.61409,-1.7864,6.39507,-3.41982,-0.0512539,1.42406,-0.853803,-0.348057,-1.40061,8.45326,8.49423,8.07188,5.26875,5.764,0.497419,-2.80284
gen=0_training=681,9.71383,5.46043,8.22586,9.64674,-1.60187,7.85683,8.60023,5.68453,-3.95624,-0.656205,-1.34836,-0.0991448,3.77479,3.59341,-4.69976,-4.78711,-1.95537,6.1578,1.73461,-3.00973
gen=0_training=682,1.71978,2.64836,1.12591,2.63977,4.88663,2.86597,7.44291,-2.36453,9.35519,0.779012,7.68614,-2.45923,3.40035,-3.51925,9.02368,2.88316,-2.26131,9.60114,9.43207,-1.99077
gen=0_training=683,9.01713,9.38951,8.92093,-0.415731,9.8267,5.63701,7.97043,5.39125,3.31117,3.20774,1.86218,8.3507,6.16491,-2.61725,-0.900513,5.23918,4.11307,-3.01203,8.24289,2.01834
gen=0_training=684,-0.986204,9.8901,-2.09575,-3.31617,7.71412,-4.34858,-0.836223,7.99007,9.11255,8.40935,-4.15642,8.8257,8.32496,6.83274,3.31903,2.96897,4.178,5.35915,2.96059,-2.57959
gen=0_training=685,-3.44057,1.73086,9.19572,-2.60554,-1.84663,8.42163,-1.54639,3.58551,-0.116459,-2.05539,4.27953,0.554867,1.94239,-0.613382,-2.93523,1.80955,1.67384,3.00862,-4.31768,-2.81873
gen=0_training=686,-1.64303,4.97877,0.390035,-2.1725,-1.54605,6.28426,6.90911,5.19269,0.0357615,-3.00741,-1.30284,7.19018,7.53121,3.93857,7.65978,9.64745,7.18721,0.973515,-0.605615,-4.88175
gen=0_training=687,0.438157,-1.97501,-2.55243,1.74959,-0.846629,6.16809,7.72285,6.86956,4.69709,8.94853,2.40943,5.51711,1.08694,3.00152,-0.825129,-2.82949,0.260735,9.52033,-0.943458,1.52187
gen=0_training=688,2.46103,2.66671,-2.80157,1.55278,0.0117664,5.53771,6.80892,2.10809,-4.28242,7.31435,0.900774,2.61245,3.94662,-1.46246,2.18442,0.0124405,-4.41811,9.72171,-2.01152,-0.86439
gen=0_training=689,-2.46905,8.61175,1.06183,0.0113285,3.7424,7.27724,-1.8819,7.43287,0.00257312,4.53988,-3.72396,3.45097,6.00139,2.05388,-1.66706,5.75511,9.04034,1.09406,6.35147,-4.54234
gen=0_training=690,7.33638,6.32025,-1.89825,9.45395,5.29342,1.28891,9.91228,2.20472,9.23839,0.766703,2.74129,0.760168,2.11054,8.49138,3.20347,6.19635,-3.63912,1.74932,3.02477,3.18692
gen=0_training=691,9.59409,0.052791,-0.941692,4.24578,5.67649,1.44909,8.2595,4.9696,-4.00419,4.5839,9.04047,4.15835,6.47069,-3.93104,9.79817,-3.32694,2.43788,3.21989,-3.55353,2.7771
gen=0_training=692,0.176154,1.46989,4.55262,2.84524,7.10622,-3.93041,-3.88654,7.68537,5.91522,5.82785,3.8686,5.38857,0.900109,-3.49025,5.77823,-0.279319,4.3623,6.18452,-0.646135,3.31145
gen=0_training=693,-4.05293,-1.54597,7.67786,6.55417,-4.94688,-0.0474393,7.31842,5.83684,-2.75549,-2.82734,5.02354,6.02733,8.26027,6.90265,4.89335,1.97113,-0.952866,7.16692,-3.68651,-1.94319
gen=0_training=694,-2.8085,0.478793,2.8042,3.88977,7.181,9.6261,-1.51026,7.65576,-1.16788,8.19976,6.49398,1.77653,-2.31662,6.27933,1.85107,6.52079,0.604981,4.22124,1.40135,6.00107
gen=0_training=695,2.99919,4.16233,4.71968,-4.24242,-1.23669,-0.0895221,8.31773,-1.46033,-1.86263,5.27239,-2.8734,7.97171,9.71156,-2.82455,7.3523,3.73936,9.44369,8.21563,-1.14343,5.81246
gen=0_training=696,9.24723,-0.753866,9.04751,5.20917,-0.818638,8.66588,9.99639,7.47797,8.24261,-3.6263,9.86437,4.46189,-3.49566,1.16507,-2.45891,6.94168,5.32588,8.27509,3.29098,1.66192
gen=0_training=697,-2.71756,5.79297,9.89521,1.55528,0.250487,1.96264,7.00133,-2.15224,0.132719,-4.345,-4.19723,7.85256,2.65036,7.68484,4.46707,8.51709,2.61158,-0.299943,6.15785,8.37817
gen=0_training=698,1.40598,-4.06076,5.34697,4.39092,3.0256,4.68887,-1.22897,-0.824614,-1.35288,-2.58386,8.86137,9.98657,-3.13377,5.2447,2.69619,-3.6623,2.33374,-1.29239,-2.74654,-4.39233
gen=0_training=699,3.8059,1.69326,0.445294,1.09834,2.10505,7.87215,-0.943178,1.11549,3.55948,1.91796,3.79898,6.69526,-2.50782,-4.00734,-1.70355,3.42102,0.931556,9.9819,1.79842,8.5464
gen=0_training=700,0.356933,9.96699,-3.76389,-4.22235,5.63815,0.854796,9.67098,-2.67002,7.11085,6.68782,2.19108,4.01229,3.15932,-1.25051,-3.86394,-2.69031,4.13904,1.5453,4.7865,7.6407
gen=0_training=701,-4.25954,1.34776,-1.8255,3.28167,6.4221,0.151123,9.88738,7.18206,-1.3627,3.23514,1.68872,4.69814,-0.211612,4.26673,4.53306,3.89811,-0.529133,6.16466,2.45595,-3.8551
gen=0_training=702,4.23015,5.80307,-1.39222,1.50277,0.346081,-0.747592,2.60918,-3.48281,-0.962758,7.9287,9.93037,-3.51855,4.23288,8.10546,-1.84167,-0.423992,8.17931,-1.5463,8.6675,1.95242
gen=0_training=703,-4.35954,4.61913,3.69311,4.33896,-1.51852,3.05382,9.71497,8.60555,-2.01258,4.23401,-3.40545,-1.93925,2.72863,3.7568,-4.17797,7.85831,9.86515,6.90999,-1.92693,0.696007
gen=0_training=704,1.10849,-0.00229009,7.86862,-3.24365,8.40163,8.19145,-4.96084,-1.36866,7.12377,-0.963446,5.42735,3.30367,8.07759,9.04189,-2.11696,1.53911,-1.85591,2.53685,6.32728,3.89929
gen=0_training=705,9.20078,-4.49109,5.47059,8.21003,-3.9211,3.01839,-2.8417,1.38148,5.94345,7.6651,9.72617,4.36877,4.03098,8.30569,9.83609,7.03788,8.54581,0.726381,-2.15407,4.25833
gen=0_training=706,-4.17258,-4.50788,7.84443,9.36337,4.29531,-0.377592,-3.8545,6.29063,1.58236,-2.94605,-2.83197,4.70969,7.0485,1.25848,6.17104,2.03329,4.99374,1.23671,5.11672,2.19742
gen=0_training=707,4.79754,7.9353,3.72909,-4.00646,-0.948388,8.81676,8.17473,9.00829,1.37772,2.35552,9.34415,-1.62447,7.44975,-1.10687,3.43736,6.44276,0.145803,2.94752,1.8229,2.57163
gen=0_training=708,-4.3541,5.83881,9.22284,-2.52658,7.69514,7.94009,-0.0807164,8.33132,8.09247,1.02015,0.511587,7.52631,-3.54626,-2.29702,2.36916,1.07258,-4.44824,0.886684,5.92109,9.02759
gen=0_training=709,7.53219,-4.88456,9.84134,-2.90657,-1.00176,3.57231,2.48234,7.51052,-2.33319,8.9105,2.46788,-1.69172,3.78169,3.19155,8.45772,2.39047,9.92652,-2.7646,2.19569,5.38649
gen=0_training=710,2.67023,8.80762,7.83388,4.60513,-3.02417,5.72516,8.18689,7.69744,-0.45368,6.19025,3.54256,5.41251,-1.34143,-4.44081,-4.24804,-3.90672,3.36058,-0.333948,-4.18763,-1.47105
gen=0_training=711,-0.795605,-1.92564,7.77823,-4.58573,-2.75414,-3.01995,-3.22765,0.911091,0.172761,-4.25791,1.11659,5.22306,1.73566,0.00303989,0.234968,-2.59913,-0.429301,-3.06598,5.49709,6.6304
gen=0_training=712,2.83045,7.8926,4.73967,-2.22333,6.45987,9.50195,3.46434,-2.54326,7.86483,3.03226,1.87914,1.13929,7.99102,-2.97978,6.57933,-0.333704,3.24866,0.142687,2.33143,8.27556
gen=0_training=713,-0.332796,-3.51171,-3.98809,-4.82077,7.50224,0.395608,0.929562,-0.59,3.50695,4.80649,5.42203,1.22731,5.61389,3.57062,6.92801,2.82231,-0.593762,-3.96039,-4.7892,1.97322
gen=0_training=714,5.30055,6.99846,-4.63582,0.652994,7.19748,9.8254,1.30406,7.60542,3.02474,2.41692,4.68688,-2.96142,2.24927,-1.13715,-2.2761,8.4226,2.41229,4.83389,-3.90392,7.92333
gen=0_training=715,7.91406,7.28968,3.01179,5.05781,7.37747,4.25711,3.01243,9.82843,-3.04836,1.47114,5.34936,-3.4065,9.11671,-3.13029,7.45654,6.71155,9.8336,5.86305,-0.453767,6.80879
gen=0_training=716,4.40147,8.25964,-4.56469,-3.49657,7.21401,5.05105,2.68963,1.40436,8.68929,2.51585,9.26328,-2.82468,-3.03371,-0.937152,9.38591,9.8143,9.74907,7.35412,-4.06808,3.65968
gen=0_training=717,4.62904,8.06522,-4.08839,4.68286,9.62431,6.85828,5.62062,1.22511,8.64082,6.32822,6.89661,0.119633,1.04574,6.50558,8.71211,3.63596,3.66772,9.37503,0.192056,-0.0971503
gen=0_training=718,8.11475,6.4797,-4.67756,2.40802,1.7055,6.45216,6.19258,-1.45331,5.51196,1.09657,-3.95494,6.22298,-2.1158,-3.63498,1.96666,5.01677,-4.343,3.34933,1.86407,3.46847
gen=0_training=719,9.23092,4.19023,6.35764,0.836366,8.44173,3.12047,0.348654,9.03083,-1.88946,7.93774,-1.1495,1.12823,7.10645,3.25297,1.7479,-1.58931,7.94497,1.59396,-1.27861,2.49898
gen=0_training=720,-1.17375,2.73457,9.18686,1.87965,0.694407,7.05302,-0.815437,9.59911,9.57709,-1.44761,-4.4266,-3.43402,-1.12019,-3.2686,9.08283,8.40286,3.88598,-2.03661,8.63747,-4.78683
gen=0_training=721,3.08008,4.73099,-1.75387,8.22654,0.923104,3.97636,1.38463,3.83963,8.48662,4.5854,1.33787,1.94275,-0.802526,-3.56403,8.70451,1.0407,9.78211,1.84969,9.73342,9.48358
gen=0_training=722,-3.51493,9.8174,-3.23806,6.94209,4.87837,4.11913,8.51195,3.91581,0.588198,-2.00539,6.9477,-3.01558,5.4831,2.4955,-1.46818,-3.48002,0.24585,4.17434,-0.786957,-0.291985
gen=0_training=723,6.59749,2.41855,8.50539,0.891404,3.33452,-1.82602,-4.62247,0.330724,-1.25308,1.14855,7.70654,2.80579,9.74663,-2.2108,-2.39703,1.73742,0.475025,4.5235,3.33636,-1.74129
gen=0_training=724,-1.73925,5.08437,-1.45699,6.48543,-3.22592,1.1837,0.974605,8.90561,0.896235,2.19325,2.69057,6.41457,3.07815,-1.80562,1.66356,-2.6765,6.79714,0.679077,4.97845,3.82602
gen=0_training=725,9.45188,0.501367,-2.46031,-1.16086,2.89698,7.1307,1.84394,-2.51933,7.17353,8.32065,6.7555,8.09272,-0.832182,1.73853,2.62294,6.144,4.58421,0.39865,4.09609,-4.43499
gen=0_training=726,8.72295,4.49669,8.71545,8.71783,2.19274,9.28762,6.76397,-3.09959,8.2708,-4.58072,6.41279,8.32265,4.80772,1.03569,6.5095,2.16467,7.37551,5.53809,6.12975,-4.01688
gen=0_training=727,0.0366611,-3.57531,7.29149,1.68565,-1.58265,0.63875,0.310835,2.78694,2.98655,4.96164,5.12999,2.55772,2.67007,9.3048,2.24429,7.75594,0.337437,6.71492,8.9238,0.337826
gen=0_training=728,3.26646,5.98416,9.6833,6.10815,-1.10888,-3.13267,-3.91047,0.974861,9.80779,1.40443,-0.361765,8.38948,8.46259,-3.59738,-4.27854,-3.90096,8.82951,-0.683053,8.13168,-3.92929
gen=0_training=729,-1.0835,-1.75176,5.77964,1.29394,8.3514,-1.43999,1.01718,1.24893,-4.57153,-3.79645,2.94237,8.56654,-0.66527,-4.97863,9.98293,-4.90454,3.91175,0.38078,3.88494,-3.66711
gen=0_training=730,-0.0757472,5.05675,2.29913,3.79202,-4.10581,-2.93423,9.32588,3.08504,6.16396,2.46048,6.72524,3.46081,0.535228,-3.00077,8.15439,-4.60129,5.93741,4.04736,-3.43693,-1.40092
gen=0_training=731,0.481879,5.00986,7.25671,-2.85414,-4.58039,5.71691,3.57597,7.38111,5.52798,7.74336,9.46504,6.28004,7.96837,0.445051,8.11023,8.45566,5.13149,2.69713,3.58426,0.92699
gen=0_training=732,-3.99769,8.84448,-0.391758,1.92799,5.00209,0.608657,-3.25162,5.33054,5.83322,4.91237,0.938843,-3.34013,7.48076,-0.836917,-4.21763,4.6827,-2.01786,-0.587099,7.11221,7.06373
gen=0_training=733,5.38802,7.65406,8.33458,6.29309,5.89271,5.26955,8.21061,3.54164,7.84939,6.89428,3.8806,-4.61112,1.45641,8.12802,-2.51712,-3.6079,-2.87805,1.97988,4.31732,0.661933
gen=0_training=734,7.95009,-0.564361,2.32811,2.76374,-2.53137,7.77986,5.20063,3.37265,-0.378584,-3.39337,7.67165,-3.63108,4.07712,8.77994,-4.11066,2.70617,2.45051,1.18786,5.45059,9.15893
gen=0_training=735,2.91883,0.444622,-0.884864,8.86922,7.5796,-4.74288,-3.56099,-2.00508,8.05639,0.119973,1.92619,-0.476385,4.72846,7.39457,-4.22982,4.74543,6.17184,3.68499,2.54488,9.20506
gen=0_training=736,5.77524,-4.79345,7.49444,6.06534,3.86036,1.52668,-2.08621,3.0044,1.78471,1.63594,-3.31594,1.99624,0.512705,3.81802,7.50665,7.56895,8.58706,0.432631,3.92304,-1.07636
gen=0_training=737,-1.61071,8.47484,4.59801,0.699392,-4.49628,-0.418757,-0.970105,9.47218,2.4362,-4.55726,5.00322,1.96265,-0.0610305,-2.38553,-1.95701,1.55678,-2.14031,8.17527,4.55938,6.55539
gen=0_training=738,-2.88655,7.4847,3.90253,-1.12657,0.454187,2.08659,7.21307,5.57937,4.5972,6.54564,-2.93198,7.69241,5.71779,9.87298,6.98551,1.98773,2.10934,-3.31537,0.336999,4.91431
gen=0_training=739,9.21004,-4.80649,6.07809,-2.42036,4.3264,-2.19431,6.14558,-3.66014,1.10444,7.73272,6.39431,3.06951,2.9483,-4.538,9.03336,7.97539,7.58357,5.02329,6.1777,1.46826
gen=0_training=740,-4.91531,4.67785,5.21442,4.10467,8.97248,7.58275,1.59047,-0.426393,8.54086,1.70813,6.63414,6.19981,-3.92416,3.77004,-3.00941,1.8903,7.23037,-3.2656,-4.37734,6.86676
gen=0_training=741,-4.12301,1.53152,4.3385,0.478315,5.15389,2.69452,-3.01915,-3.82279,8.22659,9.70147,-4.55444,2.40823,3.98616,-4.82492,-3.4567,6.0044,-4.0585,-0.719922,-2.18892,9.47421
gen=0_training=742,1.34744,3.05826,-2.6285,2.73676,-4.61515,-0.677885,-3.47009,4.63497,-4.60369,0.410859,-0.25329,-1.81158,8.61356,1.69873,4.14303,-0.711276,-4.33036,8.87624,-0.972051,9.82374
gen=0_training=743,3.74615,2.55378,2.62674,-1.08316,3.80981,-3.06844,6.63279,-0.743735,3.29678,5.24259,2.12922,-2.36448,-0.823507,5.31695,5.15396,-2.64666,6.48146,1.91924,4.07025,-4.19522
gen=0_training=744,-3.62499,-3.48284,9.70634,5.46345,3.64516,5.79465,-2.65419,9.77518,2.69704,5.97769,8.41441,-0.192846,-1.94861,-1.45411,2.75108,1.57339,8.74785,0.34578,3.07674,-0.142175
gen=0_training=745,8.9316,-1.31172,5.85684,1.0669,9.25119,3.88263,-0.035889,6.54316,3.53471,-2.68298,1.62949,3.86962,4.68302,3.88358,-3.5483,-1.60914,0.132757,2.73128,0.977995,0.156509
gen=0_training=746,-3.57225,-0.0214392,-4.99469,7.89179,-0.867771,2.38868,7.13193,2.76754,7.57245,-4.20892,-4.51718,7.75798,-2.62174,-2.83335,9.8941,4.27274,8.16892,1.53158,6.47329,2.87427
gen=0_training=747,4.06911,6.69067,4.6834,2.61155,1.81687,4.82908,5.59733,6.13888,-1.2168,-3.68559,7.24267,4.02124,1.88163,7.18915,-3.22613,6.69793,4.92964,5.68139,1.21089,6.43237
gen=0_training=748,6.74264,3.642,4.06115,0.709935,-3.36237,4.4104,0.520991,6.20445,6.78192,-4.99309,-3.6619,5.69223,8.49523,7.73718,-4.02903,6.87133,4.70942,-4.42037,-1.6335,4.57133
gen=0_training=749,6.37372,-4.21098,2.31644,0.767302,2.42246,6.53502,-3.66558,3.35221,1.51691,7.10206,3.71014,8.77079,6.76684,-4.0196,9.77469,3.81251,-1.38996,2.26689,-0.740055,7.80202
gen=0_training=750,0.88388,1.81069,-1.54151,-2.09602,-1.89108,3.27522,-3.3531,0.0810301,1.43236,-2.32707,9.03614,8.06296,-2.99588,5.24802,4.80619,-4.6645,4.65406,-3.98652,-2.33846,-4.50328
gen=0_training=751,-3.02857,8.74138,6.38185,7.56195,-0.968148,9.32699,3.91425,-4.6574,5.27079,4.39702,4.61827,0.930568,-1.32493,5.04279,1.59792,7.32992,-0.374709,2.48779,0.748013,5.41759
gen=0_training=752,-0.820543,2.47808,-3.91661,9.10725,-3.46242,2.2759,5.99798,2.25515,9.84369,-1.35505,1.45964,7.10897,3.90822,-3.09713,0.648728,8.56243,-3.20522,-4.22741,2.98061,-4.16579
gen=0_training=753,-3.5512,5.57126,7.62648,6.56648,-0.466264,0.06641,8.88665,6.36716,0.890013,0.661668,8.20302,6.39206,0.0233753,4.38565,7.36741,5.24666,3.87579,0.453033,9.79812,9.22684
gen=0_training=754,9.92105,-1.38525,1.6531,8.46784,-3.07894,-2.91837,2.43793,6.11258,5.92443,6.90204,-3.30497,8.688,6.31623,9.71988,2.03242,-4.22488,7.52573,0.365517,5.50057,4.13572
gen=0_training=755,-2.21579,0.270943,1.28253,0.793216,-1.64829,1.83383,-2.87983,7.41057,-2.498,-4.77016,7.79352,1.67683,-1.19249,3.60517,2.64553,-4.31204,-2.29514,5.4515,3.25186,0.0515787
gen=0_training=756,4.84706,-3.7915,6.02358,1.18416,-3.12642,4.65474,4.11535,4.34857,-1.63278,8.35164,5.65778,-0.896317,6.09036,9.64138,9.00435,-0.0883462,-3.37517,-3.04424,0.389327,0.391424
gen=0_training=757,-1.87195,9.26615,0.0310217,-4.60501,5.31334,-2.67479,-0.913656,8.82727,5.44704,8.05325,0.753197,3.91194,-4.94305,3.78993,8.19745,-1.73743,3.72406,8.81747,-3.33345,0.869753
gen=0_training=758,-2.46243,8.15608,7.27755,9.15184,-3.55617,-2.27409,-2.49946,3.57636,9.68261,9.28951,8.9021,7.51755,1.34063,4.91117,-4.62499,-2.36788,-0.300939,8.27499,3.87608,2.89302
gen=0_training=759,-2.05659,8.72189,5.97661,0.0783744,-2.77147,6.40475,-4.1209,0.354763,-0.401021,6.13237,9.40019,4.18435,0.495814,9.01319,-2.8863,6.03108,-1.18402,6.69145,6.91246,8.82536
gen=0_training=760,5.53121,7.23451,8.03082,6.07973,0.630372,5.90475,4.65722,3.75511,1.33427,8.83997,2.22622,2.83874,8.72243,-4.06111,-2.2888,1.02172,2.46624,9.46156,1.30112,2.20257
gen=0_training=761,7.57439,-4.64969,6.87103,-2.38254,-2.79494,-2.12683,5.30963,2.1901,-3.42014,6.55423,6.84874,2.51688,-1.51244,7.54496,2.13502,-1.15144,3.70971,5.37743,0.345423,7.60952
gen=0_training=762,7.26105,-4.97725,1.17792,3.91662,0.725263,-2.51724,9.62757,-2.24062,8.9469,5.69098,9.9605,1.56097,-0.566992,-2.43395,1.5212,8.73717,9.35901,4.97983,-2.78377,1.78257
gen=0_training=763,5.64784,-3.59684,9.07472,4.18817,-1.36285,-4.24559,8.39868,4.50122,3.16267,4.72274,3.66946,-0.862562,0.919019,-3.45267,9.53018,4.5804,-0.157277,-2.61011,9.55688,0.987292
gen=0_training=764,-4.70195,1.83196,8.30357,-1.91542,-0.556554,-2.4057,-4.471,9.14019,7.97075,-3.73473,8.67118,-1.10327,-2.47471,-2.74782,-4.11675,7.47361,-0.607312,-4.96924,9.16624,-4.9496
gen=0_training=765,-3.10971,7.22137,6.03542,7.12211,7.17734,3.37104,9.58429,-1.91077,-1.14971,-3.84762,-0.0196259,-4.24067,-0.18577,5.50184,-4.66875,-1.91515,5.88621,-0.316826,-2.97195,5.02309
gen=0_training=766,7.65726,5.62283,5.43497,0.153739,-1.94452,5.16759,5.7331,2.57586,3.67698,7.83868,1.75331,3.35381,4.29725,-2.12775,2.47162,-3.93442,-3.89895,6.86598,-0.666295,-0.784348
gen=0_training=767,-0.607668,2.48672,8.82294,5.68207,9.23026,8.40105,-1.68117,-0.1056,-3.40363,1.87512,-4.26058,2.97434,3.2302,-1.43354,8.67051,0.91304,0.553918,7.37105,3.12362,8.00017
gen=0_training=768,-4.18687,2.10593,8.90609,-2.55061,0.335311,2.07654,9.96739,-3.15846,7.75777,-0.645233,1.57177,1.04874,1.91738,-4.56289,-3.0501,-0.778437,2.11249,-1.78537,0.743795,9.24839
gen=0_training=769,-2.16032,6.60384,-4.18151,0.340902,-2.40911,3.476,4.48494,-4.2776,9.9122,9.56532,-1.64887,0.333937,-3.45091,9.94733,3.52512,-4.43961,7.08974,8.79192,8.00675,8.26987
gen=0_training=770,2.58886,5.16363,-3.55634,8.96045,2.5363,7.10091,7.89025,9.98382,-2.79491,5.05631,2.28194,3.72892,2.26222,6.94503,4.75689,-2.98835,9.67516,-2.14722,-4.89918,7.49313
gen=0_training=771,-1.29225,3.32508,8.37243,9.42621,-3.83702,5.62527,1.76673,-1.5081,-4.08284,-3.99726,2.97955,7.20699,6.93281,-2.95257,9.1839,5.36422,9.1892,7.88395,-4.44809,1.7712
gen=0_training=772,-4.03705,0.725701,-0.997324,0.95618,3.11376,-3.81325,-1.7962,2.87233,4.22982,-3.52821,-0.135008,7.95087,7.62533,-3.14524,2.93661,1.70025,7.8871,1.96968,8.57768,4.8063
gen=0_training=773,0.939385,-3.38143,8.06542,-0.997999,9.28676,0.181014,8.68348,-4.03843,3.68841,-0.411123,-2.34504,2.24168,-0.586398,-2.90024,-1.13758,7.3317,-0.824267,3.69455,-3.64893,3.71304
gen=0_training=774,-3.26905,6.53314,3.9868,-1.6931,-4.25537,-1.34025,2.37163,4.3934,0.758475,-3.40554,-2.92193,-0.06073,-4.77197,2.27602,-2.34001,2.26354,-1.234,7.01585,7.80407,-3.15869
gen=0_training=775,-1.01322,-1.7938,9.24896,0.522177,7.34363,-3.23413,5.99474,6.16218,9.74572,3.75793,-1.62749,1.03231,-4.99063,-1.17695,6.05171,-3.15795,7.04674,5.24032,-4.36637,0.643808
gen=0_training=776,2.70521,7.97326,0.660026,0.305595,1.13117,-2.19789,-3.31943,3.66272,-0.144526,-2.59599,7.77436,1.5992,6.48966,6.78923,2.96782,0.967375,0.695718,8.4156,1.66432,0.815489
gen=0_training=777,-2.66228,-3.62233,-2.26529,3.8771,-4.79468,-1.85324,0.54076,-2.31705,-0.869377,3.05177,1.81061,-0.736801,3.1756,-1.20387,3.34812,4.97423,9.28154,-3.11274,-2.57106,8.8952
gen=0_training=778,-3.30054,-3.02016,2.14079,3.49181,5.58013,8.80225,9.10245,-0.218236,9.78022,-4.89786,-1.58617,4.90084,3.61477,8.25391,-3.89452,1.21537,5.29538,-0.542868,-1.7852,-0.439791
gen=0_training=779,-3.81322,-3.94689,4.42843,4.56086,7.64134,-4.14327,9.00262,9.72953,-3.97351,5.44119,1.32316,9.6589,8.6266,4.13967,9.2546,0.0801318,4.31314,9.85428,-4.19344,-0.914009
gen=0_training=780,6.25451,1.40132,6.12576,-0.83182,3.13481,-3.25425,0.563879,-2.7592,7.47024,0.752851,-0.166124,3.89312,2.13679,-4.02617,2.06246,5.62692,-1.05193,-2.48044,3.82728,-2.36918
gen=0_training=781,7.39323,9.29034,2.06817,-3.1911,3.67525,1.72374,5.41573,-1.62359,6.33347,6.97311,8.10403,2.85061,8.75696,-3.74502,-0.499843,7.26301,-4.0027,6.67758,3.24465,6.23844
gen=0_training=782,-3.45897,8.22109,-3.19188,6.37588,-2.11397,1.57418,-0.0263596,0.184252,2.17391,-4.53963,-4.05554,5.28644,6.30974,1.9218,8.87326,-3.4953,4.43238,8.31106,0.15138,6.41606
gen=0_training=783,-3.76904,-2.45577,-2.32081,-0.385586,-3.85936,7.21547,-3.76676,-0.282939,6.83787,4.70165,-3.19102,9.10881,1.90302,-0.386802,5.69434,3.33964,1.29075,2.457,2.4301,-0.193954
gen=0_training=784,6.97376,3.25185,7.37104,2.47018,9.73188,-4.19308,5.06108,9.71417,4.60557,-3.66981,8.52782,8.15136,8.39492,3.11925,-3.4742,-2.76011,-1.89497,-1.90592,8.33734,-0.542792
gen=0_training=785,-2.72198,-0.282153,0.963294,-3.35706,9.40148,7.36568,5.76944,4.82673,3.57731,-1.27802,4.54896,5.5641,7.33462,9.43868,5.87346,9.51356,5.28791,2.11654,0.0624252,-4.60676
gen=0_training=786,9.88344,5.71047,1.39068,-2.69551,7.47739,3.45661,3.60806,-3.44301,8.42652,-4.04017,6.08334,8.65904,3.27515,2.35431,4.26027,4.226,-3.92882,9.24115,4.17091,-4.72644
gen=0_training=787,4.21145,7.84508,-0.269383,2.02187,-4.541,-0.59396,5.97119,-3.7532,9.45741,0.738709,-4.54877,4.5223,3.10272,9.62075,2.41572,6.58345,2.27154,-4.25242,8.42199,-1.83524
gen=0_training=788,-0.0997508,2.84602,5.264,-2.46168,-3.32698,-1.22597,0.282793,-0.70103,6.3499,-1.17948,-2.20301,9.61975,-0.41549,-2.26727,3.13857,-4.35734,1.83983,5.01903,4.70293,4.42875
gen=0_training=789,8.18372,9.61477,-0.974817,0.939807,9.39429,1.66957,5.06516,6.33612,-0.649079,4.48475,4.79928,-3.95499,-3.82661,0.0850845,2.79216,7.88353,-2.19945,-0.421969,5.95142,5.2106
gen=0_training=790,3.17444,-3.81949,2.21361,3.08218,-2.55883,-3.33086,8.44826,9.35315,4.06984,6.95664,-2.14328,5.66866,6.92109,5.41325,-3.07289,3.17316,1.71323,1.02478,-1.12242,9.9856
gen=0_training=791,8.80986,2.62699,0.180253,6.26781,1.55617,7.33148,1.08796,1.79981,-3.17477,8.04918,7.55743,2.15241,2.8694,6.71372,7.00315,-3.20179,-1.21148,-2.96281,-1.24538,4.06605
gen=0_training=792,-0.183028,6.79037,0.974139,1.72069,-1.31256,-1.5912,-3.96819,6.86083,2.08208,-3.93588,-0.122177,4.25915,-4.20493,3.04571,6.9683,0.997272,-4.82831,-1.45958,-4.15919,-2.23398
gen=0_training=793,0.228663,5.35775,-3.2953,-1.13316,-2.21255,-4.54991,0.136033,6.62145,6.921,6.46889,2.54311,-0.71259,3.02619,4.62658,-4.95213,-0.969889,-0.312896,6.29124,-3.45189,9.5027
gen=0_training=794,2.65157,2.23121,5.28474,5.15728,-3.25215,-4.36715,5.84611,5.20565,7.23822,3.52358,-1.9002,2.36554,6.05309,-0.232157,-2.23175,9.77815,4.87439,4.66456,-1.85392,9.66285
gen=0_training=795,8.19598,-2.73636,-2.58909,-4.85086,9.78217,8.65418,-0.367292,-3.24862,6.22631,4.99319,1.04705,7.17356,-0.874946,8.99449,6.19932,-1.4643,-3.27487,-4.05211,8.4983,7.19337
gen=0_training=796,7.701,9.09248,1.3624,0.259032,4.40856,9.68869,-0.670361,-2.11478,-1.14308,-2.6037,-3.2697,1.00167,8.13417,-3.15529,4.40586,8.9131,5.866,9.91269,9.59862,-3.13733
gen=0_training=797,5.33655,8.68219,-3.62759,-3.82414,3.22444,-4.68516,0.751334,7.66777,-0.255962,8.07638,9.99048,-1.31149,4.01053,-4.18971,4.065,8.13459,9.48213,-3.47811,-0.70908,7.3359
gen=0_training=798,-3.15566,7.58409,2.58796,9.59299,9.94338,-2.42755,-0.47626,-3.51554,3.59042,6.05601,1.47745,-2.13443,-3.18912,3.72816,-1.79359,7.61954,6.8468,-1.10177,5.42465,0.377943
gen=0_training=799,-4.31494,-3.67352,5.50841,1.94257,4.97646,1.27862,4.66903,1.83875,-0.310056,-0.208853,1.79144,6.82787,8.89483,-3.51452,2.20075,-4.5436,6.18009,-2.06192,6.25179,8.50204
gen=0_training=800,-1.78969,9.84083,-0.24282,-3.77122,2.62737,-0.261199,7.7968,-4.45967,1.13993,9.41043,3.26293,5.20768,0.578242,2.21114,4.86883,1.27352,0.70225,8.91859,9.68551,1.68124
gen=0_training=801,3.40928,2.21389,0.22514,0.165658,-4.91611,3.60731,6.21922,4.57563,2.3668,9.14509,-4.81483,3.09791,-1.71668,0.277687,4.434,-0.273088,1.91718,7.40429,1.34172,2.48087
gen=0_training=802,-2.09083,4.87213,9.38331,-0.973878,3.07951,2.47274,-4.05131,3.49653,-3.74278,3.36605,4.20799,7.14261,-1.67477,0.555751,4.11851,7.7301,6.31236,3.43765,7.87287,6.48553
gen=0_training=803,2.23229,4.90641,3.70213,4.67217,-2.20932,-4.41618,-1.07485,3.64786,1.41583,6.35557,-4.45512,-4.21574,8.54879,7.35054,-1.85295,8.68153,0.0694692,-3.73941,2.6842,3.58923
gen=0_training=804,-4.41584,-4.52304,6.18961,6.25623,2.47114,5.7073,-3.4049,0.477406,6.72311,8.5425,7.58797,8.09581,1.50175,6.77157,5.9209,5.03711,3.18782,5.30112,-4.73767,-3.80606
gen=0_training=805,5.19108,3.05443,3.07195,-1.49756,-2.89413,2.96148,9.75756,-0.488878,5.8698,6.87966,4.08972,7.56312,-4.62126,5.5694,-1.18588,-1.99163,5.69232,0.158653,-1.91913,7.40028
gen=0_training=806,7.55372,5.18848,7.30489,9.17494,7.51193,-2.9468,-1.30192,2.56561,9.40249,-4.62624,4.32148,2.046,-4.15619,2.86374,9.70546,2.33996,9.25462,-0.01452,4.18347,-0.855591
gen=0_training=807,9.29936,3.45618,8.41099,0.360335,-4.87739,8.29642,-4.10942,5.28446,9.46681,-0.838985,2.24018,4.82839,3.05533,3.61087,1.47686,-4.79986,5.98648,4.63694,4.68496,6.05402
gen=0_training=808,5.86589,-1.90831,5.99729,-3.68004,1.4196,4.98834,-3.78298,7.21749,7.71339,-0.29829,6.6099,-3.03198,6.4124,-2.20167,0.235896,-0.741782,1.36959,5.20781,0.0360748,-1.86398
gen=0_training=809,4.75747,-3.19161,-1.88528,4.81928,-4.83669,-1.77,-0.173544,7.28479,-3.06179,8.599,6.42145,1.01968,7.54913,3.97835,0.752547,-4.61681,1.38078,4.99396,9.75895,-3.69369
gen=0_training=810,-0.515406,6.6104,-3.94996,8.4481,-2.32954,-4.80223,-3.23578,2.29185,7.68863,-0.604293,6.76378,7.7361,9.90973,-3.90644,-1.50987,5.45344,0.512252,1.81409,-1.95262,4.18761
gen=0_training=811,-4.20517,8.04289,-2.07351,-0.0918157,8.69701,-3.26449,-2.48646,-3.95249,-2.47164,7.85232,3.01065,4.37578,3.29729,0.681893,8.84266,0.490256,-4.94661,-3.83443,1.15214,1.5872
gen=0_training=812,6.94588,4.93105,6.33021,-3.53539,6.17678,-2.40098,8.65757,-1.58989,2.22329,7.98844,0.00828063,1.4642,-2.57667,-0.142899,7.69298,5.70671,2.89992,3.30965,1.11696,1.36529
gen=0_training=813,6.95863,0.67588,6.61144,-2.88646,8.21328,-3.60497,9.85885,4.68837,6.99827,2.38021,3.30258,4.62764,2.74168,4.89999,9.71577,2.93507,9.85976,-3.25723,1.3514,-0.180675
gen=0_training=814,4.01992,5.38185,-3.82548,-0.653729,-4.50852,-1.62749,5.26964,-0.857212,9.05956,9.03827,2.10152,1.51976,9.44019,-2.66308,4.70243,5.3748,-3.02495,6.61151,-2.59913,-1.75371
gen=0_training=815,0.669387,-1.76813,5.0864,3.95455,-1.4784,5.00512,7.14746,0.0951797,7.39686,0.237264,-1.72813,2.21239,6.12612,-0.582689,2.68179,5.15201,3.95228,8.93132,-2.80427,5.29301
gen=0_training=816,0.402807,6.88026,-4.77364,8.35496,1.83255,-3.15128,-2.10976,3.07951,6.53691,-0.630538,6.96645,9.74932,-2.16339,9.90734,-2.7895,-2.96878,-0.218139,7.94247,2.77524,-1.5336
gen=0_training=817,7.13346,2.33085,6.79297,-1.20717,4.07247,3.25942,9.34035,-4.99415,0.838807,5.18729,-0.0399725,2.38657,5.37501,-3.28284,-4.43591,4.11088,9.05929,8.94062,4.54962,4.30281
gen=0_training=818,0.0890923,9.19991,4.84939,-2.25438,5.28622,0.889687,1.14468,6.83461,8.32343,8.92967,0.113737,8.9472,8.83959,7.44151,8.89705,2.56249,-1.55646,9.89109,-3.15229,3.60503
gen=0_training=819,2.565,6.39339,-1.21668,-2.76055,3.49634,0.770234,-2.96877,-3.38568,8.85435,9.72122,9.27124,5.47326,-3.29871,6.5438,-4.89333,4.29629,7.36767,-2.25026,-1.80386,0.440178
gen=0_training=820,-0.271319,1.75264,-2.20782,-2.86387,-3.71187,2.645,2.44036,5.67605,-1.78622,5.32697,5.66584,-4.0111,2.48613,2.36676,0.0753716,-0.694281,-3.31701,5.22293,7.72274,-4.26841
gen=0_training=821,-2.61396,7.76251,6.98926,4.27433,0.392564,-3.39744,-3.93173,-0.765202,-0.888845,-4.26691,-2.76718,3.71491,9.55175,5.27362,2.676,6.618,6.67587,3.15126,-1.96677,5.90895
gen=0_training=822,-0.602152,-4.92325,2.47497,9.19005,-0.35799,5.87632,4.07778,-3.06588,7.20323,1.45188,-3.16698,-0.543392,2.09668,9.48029,-0.230491,4.98791,-2.79579,9.82892,-4.33717,0.447589
gen=0_training=823,-0.217092,0.860388,6.71909,9.03214,8.65198,6.09992,0.915234,5.25022,7.74915,-1.79769,-2.9889,4.97833,0.170221,6.88693,-2.05201,6.45344,0.789588,8.16338,4.62972,4.87805
gen=0_training=824,4.78362,-1.67448,1.54329,-0.790753,4.37989,-0.801231,4.7109,-4.14091,-0.558282,8.90268,-2.81662,-2.21047,6.5529,4.75853,-0.797526,-4.64903,-4.77358,-1.61538,-3.49298,-0.161206
gen=0_training=825,5.76292,6.8143,7.73072,9.66015,8.39227,7.99167,7.59086,-0.336471,4.55686,-0.387382,-2.00073,-0.558016,-1.24114,-0.0780083,1.20433,3.29466,7.71675,-2.99994,-4.27291,7.1021
gen=0_training=826,8.58878,6.14426,1.11935,8.79863,6.13886,1.87453,2.40183,8.68281,-4.91517,5.92587,-2.56356,8.12424,8.08464,-0.886984,9.96448,0.69634,7.65951,8.70867,7.82988,3.41189
gen=0_training=827,6.45004,-1.62072,-1.78639,1.52444,-2.42753,5.57329,7.93854,1.85997,5.53527,8.00671,-3.01948,2.46213,-0.218697,-4.21611,2.59613,-1.74713,9.89352,-3.77369,-1.44986,-3.3661
gen=0_training=828,3.37935,-0.509613,-4.70283,-0.0756726,6.97457,2.14374,8.56,3.23631,-3.65562,0.387293,7.13609,-1.96942,2.54431,4.95364,9.73902,-4.84039,8.19614,7.64902,0.447035,9.06432
gen=0_training=829,6.51065,-1.0081,2.61419,3.51977,1.21321,9.26656,9.79426,-4.59251,8.61005,0.450723,0.881055,8.54149,-1.54906,5.85716,6.15625,5.08232,0.0297395,-4.37856,5.60737,9.77548
gen=0_training=830,-2.14403,4.5743,-0.423682,-0.338734,3.98444,6.06672,9.30159,-4.61066,4.53436,7.60303,3.86377,3.90026,-0.265408,4.00639,4.24972,-1.34292,8.98777,-2.02054,-4.13438,1.81029
gen=0_training=831,9.81751,2.93885,-4.16415,2.19854,4.49644,-1.3686,9.57795,-1.21985,-1.418,-1.8881,9.08027,9.22917,2.0159,3.87525,3.23081,-1.55255,2.7818,9.0159,6.54256,6.74116
gen=0_training=832,5.65243,-2.22209,-3.88962,8.07287,-2.18319,3.59078,1.10399,-1.79933,-0.714354,2.1756,3.356,1.85702,1.61055,7.10417,5.75188,-0.00718955,4.26173,8.13642,9.8426,-4.65081
gen=0_training=833,7.68823,5.04962,-3.59115,0.122626,5.52969,-4.8439,9.83615,-3.17861,4.5495,7.39209,2.52926,6.90106,4.70065,6.66065,3.21715,-0.550282,4.0043,5.88084,6.82836,4.59107
gen=0_training=834,-2.22599,6.33732,-4.81607,8.37298,5.44683,0.190892,7.3924,3.99944,4.38585,0.882305,0.790276,9.46243,0.0932989,-2.05369,-3.7862,-0.157114,5.66319,7.50981,9.62311,-4.22635
gen=0_training=835,0.26553,5.2053,3.10696,1.84789,-3.37844,-3.44387,0.617451,1.7182,-3.89951,7.20253,6.0492,4.68859,2.52963,9.38756,4.39935,5.93359,8.06835,2.3328,-0.246105,-2.32666
gen=0_training=836,4.61272,3.29374,-4.50795,7.1963,5.3432,4.88681,2.89025,-4.2555,2.00057,5.91485,0.612155,-1.97793,1.69817,1.02693,8.54414,5.63726,-1.90614,-0.245336,-1.57142,-4.0763
gen=0_training=837,8.7335,-1.33428,3.16228,-3.03683,5.2306,8.6941,1.76159,8.77594,7.14069,5.64545,-1.22374,7.67361,-0.694745,4.07915,9.86561,-2.56626,-2.22388,-4.41109,0.22971,3.21785
gen=0_training=838,4.55661,7.02402,1.46494,4.40546,-1.06646,4.76644,3.55478,-2.7402,1.89693,5.21199,2.98931,5.48672,7.82495,-0.00650672,6.17572,3.36908,-2.93011,9.26216,2.47915,7.52983
gen=0_training=839,7.76334,8.38637,2.23647,-2.88163,7.36206,9.18768,-0.303358,2.6384,2.3204,-1.76519,3.07014,7.28571,-4.8403,1.4539,-0.770824,8.43371,8.53212,4.13934,-1.74549,3.25565
gen=0_training=840,-3.04073,-2.25695,0.000542388,4.14011,5.53761,-3.27798,-3.43361,-2.19748,-3.68791,7.45785,-2.65551,6.88298,5.60415,-4.42999,8.60607,-2.34073,3.14843,-4.5989,-2.77313,-3.88311
gen=0_training=841,6.48918,2.28981,9.9629,6.62394,-1.87459,6.70379,4.98011,6.6474,-3.73998,5.84481,5.896,9.63809,1.29668,0.468128,6.64457,-0.705352,9.91129,-0.777458,-3.8246,-2.94947
gen=0_training=842,5.43048,1.51044,-4.8937,8.48335,-4.652,4.30758,3.78682,4.86715,1.23471,3.82121,5.15539,-3.75116,8.91813,8.73359,2.9294,5.2061,1.22187,7.7619,3.71656,3.22631
gen=0_training=843,9.36283,-1.15086,7.65455,9.9841,6.80208,2.90987,2.35464,4.79985,4.0786,0.484033,7.02676,9.06277,-1.02995,2.65755,-4.02486,2.7597,-0.335396,9.96939,4.38654,5.42624
gen=0_training=844,7.17432,-0.945534,-1.49934,-1.72654,1.39396,-3.55136,6.53128,-2.06892,-0.89592,3.00789,2.75637,5.25082,-4.51361,1.71567,6.08945,6.75015,-4.5012,-4.39768,5.71699,4.00147
gen=0_training=845,-3.34329,6.85604,3.14782,4.76783,-1.7854,2.99412,-4.27496,7.29394,0.468415,2.85197,-1.37059,3.60058,7.63661,6.50349,1.44492,9.52179,-3.35589,2.41187,8.08179,0.717689
gen=0_training=846,3.01315,2.15245,2.01335,7.42285,-2.01077,2.1736,-0.960038,-4.38349,-3.94366,0.804661,-2.84593,8.84406,0.551941,9.73192,-1.21091,0.060029,3.97205,4.08322,2.30773,8.64956
gen=0_training=847,8.0331,8.46703,9.50154,2.97839,6.74766,0.226846,-1.14505,-3.23477,9.86776,9.6717,1.93563,8.5291,1.77299,6.55393,5.56082,2.60093,7.85385,-2.6152,-3.25843,7.14223
gen=0_training=848,2.19178,4.45718,3.14121,-0.853999,1.93068,4.49347,4.85055,6.80977,-4.79735,-1.95218,3.99695,9.31698,3.557,0.21879,1.60001,-2.37696,-1.83672,4.43543,7.37364,-4.87499
gen=0_training=849,-1.95231,-4.30418,2.155,7.47244,1.86226,-3.166,-3.20128,0.218945,9.39577,7.25348,-3.86422,0.980932,-1.78048,2.126,-2.01377,6.83797,6.03162,-1.09062,0.547679,7.2091
gen=0_training=850,4.981,-2.04594,-2.18454,-0.426621,9.68395,8.33657,5.53185,-1.70336,0.687901,4.54724,5.21613,1.95427,5.13762,5.07303,1.11041,-4.04981,6.41109,-4.98355,-4.22353,6.72209
gen=0_training=851,-2.44218,8.53155,3.25162,0.217923,2.17495,-1.66703,7.52465,3.28731,-3.09493,2.12493,8.92449,-2.04292,1.26099,-2.47288,4.6045,3.57486,-4.08523,7.72017,1.88586,-3.037
gen=0_training=852,-4.55878,1.9407,0.943123,-1.77105,-2.34681,1.86532,-1.84775,-1.19389,7.95952,6.11478,-3.41887,1.33343,-3.73121,6.21084,-1.57488,7.24766,6.73773,0.737361,-2.1667,-2.7295
gen=0_training=853,-0.921852,9.21647,-2.52808,-4.20528,5.16659,-0.430446,1.8751,-1.04128,-1.3728,1.98798,-3.75525,7.5538,-1.46219,-0.713642,-4.30301,6.41986,-0.206355,9.08093,-2.40681,5.11862
gen=0_training=854,5.90036,-3.83039,4.97726,-0.772177,0.463687,5.30177,5.25962,9.6944,1.72693,-0.179856,7.0339,-3.61149,-2.34862,9.36943,2.42779,-3.13323,1.86705,3.33231,4.9743,-0.214528
gen=0_training=855,2.74307,0.217077,5.79147,-0.499419,3.1269,-1.56973,0.449366,7.77735,5.48503,-4.07871,-4.85544,7.44945,1.3605,8.11559,-1.60193,-2.1135,-4.46361,-2.27407,2.90723,-0.225364
gen=0_training=856,0.960351,8.55279,-3.77745,-3.86766,6.30187,4.01042,-0.99223,2.40045,-3.4933,4.97831,9.59834,-4.22474,-2.76552,-4.1356,7.68283,-2.00644,1.73036,-1.43164,-4.39352,-2.55571
gen=0_training=857,0.0216804,2.05372,0.41549,-2.71665,-0.912653,-0.978256,5.50099,-4.50513,0.667538,8.61704,-0.417008,-3.28749,-2.52606,2.88786,2.00086,2.47882,0.971424,-3.59221,-2.63575,6.39633
gen=0_training=858,1.17143,9.32193,5.63489,4.04086,-4.4564,5.0393,0.845634,-2.21465,-0.761753,6.09825,0.0934622,1.1196,1.83295,-0.0328977,3.72932,0.16153,1.59034,-4.52993,-3.39612,8.36089
gen=0_training=859,0.9105,-1.36936,0.584599,-3.96632,-3.14054,5.39859,3.1893,-0.508431,-2.35579,-0.273107,3.95049,9.77342,-2.01197,-1.82724,4.67516,0.251343,-4.66671,1.11449,-4.25531,-1.03708
gen=0_training=860,9.25326,-1.23409,-1.35977,5.17555,1.777,2.25503,2.19602,0.374091,5.2164,7.61592,1.18363,-2.43587,2.78498,4.32217,9.09075,-3.96277,-0.837513,6.84284,6.66046,9.43304
gen=0_training=861,-4.39461,-0.780426,4.81322,5.97729,7.40383,9.04806,3.88939,5.243,8.38546,5.94464,-0.827769,1.54828,6.06175,-3.18198,8.76353,-3.71403,1.70498,-1.23516,8.37435,2.81333
gen=0_training=862,-2.37809,-1.88662,9.94942,3.34998,3.80425,8.83722,-0.628938,-3.8057,-4.13606,3.0637,5.45852,-0.974255,-2.85438,-1.90223,-2.58543,6.74096,3.69945,1.05848,-0.465155,4.66914
gen=0_training=863,-4.93365,0.951099,-1.19443,-4.14196,3.75888,7.81566,7.29145,-4.98238,-2.95158,6.65057,-0.508193,-0.14142,-4.26617,4.50121,-1.37885,1.81874,6.3715,2.55246,2.45365,0.292796
gen=0_training=864,-1.93963,7.10005,5.88419,-4.56759,9.05727,-4.03269,-2.02604,-1.16393,1.02449,-4.89159,-3.14111,-2.4296,5.49071,5.37443,0.656957,-0.822708,5.04828,0.426924,6.88877,5.60497
gen=0_training=865,1.12922,9.8019,-1.69332,9.75367,9.76016,8.27928,4.39967,3.13401,-4.74432,2.03771,7.33377,-3.77134,1.61672,5.99309,6.68122,-4.33037,9.20091,4.18154,7.05784,1.80745
gen=0_training=866,1.51776,4.06517,4.30463,-1.53314,9.32545,-0.39405,8.86296,-1.5513,5.55609,-1.14294,3.37414,-2.71573,-1.55971,6.91098,-0.745091,7.93705,9.81358,5.94325,-0.4744,-4.17506
gen=0_training=867,-2.51216,5.31058,-3.66763,-2.3527,8.56687,4.51168,0.586334,2.42032,9.17273,-2.26569,0.784996,4.59829,9.39651,-4.4989,7.97977,-0.577475,-1.72988,-2.64569,7.65934,2.60436
gen=0_training=868,-1.70253,-0.340342,9.2589,9.50187,-2.07183,4.09539,-1.21869,4.95104,8.47209,4.73621,8.60647,-1.29349,-2.6434,4.6787,9.62674,9.4946,8.56982,5.62115,0.384078,6.18414
gen=0_training=869,9.39834,3.30503,4.39569,-0.366664,9.34299,7.43991,8.77679,2.26734,-3.26058,8.41705,6.09274,0.913531,0.884415,3.40923,5.71875,9.03597,3.86312,-2.28669,-3.94879,4.94229
gen=0_training=870,-0.473389,-3.76067,8.64768,-2.11673,-1.2054,6.00367,-2.21936,9.79497,0.958427,0.356352,9.19477,8.92617,-3.62254,3.95134,8.97948,-2.39592,9.54533,4.57785,8.75205,-0.742547
gen=0_training=871,-0.914928,7.13054,-4.05998,-1.39086,6.22075,-1.01336,-2.78981,3.92646,-4.36285,6.25775,-3.67577,-1.41431,4.31494,2.29112,7.59857,-4.17647,8.47372,2.79017,-4.77288,-2.66151
gen=0_training=872,-3.67136,9.17162,1.56802,9.77103,7.52542,0.749171,-0.0563114,9.05217,2.14215,2.89243,6.18658,3.36158,8.35684,8.63949,-3.94827,-1.76469,8.35531,-1.95302,7.40751,-1.67024
gen=0_training=873,-4.01947,7.2589,8.78162,2.94512,-3.28124,9.38087,0.210186,-0.61491,1.9624,0.223424,3.64481,-3.93191,7.90498,-2.48344,9.11961,7.921,8.40458,-2.69626,7.81131,2.52319
gen=0_training=874,5.81127,1.60967,5.64476,7.54299,-0.494343,2.37924,7.81382,3.97421,1.92115,8.67183,-2.7636,-4.56269,7.5908,1.56101,-2.53959,1.62968,-3.40849,3.01457,-1.8358,-4.58152
gen=0_training=875,7.20812,0.316148,7.09235,3.72537,-3.87537,4.38767,5.7016,6.68536,6.48331,-1.50611,8.70387,9.28719,-3.15427,-3.94794,3.00616,6.8324,5.39733,0.040155,6.7821,7.31501
gen=0_training=876,4.09426,8.27416,9.99905,0.226625,-4.90615,6.97192,-3.72937,-2.30198,-0.360547,4.65771,2.43269,-1.72439,0.951302,8.4831,-1.78962,-4.34662,0.292103,-1.60631,9.32625,7.79198
gen=0_training=877,7.59573,0.177182,-4.2298,-0.524853,8.71313,0.0976181,1.7149,2.45588,5.18665,8.15168,6.99599,1.52642,-1.38632,5.32076,5.30157,-2.63257,2.74758,2.38598,-2.0649,-4.63744
gen=0_training=878,7.99222,9.75681,7.15598,1.48548,6.03636,2.53707,8.701,-4.82867,5.62045,7.4227,9.81448,2.87105,8.97454,-4.14941,-0.125176,1.20315,-3.23302,-0.224098,-4.87807,8.56623
gen=0_training=879,-1.5318,1.26521,-1.11699,8.40564,-0.161765,2.78332,6.99382,-2.43444,-0.838334,-3.58887,1.02278,8.26964,-2.87112,-1.95901,4.2035,-4.74916,-4.40554,7.25949,-2.42038,3.41925
gen=0_training=880,8.52022,-4.95284,8.83198,-1.17998,9.85328,2.97509,-0.200101,-1.49194,-2.031,9.80469,-1.28001,4.44059,-3.09153,6.18249,-2.57659,2.90693,-3.9148,9.0094,1.49968,2.3768
gen=0_training=881,-0.979041,-4.48827,-0.58412,-3.5117,1.70486,-2.24761,9.9725,7.59799,1.64714,3.88151,2.99767,2.99587,1.00506,-3.86466,-2.71182,1.87196,3.63824,-3.46103,-4.16632,4.86587
gen=0_training=882,8.32212,-0.709928,4.79956,5.43035,6.3547,-4.46951,0.904393,-3.60603,9.49614,1.17115,5.70955,2.87796,-1.76542,6.02517,4.58302,7.97065,1.77485,-2.56613,6.67026,2.30035
gen=0_training=883,2.21939,1.98822,9.87423,9.12935,-2.99012,-0.866432,-4.084,0.657102,7.64169,-3.12406,2.36581,-2.5831,1.03434,-1.72142,-4.04072,-1.53024,3.52232,-3.56626,4.48765,3.32648
gen=0_training=884,3.15383,2.70635,8.60619,-0.23204,6.86282,2.56407,9.52315,5.1064,6.27621,7.22249,6.46672,1.21083,5.51622,1.06729,8.42171,5.48092,-2.11532,6.51551,-2.28779,3.99639
gen=0_training=885,3.417,-4.44206,3.03159,1.0764,6.95177,9.10053,5.57486,7.54751,-0.422865,-4.11972,5.93585,-0.59143,0.935538,-2.7148,3.58516,0.547601,5.41579,7.4639,4.04413,-1.54626
gen=0_training=886,9.46484,-3.77785,-4.28684,-2.93423,6.62565,-2.99911,-1.2431,0.242682,9.43799,9.32641,6.29102,5.54841,-0.139257,7.75311,-4.68434,6.31208,-2.18337,-3.58635,4.58103,7.30905
gen=0_training=887,-1.92399,9.69061,8.67488,-0.038209,2.14597,1.04593,-2.35387,-4.05326,5.66573,-2.20674,-4.23237,3.40646,2.3023,4.96052,4.37286,-2.24132,4.77819,3.84265,2.22323,7.2797
gen=0_training=888,8.47602,-0.733088,-0.750577,-1.23235,6.21258,1.08833,-1.2585,3.69557,5.18078,-4.91606,3.6941,7.33635,-4.32087,-3.22295,5.0313,4.89664,3.64744,0.918675,4.3975,2.55757
gen=0_training=889,0.807391,8.11371,9.65556,0.277036,8.74091,-2.83526,2.80404,7.92718,-4.47168,2.08776,8.59569,8.40694,7.08637,-1.41603,0.587842,-2.15302,-3.80771,8.18537,-0.21961,2.09934
gen=0_training=890,2.39345,-4.47174,6.97287,-1.62718,1.22758,-0.017703,2.38781,-3.62178,-1.12508,2.56305,-1.44604,0.804193,-0.768871,4.64319,-0.223465,6.53805,2.02483,-3.97122,8.96764,9.65371
gen=0_training=891,0.753636,7.11207,4.09767,8.6818,-1.16948,-0.826011,-0.118859,-3.98339,-0.231185,9.06542,9.98256,-1.8283,-3.79532,-4.16777,8.68101,-4.16823,4.72867,3.05756,-0.862466,-0.467643
gen=0_training=892,1.07304,-2.32319,-1.35097,7.00973,6.68474,5.00356,-1.73545,5.12842,-4.75879,8.26754,5.11731,0.0171778,-3.89793,-4.32481,2.88772,1.93441,5.56696,7.32815,4.0043,1.93189
gen=0_training=893,0.37589,1.01058,-0.867815,7.9008,3.37459,4.63571,-2.39791,7.08212,8.56294,9.53118,-1.24491,3.20867,1.59503,0.991339,7.24453,2.24646,0.0408686,8.73155,-0.983649,0.548626
gen=0_training=894,7.07214,4.33931,-2.31342,0.574776,8.13039,-4.77429,5.30205,6.23437,1.07837,0.0527032,-4.97818,1.71107,-1.0968,7.87923,-3.91995,-4.00727,6.35359,4.75576,-4.5911,-0.230122
gen=0_training=895,0.209602,-0.539867,1.90445,-3.2805,4.54329,7.22817,-4.55754,9.11838,0.112612,1.05057,3.21105,-2.62162,-1.68551,8.66755,-3.39399,0.37751,5.50969,6.91194,0.859698,1.75853
gen=0_training=896,4.12772,-2.96324,-0.0849124,4.73761,3.25923,4.04362,1.90154,8.19559,1.01207,-4.31279,-0.878516,9.85981,9.99489,6.58304,8.21242,4.18278,8.13953,7.28634,-4.64852,-2.0946
gen=0_training=897,-3.17748,5.28832,9.48306,3.19251,-0.126814,7.73453,1.98866,4.12954,8.1832,5.03399,4.47816,7.01057,-1.61805,5.16906,1.7754,-1.03389,7.77911,-1.50271,-2.68924,-3.39834
gen=0_training=898,4.87686,3.71895,2.71895,-4.38409,7.02502,-1.9621,6.43462,1.66306,1.10559,-4.73538,8.72995,-2.59159,8.34406,-4.28569,-3.23155,7.57475,-0.786795,-2.95803,9.57033,-3.4445
gen=0_training=899,3.8611,2.06917,-3.75059,6.79016,-3.96121,-4.11623,0.806942,8.39108,4.91328,-4.82016,-2.04969,-0.182128,3.87249,7.66861,-2.14684,4.87676,3.78305,7.58219,-4.02992,2.78594
gen=0_training=900,3.93997,6.03841,2.45218,-4.94357,8.17024,-1.72549,2.88822,7.9011,6.61541,7.87389,3.71677,1.92791,3.49438,4.06258,-0.551954,9.15121,-1.663,6.98408,-4.0174,6.08261
gen=0_training=901,4.3572,5.29448,0.215973,0.563833,-2.64976,7.19477,5.94054,-0.116346,1.93767,2.91678,-1.43141,-3.71579,-0.164453,4.46939,9.51164,3.24012,2.25243,7.67983,-4.08349,9.83672
gen=0_training=902,-1.35302,0.600633,5.03431,1.02836,1.97264,5.68373,5.77931,2.9555,-3.12179,-4.48218,8.11756,-3.59179,1.09531,9.99705,7.56953,7.6089,-4.48574,-3.66079,-1.00088,1.82959
gen=0_training=903,5.5056,8.78074,8.93972,-0.219756,-4.42893,-3.78076,1.96948,1.93781,6.83187,1.03416,0.684251,9.88158,-2.27863,-4.59103,-2.69258,5.57452,-1.65169,3.75124,2.71542,-4.96758
gen=0_training=904,8.63674,0.897014,-4.65536,7.33351,-3.61289,4.39745,5.89318,3.45326,3.36699,-3.47422,3.23248,-0.609801,-4.20795,8.70436,0.616749,3.99452,6.76148,-1.52826,6.41048,6.19833
gen=0_training=905,-3.65106,7.63287,4.07561,4.9312,9.24027,0.814366,-1.44132,8.53626,3.99524,4.93871,-2.48822,7.40276,5.25204,9.70004,3.92909,1.67003,7.45305,-1.75103,8.82049,2.87583
gen=0_training=906,-3.35071,-0.490751,-4.8999,6.84929,2.69805,9.60323,2.50471,2.85579,6.96515,6.70584,-1.74999,5.30475,5.43255,9.57518,3.91883,4.34234,-2.35509,-3.28866,6.3161,5.71564
gen=0_training=907,4.66571,-3.27548,7.93519,-3.46283,2.48971,-1.9431,3.45225,8.57686,-1.64502,-0.790957,8.03249,0.0418875,2.34708,-2.75096,-3.13052,7.22511,1.53952,-0.957821,4.67123,-2.59883
gen=0_training=908,6.41288,4.78127,2.50598,-1.40363,1.85256,-3.52737,5.44854,0.306096,0.358461,4.05442,-3.83819,-0.562201,8.98142,1.80974,6.2425,-4.91688,-3.62424,-3.48557,-4.6911,-2.41482
gen=0_training=909,-4.60785,1.04846,9.21852,-1.60075,-2.91514,1.82183,9.94472,0.261116,-4.90466,-4.9264,2.86497,-4.75295,1.49317,4.09633,2.6191,1.43817,-4.07976,8.09842,9.42896,-3.30843
gen=0_training=910,-2.33108,4.64852,4.21607,-4.3622,2.65347,8.23399,8.8241,5.31379,-3.31626,0.158173,6.23228,-2.52218,5.27069,7.85302,8.90987,2.08404,0.8631,-4.85862,0.0861885,-0.122853
gen=0_training=911,7.34595,-0.240456,6.74998,-2.52341,1.90496,-3.35377,4.59705,-1.37086,5.42824,-2.13366,-4.62798,1.48925,-0.0802738,-2.07078,-2.30865,5.12674,9.95434,6.79092,-1.64846,6.97481
gen=0_training=912,2.79819,4.04524,-3.02012,3.1287,2.79239,-2.63293,2.96028,0.465572,1.52785,3.92094,4.84898,5.40148,3.58074,0.842111,-0.695403,5.42773,2.87575,0.216467,-3.88545,4.13105
gen=0_training=913,-1.83514,0.411535,3.97778,0.822538,5.93211,2.55068,7.02187,8.47475,-3.14667,5.87016,8.7764,-4.04007,-1.16917,5.76028,5.9,3.13946,2.01067,2.33539,9.34763,-3.86055
gen=0_training=914,4.93176,0.160024,0.630928,-0.356224,7.78805,-0.796682,7.74396,-0.873656,-3.10585,3.95619,8.26273,8.15725,-0.888689,7.3614,-3.75948,-4.42649,3.54189,5.48782,-3.56182,4.98891
gen=0_training=915,-3.18912,-0.785548,-1.86474,2.34894,0.305361,5.2481,8.42552,4.31995,6.36607,-3.43966,0.40312,-0.215335,0.154638,5.99502,8.92801,5.81996,-2.71719,-0.640108,3.89997,0.774916
gen=0_training=916,8.04238,0.295951,-2.12343,0.412634,4.91358,6.33013,-2.46809,-1.12101,-2.57252,-2.40271,-4.20952,4.24774,9.37607,4.48025,5.85398,6.12797,2.829,-3.94951,7.56187,-2.08258
gen=0_training=917,-3.59426,-4.77451,-4.87293,1.24373,-1.75398,-1.1317,0.263851,8.74273,9.61029,-0.000328185,3.84623,8.47528,-0.95863,-0.667463,-3.72473,3.55143,0.113382,-1.23416,-2.02349,7.67895
gen=0_training=918,6.31401,5.55723,9.41115,5.89622,7.4062,7.83833,7.30679,-0.135916,9.82225,-1.34338,6.86082,-1.48789,4.11121,5.63028,8.77793,-1.24636,-1.75098,-4.95167,2.58864,-0.0507338
gen=0_training=919,2.44683,6.24114,5.0538,7.23181,-0.445235,-1.17271,7.71158,5.41848,2.36499,-2.41952,-4.60852,8.19968,-2.06229,1.44442,-0.200753,6.34928,2.5266,-4.01993,5.97768,9.09173
gen=0_training=920,0.117956,0.11232,-0.25309,2.52874,-1.56305,4.90606,8.01856,-4.08324,2.67239,-3.61676,-2.68213,-0.66308,7.26784,-2.79752,-3.99274,7.5517,-2.83912,-4.82608,1.90017,2.26666
gen=0_training=921,5.60599,7.17493,8.89893,3.39646,-4.13704,9.56816,-0.148686,-0.882839,-3.60705,5.65676,-3.10766,4.96871,2.82868,5.68786,-1.25753,9.30636,0.902715,3.23616,-4.66133,5.09392
gen=0_training=922,9.56765,1.12875,5.17129,-3.38202,6.74392,9.24783,5.69386,2.23492,1.56727,2.61571,-4.79739,1.9025,0.113026,-4.79909,-0.534279,-1.86431,6.01157,4.45439,-1.69766,0.344012
gen=0_training=923,6.77735,8.91183,-3.41093,-4.10878,6.16217,5.83014,1.78833,4.18847,8.29261,7.95837,5.64702,1.29254,1.63868,-0.406598,-1.03376,4.44503,8.7164,-0.114226,-4.60524,6.03327
gen=0_training=924,-4.96096,5.59742,-2.02079,1.16816,-3.40138,-4.75492,8.38332,-2.99142,5.09447,9.68924,3.9568,-1.68127,5.54912,5.49024,8.31803,4.41444,-3.49813,1.77814,-1.67253,4.61502
gen=0_training=925,9.67456,-4.19248,-0.518451,1.63278,-3.90298,7.07719,2.21904,0.713486,-4.09645,7.03036,-2.39236,2.30897,3.51955,7.02542,8.64643,8.21502,8.52432,1.94243,6.43742,7.49842
gen=0_training=926,1.32986,6.7745,2.75893,9.00159,0.526197,7.35955,-0.410979,1.36591,-3.57065,-3.54492,7.01392,7.90418,4.57507,6.52374,-4.08225,3.21498,1.48875,-0.190069,9.37633,8.44761
gen=0_training=927,7.60627,1.06516,4.69403,-3.454,7.01161,1.9055,-0.610879,0.985842,0.0632848,7.27499,-3.9475,-1.24761,-4.06252,4.80513,8.40606,6.92495,-1.32933,-1.37217,1.78451,-0.5598
gen=0_training=928,-3.37665,2.3646,-1.25407,-2.08384,-3.98343,7.9837,9.06524,4.20487,-0.0488475,4.27674,8.98191,5.79361,3.93119,6.38497,-0.882964,1.49896,2.30315,2.31861,5.1798,-2.14605
gen=0_training=929,7.21169,8.32761,-4.84089,8.66306,8.73135,-1.25086,-0.386996,-1.84689,7.89809,1.41905,2.70562,5.17057,-4.81498,0.438029,8.2716,9.79009,2.47921,0.503817,3.30343,6.44673
gen=0_training=930,9.82321,1.49063,3.20292,7.99065,8.99611,4.12409,3.68938,-3.69451,0.993487,1.4916,4.03471,5.7657,1.72442,7.7313,9.55316,5.3948,-3.93985,-1.63642,1.82768,8.24539
gen=0_training=931,-3.5447,5.44213,-0.702422,6.78948,5.8053,-4.39168,2.83492,-0.405817,-1.82677,2.67719,-3.08027,-1.13885,-1.11399,-0.807679,9.24057,2.41882,4.90726,-0.566999,4.02998,-1.21297
gen=0_training=932,-2.43418,-3.00773,-3.3076,-4.26026,8.49751,4.53311,8.76327,-0.0269677,6.18945,8.22055,6.34323,1.19963,7.17134,-2.03889,5.20564,-1.36851,-1.48495,6.40262,7.31176,-3.77991
gen=0_training=933,1.18102,0.243055,-1.13826,0.898546,7.6195,3.10167,6.69816,0.682504,-3.47903,5.50499,8.53491,1.15998,-4.56522,3.36557,7.23603,3.51983,-3.53006,2.07849,3.51023,-3.59366
gen=0_training=934,9.28244,-1.51912,7.74634,2.08597,6.69117,-4.70595,1.66494,-2.1259,-2.36183,-2.246,0.0347815,9.60259,6.7872,0.169833,5.37942,1.60232,5.02274,0.0671198,0.0242282,4.82963
gen=0_training=935,9.09721,1.44731,7.52741,1.45965,5.96786,1.4985,-0.807654,9.59372,0.877542,0.384178,-1.52586,7.83865,-3.64413,7.91872,1.53377,8.71298,1.26513,-2.83693,5.98365,8.63467
gen=0_training=936,0.145669,-0.383131,0.787747,8.55454,8.86942,8.89625,5.24158,-0.986347,3.34769,4.17104,0.19182,-0.272108,-2.22872,-4.38719,5.75756,-0.532507,8.27657,5.17752,7.00786,3.94836
gen=0_training=937,3.60084,6.47301,-4.8521,0.0877152,4.53066,4.20432,8.34524,7.9878,2.29777,2.49399,-1.2034,0.413885,-2.8585,5.86225,-1.47825,5.3488,6.87913,1.49523,-0.147548,-2.26166
gen=0_training=938,-0.935338,1.57498,9.28753,-4.09765,-2.15236,0.562863,-4.31452,7.79305,8.90146,4.62714,-3.35887,8.85827,-2.95905,5.53283,9.9992,7.77229,8.26673,-4.69954,-3.83486,3.67694
gen=0_training=939,1.24197,1.99011,-1.57221,8.52411,2.46367,3.73471,8.13714,2.39398,-4.63227,2.30918,8.50879,-1.35736,-3.58953,7.00485,4.01872,-0.612662,-3.16756,7.19009,-0.592854,5.25271
gen=0_training=940,6.0874,0.264683,5.00312,3.44962,-3.68004,5.34036,6.74801,5.02568,-2.8291,5.47438,6.57633,-3.31655,-2.68465,1.29779,2.01416,2.90321,-3.67121,-3.40222,-2.93047,5.78216
gen=0_training=941,-2.35482,-4.23379,0.803574,3.55092,9.75569,6.717,0.112088,-4.96932,0.609035,8.30013,0.825803,-3.32777,4.4217,1.11641,-4.36588,9.05629,-1.47087,1.67726,-3.85109,6.30413
gen=0_training=942,0.473231,9.50831,3.00404,2.22009,6.04094,-2.70295,6.02907,9.61177,4.44246,1.12621,-2.79625,-3.48881,-4.93619,8.06945,8.05294,8.11922,5.69852,-0.444926,5.43332,-1.97715
gen=0_training=943,-0.0593011,6.41637,5.2552,-4.69514,4.92853,8.98978,-4.83737,-1.31521,5.37252,2.6614,4.25629,4.28326,9.41689,4.30871,5.17755,-4.57565,-1.93665,-1.51789,9.3962,-3.63395
gen=0_training=944,0.259684,-3.44508,7.47696,-0.46714,2.56542,8.58518,5.11401,3.51312,-2.24955,-2.43217,-0.807539,3.63926,-0.895625,5.20907,2.98544,1.13371,3.28705,-3.7246,9.5075,-0.617842
gen=0_training=945,1.2288,0.445739,-1.76995,-2.62947,5.49378,3.86913,4.30439,-1.00157,-4.50052,-4.2484,6.19182,0.275427,-2.02556,-1.75555,-2.25209,7.69764,-2.53319,-2.18708,6.47732,2.64436
gen=0_training=946,6.1007,1.36356,5.07802,9.57464,-0.693093,4.78709,-2.32801,6.17723,6.73118,-0.718193,-2.78889,-1.29849,1.24182,0.754259,2.33913,9.56458,9.60195,-2.00834,-0.809425,8.61759
gen=0_training=947,-3.89593,5.10665,0.500118,-4.19361,0.065627,0.706172,-4.43899,5.99262,8.07853,-2.5272,9.68134,7.58427,-3.65231,0.786981,2.81421,3.52711,6.97653,8.59529,5.36545,-1.79686
gen=0_training=948,3.77045,-1.14222,-2.8682,-1.09399,-0.20438,5.49682,7.35749,0.230669,7.27874,1.31697,8.47415,5.6234,-0.936435,2.52365,1.21931,-2.02303,9.23392,2.05784,-0.836906,-0.127575
gen=0_training=949,0.0606072,2.13684,5.31108,6.01682,6.32388,6.9634,5.00096,8.45127,9.59943,-1.91665,-1.69733,3.32608,-3.83645,7.99317,3.5021,-3.8658,-4.96469,-3.55928,6.61126,-3.38921
gen=0_training=950,-1.38324,6.27485,1.26187,-1.81765,-3.33871,-4.45048,4.19109,5.91878,3.21407,9.74815,9.10741,0.22694,3.01646,4.18697,0.872736,0.210499,-2.74286,1.36865,5.0236,5.86131
gen=0_training=951,-2.58954,-0.124412,7.92948,-1.75689,3.59334,-1.52112,2.02459,9.64746,4.71451,-1.5565,-0.914193,-1.55649,-4.11761,1.99862,-2.18141,7.44506,6.92073,1.73244,-0.815105,9.05195
gen=0_training=952,-0.318807,-1.85297,2.41342,6.4525,4.40121,0.695784,5.14522,3.42263,7.5106,3.78289,7.06285,-3.80542,5.03157,-1.37095,-1.90064,4.77856,3.05396,-4.15869,2.86998,2.16977
gen=0_training=953,-0.890576,8.76528,6.21567,1.69776,-1.19984,9.6798,-1.99923,6.21838,-4.70616,-1.31303,-2.0927,9.59304,3.83697,-1.14943,4.08611,8.53804,-0.441933,-0.0361985,-4.92437,1.26869
gen=0_training=954,7.84266,8.87996,3.77081,-0.302862,5.05159,-1.99455,7.25226,6.00741,-2.52349,0.515707,4.15628,-4.17097,8.04298,-4.64856,-2.37833,-0.630038,0.802996,0.237994,-0.293955,5.97317
gen=0_training=955,0.676872,6.04272,-1.43745,6.04142,0.0441416,-1.05609,2.24055,0.728095,4.7211,-3.77316,-2.63109,8.91268,3.09918,7.76998,-3.50963,-3.46134,-1.40155,3.86373,2.11256,7.57212
gen=0_training=956,0.840977,-3.99031,0.931542,8.93616,4.34502,2.2632,-1.91703,9.92178,6.93783,-2.90623,7.72604,-1.43766,-3.26002,-1.0401,3.07147,8.9514,4.78936,0.303113,-1.86904,5.49212
gen=0_training=957,2.03259,-2.433,-1.61807,5.93222,0.619318,-0.588528,-1.86094,8.59127,-3.36432,0.530749,7.37593,5.08389,2.09084,7.08112,9.32659,1.65589,1.35894,1.51068,8.40245,0.683808
gen=0_training=958,-2.68814,-2.90667,5.33354,5.42166,1.75113,-3.61776,2.04027,8.24879,1.75125,6.07749,-3.6118,0.900451,-3.36786,1.5979,-0.117034,0.812706,5.76668,2.71887,8.69829,2.17425
gen=0_training=959,8.3723,9.65799,5.15336,6.63987,6.23723,0.00741178,1.42176,4.69823,9.73199,6.02423,8.55007,-4.85021,4.2067,1.91079,-4.52667,6.20871,2.05125,3.7832,2.37883,-4.28234
gen=0_training=960,-2.11721,6.83648,3.57122,-3.39613,2.67981,0.502926,6.02319,5.16287,1.34941,-0.136656,5.52151,5.15656,-1.6507,0.952071,3.02822,3.68912,-2.12572,-3.88838,2.33583,8.49491
gen=0_training=961,6.58325,0.416247,3.44855,-4.84299,5.46688,7.63368,7.95669,-1.26399,0.978869,0.988513,-1.14487,-3.76179,-4.40027,9.38258,3.62948,4.78913,7.01353,-3.45186,6.75634,0.0311276
gen=0_training=962,1.55931,0.138573,9.39112,-1.32359,6.6243,5.35669,4.28876,5.14682,9.79034,-1.28294,-0.425477,3.11207,-1.45383,3.08352,5.99306,4.94449,-0.583344,5.65083,8.88042,0.911469
gen=0_training=963,2.10801,0.369157,-2.67463,5.01851,-0.543555,-1.86923,4.83765,2.68741,9.08698,-2.86903,3.8269,5.23032,5.21936,8.26728,9.32078,7.4559,4.41208,-2.72218,-4.96503,7.02504
gen=0_training=964,-4.22842,2.61259,-3.53274,-1.88711,-0.662793,-2.6498,-1.20261,-2.60356,-3.32655,1.22252,0.83677,2.25207,0.0514174,2.80477,-1.63095,9.84072,-0.938292,-3.90402,6.64361,3.1337
gen=0_training=965,9.97343,0.289029,0.578359,9.01048,-2.7993,7.85374,-1.04726,6.30841,1.07216,4.56459,5.82951,-0.525422,-4.03131,6.24594,2.11554,-2.88124,1.32315,9.79455,-1.51288,-4.12851
gen=0_training=966,8.96355,9.53813,0.3163,6.5916,4.96357,-4.43945,9.72134,1.01417,9.64832,1.33099,-2.11289,7.91658,0.124467,-1.49316,7.79016,-3.26638,3.02275,2.48423,0.0718217,-0.563383
gen=0_training=967,-3.69359,5.24651,1.70789,2.11338,6.41499,6.19804,4.06406,0.162515,-4.99994,-0.872334,2.82809,9.40889,-2.44014,3.17293,1.17079,3.60079,-3.25012,1.39538,4.84562,3.35966
gen=0_training=968,-0.672539,-4.71153,-0.507941,5.33416,8.59824,9.53888,-4.00561,0.503353,-4.42503,4.8781,4.93234,-0.453385,-1.27979,1.84861,-1.4337,2.01224,0.451829,-1.27813,-2.83675,1.12549
gen=0_training=969,-0.369116,-0.109622,2.39827,-0.586105,1.43918,1.69098,1.6244,9.74524,-2.23743,3.62677,0.55646,4.60899,0.0844746,3.39082,-3.65607,9.2314,-3.73801,9.0375,7.94022,6.75547
gen=0_training=970,4.46863,-3.70733,3.96599,-0.503922,4.24073,9.51807,5.51835,5.78401,5.1018,9.84363,8.35748,2.71075,7.12899,-1.09333,9.16879,2.19771,-2.27906,0.518912,0.910291,5.79662
gen=0_training=971,-2.84162,-3.71361,7.40208,8.62004,-4.39894,-2.72477,2.64411,5.61254,1.80724,3.57263,-0.089535,-1.94713,-1.49583,2.56391,-0.560552,7.1487,2.34549,-1.6939,-1.29902,6.67707
gen=0_training=972,9.47975,-0.307827,5.12577,8.23276,4.10218,7.24816,-4.14527,6.78816,3.7278,3.85363,7.3945,-1.27039,-3.06361,-1.23633,2.85186,8.28612,1.28421,-4.57391,0.693572,-2.38138
gen=0_training=973,8.54589,-1.27978,8.33587,0.426984,8.12418,8.95757,6.17077,6.98174,4.32845,1.43787,3.43293,4.0534,9.47534,4.51319,3.95925,6.66053,5.21795,-3.33658,5.48489,8.7675
gen=0_training=974,8.08799,2.79468,1.03507,6.02703,-0.190802,-1.508,3.47855,4.48084,2.12031,8.56288,-4.67027,2.79756,8.43426,1.22767,5.16297,3.47717,1.91113,-4.08709,0.270591,9.25404
gen=0_training=975,1.74857,-0.441872,-0.0269986,-1.47973,5.41528,-4.98886,2.2985,5.76792,0.23742,-1.10981,8.76685,8.72237,-4.43446,6.6168,3.29249,9.73162,0.884327,7.14721,-3.3822,8.01649
gen=0_training=976,-4.1502,3.70425,-2.82326,7.07755,-1.68768,0.993728,1.05689,-3.37689,4.34339,8.82925,-2.89917,-2.76502,-1.92602,-3.1131,9.83359,-0.866676,1.0046,3.98267,3.93847,9.20171
gen=0_training=977,0.721858,6.34225,-3.09636,-0.306258,7.06298,3.1574,2.05467,-3.92129,-1.6809,2.32882,-3.32528,2.98578,-1.57383,9.10811,-1.68973,-4.80549,6.6407,-3.35319,3.4819,5.87905
gen=0_training=978,4.48648,-0.327473,0.0598283,-3.16091,0.434715,9.0246,6.46762,4.10469,2.95459,1.81161,-3.0752,-4.76744,2.54841,9.68864,9.9147,-1.89515,0.772143,3.54253,-3.00201,9.17992
gen=0_training=979,1.48369,4.44258,7.78198,7.60707,2.92446,8.74867,-3.38506,-4.8523,9.31657,2.29261,9.14546,4.73022,9.52243,-0.131175,8.01192,0.17551,-2.30869,6.99303,-0.0273852,-2.89766
gen=0_training=980,-2.86346,5.6933,8.28864,6.21509,-4.06343,8.61616,-3.54062,9.33077,5.58403,1.83069,-1.84483,6.15213,-0.727557,3.09925,-3.8307,9.59406,8.68072,7.15427,1.4648,1.15038
gen=0_training=981,7.41788,-1.19083,-2.21637,7.03732,9.15783,-2.1543,3.17048,7.89149,9.37822,9.30712,4.90114,6.7278,-2.71674,-3.83087,1.18444,9.34711,3.7323,6.75639,-0.102993,-2.04215
gen=0_training=982,1.21332,5.73353,9.45254,-2.6533,6.20392,-3.20801,0.202899,-0.456885,9.2514,-2.66772,1.70801,2.02137,9.27228,-1.792,-2.15028,-0.106923,3.90548,2.96456,-3.66943,3.20364
gen=0_training=983,9.33018,9.35956,9.92638,7.84446,1.68887,-2.44275,6.0707,1.69133,1.25078,1.25917,-2.29855,-3.04828,4.55257,4.34112,6.38727,7.99574,3.39723,-1.13447,1.75118,6.66454
gen=0_training=984,3.32636,-2.38279,-0.677829,3.40624,0.02906,-1.15313,5.12753,5.03909,7.41139,8.55732,8.40589,7.05034,-4.59905,8.50209,-1.53513,2.29673,8.39439,0.538549,3.35633,6.89894
gen=0_training=985,6.68167,8.96308,1.22367,0.815659,-4.16046,-4.85227,2.84595,-3.2883,-1.03297,3.97405,-4.39595,5.78243,-3.04749,4.58672,4.48049,1.38038,6.42936,-2.44767,-2.92492,-0.732437
gen=0_training=986,-2.27568,7.14586,0.674869,-4.33994,8.31162,0.252715,-1.4041,-2.8631,6.06461,9.92788,7.90692,-2.34157,4.44869,1.62324,0.885454,9.39381,6.09329,-1.25882,8.94351,-2.53564
gen=0_training=987,3.97567,9.56392,0.52203,-2.80815,-4.15799,-1.31501,2.28791,-4.64724,-2.61319,-1.44366,2.91368,8.67817,0.69357,6.30248,1.40826,6.29785,5.73554,-2.77349,5.60276,-1.76228
gen=0_training=988,-2.31943,2.81411,-3.16285,-0.195328,9.12277,2.89091,9.40592,8.1545,6.60353,-0.98265,5.98247,-4.79026,2.39996,-3.3081,-3.39597,4.86621,4.15993,-3.42393,8.61614,4.25267
gen=0_training=989,2.47373,5.87162,2.39324,5.71543,-4.71594,7.71794,5.88848,-1.66539,0.298549,7.58797,9.52452,4.85571,9.22059,2.64876,0.638772,-4.45914,2.21837,-0.986222,-0.544765,1.64955
gen=0_training=990,9.27961,1.2014,6.40478,5.15341,-3.82663,2.13229,8.07233,-4.4139,3.23617,0.182355,-0.89754,-1.0028,-0.439968,8.9141,1.12696,3.25149,-4.60581,-0.501302,-2.55209,0.732439
gen=0_training=991,0.105563,-0.221341,-2.94973,-0.132937,3.21865,-0.562866,-1.77402,5.73242,2.03162,2.22853,5.74697,3.83053,7.6868,2.429,0.842001,-0.0516244,1.08235,6.21934,6.73719,-0.722256
gen=0_training=992,9.9026,2.52448,8.80202,4.29262,5.27422,3.64655,6.64961,-0.967157,8.77412,1.2712,5.07241,6.53732,7.74917,8.46102,0.202187,9.96353,9.56013,-1.56128,9.36756,-2.98581
gen=0_training=993,2.26197,-0.357798,4.3758,1.208,9.71549,7.65829,-3.78655,8.17853,4.41944,-3.27202,-0.632099,2.26223,7.36551,-2.31534,-1.7654,-0.786176,-1.25828,3.10869,8.17693,5.53539
gen=0_training=994,4.67722,-1.59028,6.44315,2.4525,-0.253565,8.46495,6.84791,5.62182,-1.93737,3.02299,2.24724,-1.21453,-4.54312,-3.0115,-3.30334,1.35499,2.69621,-0.880681,-0.0136838,4.52041
gen=0_training=995,5.7123,-1.82422,0.116401,9.17635,2.88489,8.60333,-3.10409,5.89669,-4.87016,5.87756,6.91222,0.204439,0.860123,1.35505,-0.761794,4.10361,2.59447,8.60633,2.20035,-0.698474
gen=0_training=996,-4.57217,0.877295,-2.41489,9.30933,-3.63489,-0.71236,2.99691,-4.24686,-1.69978,1.72174,-3.60015,-1.90585,8.0599,4.04049,-4.13383,6.90037,-4.57695,6.38292,4.92971,-3.90585
gen=0_training=997,-2.02913,9.60336,-3.96018,3.41995,6.60572,7.60269,-4.36982,8.30909,5.65812,1.15149,6.66476,-0.760381,2.61836,5.79364,-4.005,9.728,1.79339,-4.08089,4.86257,9.70747
gen=0_training=998,3.12471,6.01529,9.4167,-0.53615,1.26431,-1.33873,-4.82127,1.79333,4.95595,-2.09195,5.6331,0.377886,-1.58359,4.2448,-1.74729,9.57969,-3.41528,-1.01975,-1.40332,8.71695
gen=0_training=999,-3.77879,7.76681,-3.97662,0.441501,-4.12532,1.16602,4.35764,-3.11362,-2.67009,2.54783,0.260076,4.03833,5.12357,8.16964,6.12669,-1.96247,6.53951,-2.55405,8.77357,0.832596
gen=50_infill=1,0.0546829,2.10096,-5.0,-2.2717,0.690053,2.51513,-1.76197,-5.0,-1.34078,-5.0,-0.89587,-4.39011,0.223102,3.16892,3.6517,-0.280002,-0.147057,-3.63513,1.64738,10.0
gen=50_infill=2,1.56551,-0.0797765,-1.26498,-0.253847,-2.52138,-3.42314,0.509398,-5.0,0.883351,0.0481397,-0.496599,0.631547,2.74205,2.69095,6.29294,1.09562,1.51019,2.25795,-0.951543,7.30125
gen=50_infill=3,1.30129,-2.23231,0.242836,-4.61256,-2.38098,1.0699,0.835082,-5.0,-0.421099,0.746222,-2.24507,1.4815,3.48129,1.63295,6.10978,1.78649,1.19222,1.79888,-2.73824,7.18593
gen=50_infill=4,-0.728524,0.50216,1.59965,-1.61589,-2.22402,-2.76619,2.84496,-1.06884,2.88212,0.0112889,0.104412,0.618058,2.19415,0.91349,5.99091,1.44474,4.89491,3.86092,0.291849,6.39871
gen=50_infill=5,0.463196,3.56494,0.843965,-1.08816,-0.993921,-0.0462342,1.34628,-2.82905,0.187413,2.69363,-2.21762,0.798696,2.74604,3.02772,3.91309,1.24389,-0.11785,3.11013,-1.06038,4.8605
gen=50_infill=6,1.56619,-1.38585,-0.0912339,0.997079,1.43686,1.23948,0.00254761,3.31577,2.43431,3.03146,-0.763268,0.586986,3.46106,1.99051,2.51692,4.19422,0.374323,3.73969,0.48088,8.05181
gen=50_infill=7,1.23915,-0.975211,0.615795,0.831136,1.08395,0.958186,-0.743465,1.67592,2.21267,3.41675,-0.945761,0.456741,3.94473,1.74348,2.09211,5.18928,2.66988,3.97426,-2.05963,6.0563
gen=50_infill=8,1.87687,0.298538,0.0219384,-0.182746,0.719874,4.22606,0.583356,1.30996,2.96456,1.57513,-0.685917,1.21027,4.38734,1.66305,2.6389,3.94653,0.442879,3.68736,-1.14078,7.20744
gen=50_infill=9,1.42262,-1.97407,-0.728032,5.41583,2.82469,1.47709,0.931398,-1.18356,1.28177,3.7449,0.304664,0.563029,3.49718,2.37972,2.53645,3.7871,1.41527,2.94159,3.01475,3.9094
gen=50_infill=10,3.99527,-1.38391,1.19281,1.32173,0.890724,0.331702,1.80977,2.8859,-1.78528,1.72733,0.363101,0.646134,3.34683,0.333652,1.75729,1.47907,0.410599,4.88315,0.605543,-0.688151
gen=50_infill=11,1.74976,0.317619,0.0141154,-2.30189,1.07061,4.2432,0.603283,-1.87177,1.19767,0.365314,-0.404815,0.832478,3.30061,3.27327,3.16174,2.09094,0.271671,3.39442,0.171178,7.08413
gen=50_infill=12,1.83413,-2.73591,-0.498374,-4.69426,-2.04341,0.00694541,-0.141242,-4.80464,-0.0950174,-1.79167,-1.68943,1.12104,1.90165,3.10433,5.08338,2.28482,1.13972,1.98331,-1.80647,8.44594
gen=50_infill=13,2.06657,-0.41497,0.646089,-0.35953,2.47806,-0.195914,-0.208883,2.39679,1.60688,1.46326,-0.505823,0.789037,0.798075,4.29951,2.37116,2.40652,0.709252,3.77977,0.865242,9.10092
gen=50_infill=14,1.89067,-0.220254,0.403276,3.38877,2.9113,1.60546,0.873776,-1.83205,2.70322,4.96383,0.203303,1.3534,4.54389,1.46351,3.64847,5.46511,-0.646157,2.9952,-1.15873,6.54704
gen=50_infill=15,2.44495,0.00230479,1.1188,-0.129753,2.66833,0.0242861,0.513112,0.917999,0.974623,2.50139,-0.672889,0.916881,2.90678,2.62158,0.625992,2.38022,0.900657,4.04142,0.201886,9.16255
gen=50_infill=16,2.37085,1.17848,0.00692192,1.5731,1.74927,3.54584,0.550482,-1.74552,4.27817,2.59382,-0.357056,1.25096,4.87983,1.08818,2.02313,4.47964,0.531306,3.99099,-1.74996,7.10288
gen=50_infill=17,1.389,2.70261,3.67529,1.98357,0.322586,-0.41681,1.16362,4.25064,1.34991,-0.186942,-2.02509,0.350889,1.15208,4.47125,2.28176,2.35716,0.338848,4.74956,1.86542,7.10671
gen=50_infill=18,2.22198,2.61906,-0.00376057,-0.494812,2.46954,3.47422,1.41375,-1.50348,5.4623,1.85873,-0.124875,-0.40458,4.08062,0.726341,1.1575,2.91886,0.558793,3.75644,-0.960525,6.97695
gen=50_infill=19,2.25483,0.695361,0.939365,1.42266,1.6301,1.43507,0.331336,-0.85339,2.1533,1.69118,-0.901011,1.20452,2.6303,3.75007,0.232292,4.48452,0.859104,3.77088,-1.78013,8.14318
gen=50_infill=20,2.60952,0.362986,0.664106,2.05481,2.531,2.27141,-0.573113,4.24857,2.6003,3.4907,-0.475213,1.20071,2.62851,0.770205,1.52669,2.17781,0.669166,4.06088,0.892101,6.88865
gen=50_infill=21,2.86042,0.763286,0.603139,-0.539224,2.85715,1.62487,-0.264052,0.395289,1.96454,2.79919,-0.52612,0.978903,1.18559,4.43302,1.44514,1.72198,0.496173,3.86903,1.78284,7.81475
gen=50_infill=22,2.0344,1.70665,-0.135119,2.25727,1.46917,0.358427,0.0210075,1.28601,6.66612,3.42166,-0.508965,0.95199,3.55602,1.3898,1.83031,2.80332,0.824357,4.41664,0.715429,6.36939
gen=50_infill=23,2.21953,-0.82407,0.252164,-0.412859,2.28424,-0.137797,-0.182759,2.65982,1.31421,3.63364,0.361843,0.225405,1.3605,2.63454,2.56082,2.94806,0.726598,3.53065,1.78371,7.66881
gen=50_infill=24,2.71228,1.63498,0.629879,-1.91252,1.67014,1.26066,-0.0978639,2.70539,1.78257,2.99105,0.974029,0.294869,1.37508,2.26764,2.46408,3.47237,1.04905,3.1366,2.80418,7.27611
gen=50_infill=25,1.87015,-0.698389,-0.0408246,-2.12535,2.17464,1.23618,-0.0604659,0.230499,0.916955,0.568326,0.689018,0.782756,1.56704,3.28044,3.24287,3.22621,0.348035,3.34758,1.39883,6.27032
gen=50_infill=26,1.99044,1.47193,1.52465,0.13871,0.629528,0.105869,-0.085488,1.71232,2.11198,4.54258,-0.1819,0.022212,1.50348,2.60961,2.90063,2.60105,0.63803,3.32101,0.823476,7.15755
gen=50_infill=27,2.44001,1.49257,2.75591,2.87874,-0.167987,2.56665,-0.196686,2.14866,1.59429,2.93498,-0.410461,0.319643,0.447674,2.54749,1.75797,2.60371,0.408488,3.51461,0.777706,6.63336
gen=50_infill=28,1.941,1.98639,1.194,0.454448,1.21938,0.309416,-0.150834,-1.55625,1.99349,2.52259,0.877835,0.399463,-0.745518,2.48068,2.61222,3.73262,1.05945,2.20317,2.66141,6.76101
gen=50_infill=29,1.64731,2.2291,1.76989,1.51521,1.85183,0.383331,-0.0326998,2.08751,2.06902,2.42474,1.45016,-0.206813,0.889682,2.54145,3.17376,2.97111,0.550467,1.98268,2.53634,5.78198
gen=50_infill=30,1.48094,1.76538,1.24591,3.65195,2.6024,-0.0982275,0.175957,2.36402,5.5506,0.697134,1.88364,0.95897,4.19159,2.63056,3.88432,3.27238,0.466429,3.20103,3.09302,5.06177
gen=50_infill=31,2.32727,2.60798,1.2923,3.02651,1.11391,2.43029,0.397436,0.833643,3.37113,2.21181,0.161902,0.0797141,3.09402,2.57442,3.56232,2.73369,0.808556,3.31215,1.15035,6.28669
gen=50_infill=32,1.53274,2.51895,0.0320838,3.29861,1.3988,1.04936,0.114247,1.45845,2.06186,2.41946,1.72048,1.50772,3.65716,3.10202,2.22776,3.05873,0.350758,3.07565,1.09536,6.0016
gen=50_infill=33,2.08146,5.69831,1.14005,4.60627,0.787175,1.35649,0.669736,2.30699,2.70355,3.68904,1.98246,2.20851,5.37694,2.27099,1.933,3.0422,0.272633,3.16023,1.37298,3.5563
gen=50_infill=34,2.40268,3.04506,2.83213,0.357069,1.97189,0.705205,0.116158,1.19452,2.80709,4.30002,1.93752,-0.402167,1.48788,1.16868,3.81988,3.05459,0.752778,1.39233,2.83029,2.92458
gen=50_infill=35,1.61746,-2.52802,-2.81308,-4.60694,-1.99795,0.337773,-0.434801,-4.90966,-0.0478042,-1.51834,-0.188814,1.53053,3.55154,3.91948,5.12745,2.32785,1.12645,1.91918,-2.62587,7.17549
gen=50_infill=36,2.09488,0.771613,1.78739,1.55604,1.78352,0.41222,-0.00470511,3.20143,1.77071,3.0259,0.270292,0.608676,1.09569,2.50808,3.00186,2.91928,0.481821,2.79238,2.41167,5.32864
gen=50_infill=37,1.34696,2.75704,1.71749,3.31671,2.43309,0.333107,-0.0763131,3.17617,1.8962,2.63333,2.30106,-0.488626,2.82808,3.13649,1.45682,3.41163,0.352353,1.48246,1.7308,4.54885
gen=50_infill=38,0.957487,2.09255,1.59327,2.06204,1.55242,0.575527,-0.0136867,2.61503,2.24888,2.85308,1.81495,0.267517,-0.0882868,2.37093,3.82987,2.14288,0.891428,2.04335,2.57409,3.60163
gen=50_infill=39,1.43099,1.6609,2.4101,2.10454,2.31079,-0.0914067,0.108536,2.17308,2.08157,3.17618,2.03118,-0.615897,1.63681,1.18307,3.62332,3.11588,0.379144,1.60301,2.2353,2.71417
gen=50_infill=40,1.81272,-2.54156,-1.9266,-4.69518,-1.83613,0.0684986,-0.042053,-4.92425,-0.316611,-2.54139,-1.40853,1.55482,2.84047,2.30594,5.16101,2.24525,1.03361,2.03977,-2.48285,6.90348
gen=50_infill=41,1.99186,3.17744,0.67118,3.71262,0.690781,1.19611,1.25482,2.44794,3.26451,2.43269,3.48369,3.41818,2.52859,1.49754,1.71189,3.24763,0.291896,3.4491,1.09769,2.56397
gen=50_infill=42,1.92641,4.00514,1.02285,1.87073,1.70711,0.36885,-0.0473423,2.02292,2.18653,0.587086,2.15527,2.01414,0.754609,2.57803,3.3972,2.58367,0.435828,1.292,2.59052,5.69212
gen=50_infill=43,1.74964,-2.58265,-0.891903,-4.61834,-1.99089,0.109435,-0.0537412,-4.89476,-0.391858,-2.12994,0.140873,1.49047,2.40634,2.5257,5.34497,2.28546,0.738319,1.78257,-2.5191,6.76954
gen=50_infill=44,1.85181,-2.6001,-1.31009,-4.57944,-2.08833,0.394923,-0.222218,-4.87243,-0.434111,-1.8801,0.282497,1.35652,2.89773,2.74472,5.30189,2.37928,0.635411,1.762,-2.70296,5.94249
gen=50_infill=45,1.01774,1.45085,1.78076,3.00081,1.4375,0.269435,1.86614,2.93057,2.06846,1.51899,3.16226,1.8388,0.481072,0.858974,1.27506,3.38846,0.37415,0.368309,0.861898,3.52056
gen=50_infill=46,2.12179,3.39272,-0.567918,3.36342,0.0331509,0.364258,1.35921,2.65048,2.46471,2.69935,1.812,2.11784,2.86702,1.79138,0.457246,2.89876,0.107343,1.55835,2.38123,3.32835
gen=50_infill=47,1.85803,-2.60264,-1.01519,-4.59299,-2.05353,0.421179,-0.109054,-4.87807,-0.44031,-1.83965,-0.0885293,1.29139,3.31538,3.02138,5.25623,2.3995,0.576919,1.78942,-2.80183,6.24566
gen=50_infill=48,1.72372,-2.58608,-1.01472,-4.62046,-1.99498,0.0769426,-0.109003,-4.87565,-0.42157,-2.2138,-0.212168,1.44535,2.55653,2.48003,5.3127,2.41776,0.70965,1.78501,-2.92769,6.52743
gen=50_infill=49,1.61617,-2.62517,-1.28908,-4.63821,-1.91004,0.383892,-0.150809,-4.83002,-0.14893,-2.55729,-0.824838,1.53815,3.15303,2.893,5.19354,2.36165,0.191077,1.73627,-2.74296,6.52544
gen=100_infill=1,2.09488,0.771613,1.78739,1.55604,1.78352,0.41222,-0.00470511,3.20143,1.77071,3.0259,0.270292,0.608676,1.09569,2.50808,3.00186,2.91928,0.481821,2.79238,2.41167,5.32864
gen=100_infill=2,1.43099,1.6609,2.4101,2.10454,2.31079,-0.0914067,0.108536,2.17308,2.08157,3.17618,2.03118,-0.615897,1.63681,1.18307,3.62332,3.11588,0.379144,1.60301,2.2353,2.71417
gen=100_infill=3,1.01774,1.45085,1.78076,3.00081,1.4375,0.269435,1.86614,2.93057,2.06846,1.51899,3.16226,1.8388,0.481072,0.858974,1.27506,3.38846,0.37415,0.368309,0.861898,3.52056
gen=100_infill=4,2.12179,3.39272,-0.567918,3.36342,0.0331509,0.364258,1.35921,2.65048,2.46471,2.69935,1.812,2.11784,2.86702,1.79138,0.457246,2.89876,0.107343,1.55835,2.38123,3.32835
gen=100_infill=5,2.7582,4.31433,-2.49154,0.471277,-1.12427,0.44501,1.55878,0.11381,1.48775,4.79805,2.23185,2.18666,1.74231,0.64909,0.506024,0.824801,0.534016,1.18744,2.02148,-0.0662838
gen=100_infill=6,0.0917772,3.84648,-0.715896,2.67268,2.40582,0.718891,1.61935,-0.0801493,1.86995,5.83159,1.43373,1.39522,1.67221,1.16408,2.53829,-0.49516,-0.845537,-0.168859,0.950924,-5.0
gen=100_infill=7,0.886183,0.739297,-0.663255,1.7082,2.17567,0.269233,1.94465,1.83992,0.611267,3.91888,2.82901,1.91805,1.62384,0.325474,0.463759,2.35268,1.08643,0.0228149,-1.11547,-1.38874
gen=100_infill=8,0.0217119,0.982043,0.0336907,2.24259,1.65368,0.12553,1.78613,1.13325,-0.131932,-0.556338,3.01623,-0.209947,0.931793,-0.970664,2.86961,2.09383,3.01922,-0.361007,1.78434,-3.45798
gen=100_infill=9,0.513826,0.356402,-2.09663,0.625242,0.687158,-0.0924025,2.31825,1.25979,-1.10398,-0.527006,2.09891,0.698352,4.57679,-1.32094,0.703225,1.29737,3.18083,0.614413,2.41673,-5.0
gen=100_infill=10,-0.0878878,1.15748,-0.804703,1.89352,0.619358,0.185422,2.7365,0.0090906,0.948718,2.12742,4.05336,2.41141,1.18882,-0.937982,3.51164,2.74543,4.33934,-1.53766,-0.400388,-5.0
gen=100_infill=11,-0.472861,0.519016,1.95054,0.966931,2.36112,0.0116688,1.85695,1.49192,1.16427,0.350683,2.68438,1.57472,0.968882,0.199442,3.68498,2.38496,0.588189,1.00918,-2.39435,0.357737
gen=100_infill=12,1.43644,0.231006,0.930805,0.751461,1.29048,0.12871,1.89024,0.695086,-1.24843,1.51547,3.15374,-0.298831,0.571349,-0.865605,1.21017,1.04048,0.780544,0.700405,1.85661,-3.83826
gen=100_infill=13,0.935201,-1.59596,1.96777,0.803186,1.56077,-0.279814,1.50018,2.4724,1.34544,0.750987,1.46216,2.14373,1.49442,1.83981,4.14584,2.23783,-0.229477,2.17714,0.961725,4.08122
gen=100_infill=14,1.5401,0.235419,0.399808,0.197822,-0.0882939,-0.192227,3.04406,-0.742489,-1.04925,2.06472,2.02152,-0.151721,0.838736,-1.45233,0.699762,1.0165,0.37971,1.50825,1.72647,-5.0
gen=100_infill=15,2.32149,0.502405,0.537598,0.311205,0.744297,0.317166,0.55791,1.53355,0.284968,1.69924,2.61487,-0.0952889,0.713469,3.86325,2.66992,1.57162,0.403125,0.406369,0.527806,-3.86903
gen=100_infill=16,0.967483,0.946335,-0.525575,0.708979,1.46056,0.843514,2.19949,-0.100088,1.58716,0.562422,3.08065,-0.211142,-1.54346,-1.65044,-0.0316575,0.0553144,2.20751,-0.928039,4.03824,-5.0
gen=100_infill=17,-0.0331915,0.568326,0.424252,0.844425,2.21345,0.322475,2.05372,1.5734,0.750742,3.50549,3.80522,0.817636,1.48391,1.57487,1.39541,2.61091,1.33383,-0.788934,-1.2093,-0.672597
gen=100_infill=18,0.803257,0.387137,1.59177,0.542364,1.82101,0.328142,1.74877,0.906209,0.19546,1.33955,3.60764,-1.69368,0.176527,-0.110411,1.4932,0.770274,1.57792,0.848701,-1.20897,-5.0
gen=100_infill=19,1.27025,1.2322,2.15929,0.0719365,0.601215,-0.818874,0.533537,1.22679,2.50742,1.92517,0.105239,1.79728,1.90364,2.14574,5.77313,2.34792,0.792781,0.963422,1.3404,3.04104
gen=100_infill=20,2.16146,1.52274,1.07205,-1.14577,0.937512,-0.104046,1.00261,-0.107304,-0.208783,1.02638,1.1463,-0.0984468,-0.30069,0.96164,-0.430031,0.116551,1.13641,-0.0163219,0.699537,-5.0
gen=100_infill=21,1.70493,0.586801,0.54869,1.72245,-0.0465031,-0.0977661,2.9713,1.79127,-1.09168,2.40509,2.78207,-0.15634,0.491809,0.28163,1.36452,1.95303,0.3327,-0.572901,0.620802,-5.0
gen=100_infill=22,0.67882,0.497918,1.39808,2.5716,0.847111,0.46515,1.56713,0.969224,0.204835,1.21682,2.59017,-2.45267,0.200518,0.886555,1.46136,3.09409,0.655693,1.45878,0.564813,-0.464924
gen=100_infill=23,3.79262,3.00032,1.17522,0.886186,0.318688,-0.161968,3.25715,1.33102,3.38263,3.8718,1.50933,-0.103259,1.03334,0.403154,2.38757,1.81261,0.917401,1.24142,2.73668,1.26398
gen=100_infill=24,1.96451,0.349034,0.390028,0.19882,-0.600762,0.267228,2.66701,0.352176,-0.505642,2.17551,1.5019,0.0333565,0.927251,1.69047,0.801097,2.28812,1.22102,3.35561,0.417437,-4.84822
gen=100_infill=25,1.4452,0.777488,0.106361,-0.629577,0.0886285,0.480104,1.69345,1.17369,-0.60293,1.96512,2.85509,0.219284,1.40606,1.88821,2.58377,0.616731,-0.564831,1.72041,-0.246627,-3.37053
gen=100_infill=26,0.779365,-0.447108,-1.66451,2.27618,-0.22481,0.753887,4.81961,-0.56932,1.48322,3.10469,0.668615,1.36651,2.62962,1.69574,1.29859,-0.537385,0.00160493,1.03818,1.60496,-5.0
gen=100_infill=27,1.7968,-0.442397,1.99779,0.378805,0.909552,0.375448,3.02773,1.43171,2.11319,0.635714,2.28576,2.46559,-1.34085,1.15019,2.78153,0.223611,0.03426,0.00348548,1.45529,-5.0
gen=100_infill=28,1.45304,-0.734792,1.10217,-1.33645,0.258852,0.551087,3.34193,1.50903,1.19741,1.47058,2.12238,1.33842,0.15352,1.62242,3.28226,-0.924284,-0.281746,-1.19137,2.24019,-5.0
gen=100_infill=29,2.03042,1.06782,0.247141,0.785204,0.94754,0.138757,2.89853,1.18582,3.30887,4.90089,1.67292,3.91938,2.58226,0.476754,1.62983,1.91457,1.66322,0.546616,1.9124,1.02915
gen=100_infill=30,2.92421,2.32869,1.03977,2.0075,0.359686,0.270236,1.27074,-1.17066,2.4469,1.30855,1.98446,-0.102023,-0.140155,-0.196929,1.76707,1.39866,1.8521,0.663682,-0.782543,1.02027
gen=100_infill=31,0.644453,-0.225756,0.668084,1.42545,2.72223,0.454967,0.854914,1.67072,-0.471002,3.5855,3.15012,1.38827,1.39365,2.28962,0.887098,2.84125,0.78694,-0.460973,1.04981,-0.870764
gen=100_infill=32,1.46348,-1.79084,1.95729,0.888087,0.930969,0.500173,2.81118,1.48967,2.85436,1.51683,1.74338,0.180252,-0.765282,-1.06805,0.669227,-0.688851,-0.148484,0.47338,1.34431,-5.0
gen=100_infill=33,0.859664,1.50221,1.21463,2.73809,0.325279,0.301474,2.4579,0.927614,0.478184,2.01574,3.13896,0.514884,0.426301,0.966405,0.878292,3.43163,-0.209957,-1.21897,-0.392856,-0.447797
gen=100_infill=34,2.09703,2.61009,0.942375,2.38407,-1.84957,0.415288,1.65356,0.422858,1.74275,2.89917,0.505617,0.115911,1.49119,0.619834,2.29107,1.66857,-1.38165,1.49954,0.296554,2.39657
gen=100_infill=35,0.288857,1.27563,1.61631,1.70318,2.1107,0.483957,1.84098,1.71585,1.4236,0.741608,1.69852,-0.135986,1.12318,1.26045,1.81593,2.96983,0.6249,0.154042,1.43904,6.54983
gen=100_infill=36,0.299417,1.9149,2.05123,2.0039,2.9107,0.262692,3.34269,0.621631,3.03893,1.99168,2.00183,0.455888,0.0739908,-0.767235,3.52904,0.0859512,0.204345,0.808678,-0.495943,-3.18137
gen=100_infill=37,1.6519,1.82836,0.706019,1.34043,-0.464724,0.42732,2.43217,2.06441,2.36722,-0.265814,2.24976,3.50715,1.72015,0.287882,1.14154,1.14146,-0.272894,0.160045,1.38864,-2.04208
gen=100_infill=38,2.07417,3.31926,1.0427,1.06543,0.370894,-0.255917,1.54605,1.82283,1.07774,1.49712,1.69125,2.15622,1.11184,1.01536,-1.02397,-0.734038,-0.250895,0.509003,0.555118,5.1098
gen=100_infill=39,1.22895,-0.252409,2.32697,-0.166944,-0.47087,0.879876,3.23529,-0.139441,0.996812,0.883247,1.7387,-0.175558,-0.760608,0.930933,1.02507,-1.04541,-0.70162,-0.193196,0.99362,-5.0
gen=100_infill=40,2.9002,1.40737,2.07183,0.861262,1.32164,-0.242705,2.73499,1.19491,0.887775,2.11511,2.40694,-0.115029,1.49336,0.623772,2.57693,2.15002,1.41838,1.08221,0.00548988,2.67553
gen=150_infill=1,2.344,2.23819,-2.1993,-0.309281,-5.0,5.02127,1.38722,-4.80053,-2.41083,0.228609,3.15957,4.05209,2.56378,-0.100734,-5.0,-0.753326,-0.0116139,0.225309,-3.06792,10.0
gen=150_infill=2,-0.980041,-5.0,-5.0,-5.0,-5.0,10.0,-5.0,-5.0,-5.0,3.78215,7.77506,-5.0,-0.915537,-1.30111,-5.0,-5.0,-5.0,1.48589,5.89784,10.0
gen=150_infill=3,4.63961,1.3813,-5.0,-2.9514,-5.0,10.0,-5.0,-5.0,-5.0,5.14485,4.6264,-4.68986,0.12691,-0.118257,-5.0,-2.02064,-5.0,-0.488309,2.9275,10.0
gen=150_infill=4,4.21575,-4.44208,-5.0,-4.92521,-5.0,10.0,-5.0,-5.0,-5.0,1.69739,10.0,-5.0,-5.0,-5.0,-5.0,-5.0,-5.0,0.0618696,3.23079,10.0
gen=150_infill=5,-0.510038,0.635589,-5.0,-5.0,-5.0,9.69386,-3.00878,-5.0,-4.98006,1.59899,3.88002,4.46518,1.89187,1.83147,-5.0,-5.0,-5.0,0.507145,0.808646,10.0
gen=150_infill=6,1.2898,1.90808,0.853789,1.3331,0.926061,0.396036,1.77451,2.37335,1.5134,1.95426,1.06555,3.7028,2.75159,2.31633,1.37641,1.78447,0.96717,3.38062,1.38717,6.71597
gen=150_infill=7,-0.900551,1.26602,-4.6268,-3.65442,-5.0,4.09573,1.81832,-3.12492,-1.71835,3.23145,3.09675,0.686556,3.21039,1.67514,-2.45497,-0.972471,3.81755,2.85335,-2.50395,10.0
gen=150_infill=8,2.4654,-5.0,-5.0,-5.0,-5.0,10.0,-4.96208,-5.0,-5.0,1.60129,10.0,-5.0,-2.51111,-0.0243975,-5.0,-5.0,-5.0,2.91904,-0.241904,10.0
gen=150_infill=9,3.60864,2.10689,-5.0,-5.0,-5.0,10.0,-5.0,-5.0,-5.0,4.31542,5.46808,-5.0,-2.71737,-0.751275,-5.0,-5.0,-5.0,0.0115292,-1.06312,10.0
gen=150_infill=10,0.468811,-2.65299,-5.0,-5.0,-5.0,10.0,-5.0,-5.0,-5.0,2.02345,5.37194,-5.0,-5.0,-5.0,-5.0,-5.0,-5.0,2.4523,4.47153,10.0
gen=150_infill=11,2.75283,3.6494,-5.0,1.27778,-5.0,6.91696,0.687566,-5.0,-5.0,4.56975,3.73583,1.76312,2.72903,0.848894,-5.0,-1.87389,-1.3287,0.0479686,-0.42407,10.0
gen=150_infill=12,1.34159,4.75727,-5.0,-3.17628,-5.0,10.0,-3.49834,-5.0,-5.0,2.44374,5.14221,-3.95955,0.667503,1.31404,-5.0,-5.0,-5.0,1.35339,-0.703163,10.0
gen=150_infill=13,1.9545,1.94603,0.293249,2.51002,-1.72242,2.8604,2.85948,-0.261434,0.735373,0.635798,2.45973,1.89497,3.25455,2.34304,0.247645,3.55009,0.126065,1.50332,0.744049,10.0
gen=150_infill=14,-0.454339,2.47496,-5.0,-3.58421,-5.0,3.65752,-2.37131,-5.0,-5.0,2.82692,3.00838,0.642679,3.09905,0.976251,-5.0,-1.67493,2.37385,2.67506,-1.53155,10.0
gen=150_infill=15,-0.646414,-2.20196,-5.0,-5.0,-5.0,10.0,-5.0,-5.0,-5.0,3.01484,6.224,-5.0,-3.25704,-2.1667,-3.23892,-5.0,-5.0,0.332062,4.72997,10.0
gen=150_infill=16,0.748272,1.88158,-1.61781,-2.50992,-5.0,6.67159,0.0885083,-5.0,-2.66224,0.449805,0.883074,3.71894,2.70592,1.82945,-1.03808,0.838658,-0.155132,0.0375739,-1.37536,10.0
gen=150_infill=17,10.0,-0.222435,-5.0,-5.0,-5.0,10.0,-5.0,-5.0,-5.0,0.934393,2.5762,-5.0,-5.0,-4.83398,-5.0,-5.0,-5.0,-5.0,3.31009,10.0
gen=150_infill=18,0.219316,3.10945,-5.0,-0.4839,-5.0,10.0,-2.01792,-5.0,-5.0,3.26423,3.83287,-3.19032,-0.788196,-0.00915622,-5.0,-4.45163,-5.0,1.27815,3.3616,10.0
gen=150_infill=19,3.17599,3.51541,-5.0,1.20383,-5.0,10.0,-5.0,-5.0,-4.43122,5.1519,-1.14898,-5.0,2.73027,-0.934039,-5.0,-5.0,-5.0,-0.375923,2.94144,10.0
gen=150_infill=20,1.83362,2.48556,-0.936905,1.97613,-5.0,3.47485,2.0675,-2.16802,-5.0,-0.230614,2.76428,1.90232,3.22865,1.34993,-3.79598,-0.515061,0.936288,4.08332,1.80168,10.0
gen=150_infill=21,4.66099,4.48338,-5.0,-5.0,-5.0,8.76078,-4.95751,-5.0,-5.0,5.297,3.73144,2.01322,1.68643,1.85999,-5.0,-5.0,-2.84407,-1.68101,2.29497,10.0
gen=150_infill=22,-2.1343,-0.673949,-5.0,-5.0,-5.0,10.0,-5.0,-5.0,-5.0,4.65251,5.5884,-5.0,-0.864396,-0.250666,-5.0,-3.40292,-5.0,1.44003,2.15265,10.0
gen=150_infill=23,2.35134,2.82903,-5.0,-5.0,-5.0,8.30339,-5.0,-5.0,-4.54582,0.513239,3.30548,-5.0,-2.28577,-1.33578,-5.0,-5.0,-5.0,-3.43521,3.54421,10.0
gen=150_infill=24,4.60297,-5.0,-5.0,-5.0,-5.0,10.0,-5.0,-5.0,-5.0,0.350949,10.0,-5.0,-5.0,-5.0,-5.0,-5.0,-5.0,-2.89939,5.13935,10.0
gen=150_infill=25,3.51853,-2.27829,-5.0,-5.0,-5.0,10.0,-5.0,-5.0,-5.0,3.45475,2.80336,-5.0,0.158182,-1.94998,-5.0,-5.0,-5.0,-0.637544,1.22119,10.0
gen=150_infill=26,1.77925,1.37853,-5.0,1.99709,-5.0,3.12912,1.23353,-5.0,-3.6178,2.77867,5.03623,1.79411,2.79655,1.99799,-3.28608,0.777259,1.18421,2.96233,-1.45975,10.0
gen=150_infill=27,1.63144,2.3788,-0.821606,1.21012,-3.68733,3.48297,3.75084,-1.81671,-1.34108,-1.72289,2.54284,5.00651,2.12366,1.90916,-1.81992,1.64804,1.21904,1.75603,-0.853056,10.0
gen=150_infill=28,0.352905,2.45661,-5.0,0.00047141,-5.0,4.51609,2.22711,-5.0,-5.0,-0.353874,3.34219,1.79937,2.87357,-0.816748,0.163547,-2.02704,0.0318332,1.36675,-0.652698,10.0
gen=150_infill=29,2.36794,-4.33643,-5.0,-5.0,-5.0,10.0,-5.0,-5.0,-5.0,-4.6413,8.09244,-5.0,-5.0,-0.119122,-5.0,-5.0,-5.0,1.41537,0.754035,10.0
gen=150_infill=30,0.328858,-5.0,-5.0,-5.0,-5.0,10.0,-5.0,-5.0,-5.0,0.490354,10.0,-4.96841,-5.0,-5.0,-5.0,-4.13704,-5.0,3.09162,3.56316,10.0
gen=150_infill=31,1.41687,2.32706,-5.0,-5.0,-5.0,8.13227,-1.46041,-5.0,-5.0,2.33596,4.03927,-5.0,-2.03502,-0.422666,-5.0,-4.21967,-5.0,1.30857,-1.81707,10.0
gen=150_infill=32,-0.934529,1.05159,-5.0,-5.0,-5.0,6.8121,-3.28251,-5.0,-5.0,-0.231683,3.57519,1.03306,2.49042,1.41641,-5.0,-2.30174,-2.81186,1.48393,0.0695387,10.0
gen=150_infill=33,0.620948,-0.277372,-5.0,-5.0,-5.0,10.0,0.0288714,-5.0,-5.0,0.845566,3.70536,-2.69327,2.57797,-0.332451,-5.0,-3.41389,-5.0,0.0455298,1.8859,10.0
gen=150_infill=34,4.21918,1.69144,-5.0,-5.0,-5.0,10.0,-5.0,-5.0,-5.0,3.1554,2.34633,-5.0,-5.0,-5.0,-5.0,-5.0,-5.0,-1.46506,2.77086,10.0
gen=150_infill=35,4.5295,-2.53567,-5.0,-5.0,-5.0,10.0,-5.0,-5.0,-5.0,3.23248,7.5774,-5.0,-1.31356,-5.0,-5.0,-5.0,-5.0,-0.483653,6.74927,10.0
gen=150_infill=36,-0.432881,-1.685,-4.54279,-5.0,-5.0,10.0,-5.0,-5.0,-5.0,2.93966,4.1934,2.41047,-0.108441,1.32942,-5.0,-5.0,-3.43629,1.23324,0.93956,10.0
gen=150_infill=37,0.385316,1.50017,-5.0,-5.0,-5.0,9.42537,-5.0,-5.0,-4.27604,6.74782,4.26841,-5.0,-1.62708,0.749644,-5.0,-4.37752,-5.0,1.3721,2.89228,10.0
gen=150_infill=38,3.02899,1.0051,-5.0,-5.0,-5.0,6.47264,-2.0817,-5.0,-5.0,4.62784,3.1938,-5.0,2.30432,0.394575,-5.0,-3.38398,-3.09212,-2.37082,-1.64124,10.0
gen=150_infill=39,-2.24877,2.50129,-3.05059,-1.77981,-5.0,4.32151,2.00978,-5.0,-2.35754,0.985507,3.20867,1.11798,2.57486,1.30078,-5.0,0.366679,1.46685,2.3346,-3.69244,10.0
gen=150_infill=40,-1.19835,-0.39201,-5.0,-2.19815,-5.0,10.0,0.0343845,-5.0,-5.0,3.84181,4.45549,0.000919366,-1.21331,0.397149,-5.0,-5.0,-5.0,4.29137,1.61359,10.0
gen=150_infill=41,-1.85357,0.127146,-3.42856,-3.91434,-4.2025,4.31907,-0.800201,-5.0,-0.572796,2.82754,2.33164,4.03684,1.83443,1.44247,-0.165234,-1.71713,0.0178467,0.906155,-1.29895,10.0
gen=150_infill=42,9.31046,-5.0,-5.0,-5.0,-4.97486,10.0,-5.0,-5.0,-5.0,3.13878,10.0,-5.0,-5.0,-5.0,-5.0,-5.0,-5.0,-5.0,4.28525,10.0
gen=150_infill=43,0.332376,3.06743,-3.81302,-2.92406,-5.0,5.36436,1.69581,-5.0,-5.0,2.89174,2.52876,3.80287,2.05393,0.168525,-1.64061,-2.80392,-0.0658365,-1.11149,-1.96042,10.0
gen=150_infill=44,-0.760623,-5.0,-5.0,-5.0,-5.0,10.0,-5.0,-5.0,-5.0,2.65063,6.90683,-5.0,-5.0,-3.26666,-5.0,-5.0,-5.0,5.89862,4.43213,10.0
gen=150_infill=45,1.40598,4.52389,-5.0,0.870579,-5.0,10.0,0.322734,-5.0,-5.0,5.65265,3.7473,-5.0,-1.64652,-1.09432,-5.0,-2.26957,-5.0,1.88087,1.5337,10.0
gen=150_infill=46,2.03386,-1.4997,-5.0,-5.0,-5.0,10.0,-5.0,-5.0,-5.0,2.63127,3.94796,-0.646634,-3.59541,-3.11661,-5.0,-5.0,-5.0,0.88471,4.86149,10.0
gen=150_infill=47,0.412094,0.659604,-2.11521,-1.11919,-5.0,4.31486,2.74742,-5.0,-3.64186,0.933699,4.2622,3.16285,-0.08385,2.51284,-5.0,-0.705624,0.420052,1.10371,-4.02306,10.0
gen=150_infill=48,1.2549,1.64539,-5.0,-5.0,-5.0,10.0,-5.0,-4.77655,-5.0,3.66072,5.5929,-5.0,-1.0111,-0.775768,-4.55237,-0.454249,-5.0,2.01046,-0.416213,9.97056
gen=150_infill=49,-0.516692,1.16025,-5.0,-5.0,-5.0,10.0,-5.0,-5.0,-5.0,2.09656,4.10024,-5.0,-0.462255,-2.5735,-5.0,-5.0,-5.0,0.62624,-0.709707,10.0
gen=150_infill=50,2.42021,-5.0,-5.0,-5.0,-5.0,10.0,-5.0,-5.0,-5.0,4.09602,6.88358,-5.0,-5.0,-5.0,-5.0,-5.0,-5.0,0.16777,3.47494,10.0
gen=150_infill=51,1.133,2.79041,-2.09295,-1.50614,-5.0,3.5179,1.77373,-5.0,-0.184799,2.52136,1.57569,3.80205,2.47753,1.29153,-1.4518,-0.455729,-0.0914653,-0.571981,-1.05086,10.0
gen=150_infill=52,1.4125,2.9682,-4.625,-1.40644,-5.0,4.71233,-0.870085,-5.0,-3.69822,3.98421,3.69631,0.581229,2.37691,-0.474832,-5.0,-1.73165,1.12226,2.31897,-5.0,10.0
gen=150_infill=53,2.09488,0.771613,1.78739,1.55604,1.78352,0.41222,-0.00470511,3.20143,1.77071,3.0259,0.270292,0.608676,1.09569,2.50808,3.00186,2.91928,0.481821,2.79238,2.41167,5.32864
gen=150_infill=54,0.205466,3.67433,-0.123404,1.10133,-5.0,1.10955,4.91499,0.176025,-2.53232,0.964494,2.32566,2.85623,2.54263,2.84371,-1.23679,0.918524,1.18913,1.81497,1.01382,9.15318
gen=150_infill=55,4.36948,4.81379,-5.0,-0.697144,-5.0,10.0,-3.9748,-5.0,-5.0,5.0433,3.32909,-4.40685,2.46653,2.61465,-5.0,-5.0,-5.0,-0.693775,-1.89305,10.0
gen=150_infill=56,-0.17304,0.574534,-5.0,-5.0,-5.0,10.0,-5.0,-5.0,-5.0,3.76059,4.03362,-5.0,-2.85624,-0.27237,-5.0,-5.0,-5.0,1.46219,3.14803,10.0
gen=150_infill=57,1.29139,1.59335,-5.0,-4.37691,-5.0,9.29999,-5.0,-4.80742,-5.0,2.33993,3.67198,-3.97871,-2.02916,3.87011,-4.39261,-5.0,-5.0,1.0178,0.975416,10.0
gen=150_infill=58,-0.295416,3.08685,-4.88827,-5.0,-5.0,9.39325,-4.73858,-5.0,-5.0,2.17406,3.07026,3.12931,4.10457,2.53677,-5.0,-5.0,-3.52931,0.55905,-0.792058,10.0
gen=150_infill=59,0.353946,1.53347,-5.0,-4.39098,-5.0,6.9694,0.805534,-5.0,-5.0,4.47767,3.5434,-0.465577,2.57573,0.883726,-5.0,-1.12017,1.14861,2.22416,-1.99074,10.0
gen=150_infill=60,0.849017,3.2908,-5.0,-2.96644,-5.0,10.0,-4.51515,-5.0,-5.0,7.75846,4.12146,-5.0,0.18792,-1.84282,-5.0,-5.0,-5.0,1.65524,2.04112,10.0
gen=150_infill=61,1.33952,4.79119,-5.0,0.0336173,-5.0,10.0,-0.104801,-3.92486,-4.04909,2.41663,4.57385,-4.92813,-1.80568,-2.39821,-5.0,-4.83399,-2.38108,2.69234,1.80523,10.0
gen=150_infill=62,-0.0630565,-2.66151,-5.0,-5.0,-5.0,10.0,-5.0,-5.0,-5.0,1.4823,5.65383,-5.0,-5.0,-4.88473,-5.0,-5.0,-5.0,2.36973,1.47145,10.0
gen=150_infill=63,-0.975555,-2.99715,-5.0,-5.0,-5.0,10.0,-5.0,-5.0,-5.0,4.60199,5.6197,-5.0,-1.64518,-3.15913,-5.0,-5.0,-5.0,1.9134,3.65174,10.0
gen=150_infill=64,4.1198,0.77282,-5.0,-2.46891,-5.0,10.0,-4.39694,-5.0,-5.0,2.64448,4.75831,-4.65109,-0.607921,-0.520797,-5.0,-5.0,-5.0,-1.97874,0.572688,10.0
gen=150_infill=65,-0.363448,-5.0,-5.0,-5.0,-5.0,10.0,-5.0,-5.0,-5.0,5.06598,10.0,-5.0,-5.0,-0.347667,-5.0,-5.0,-5.0,2.55199,0.703742,10.0
gen=150_infill=66,1.26599,-0.917745,-5.0,-4.18207,-5.0,10.0,-5.0,-5.0,-5.0,3.90672,5.66915,1.94725,1.25011,0.153527,-5.0,-5.0,-5.0,4.23925,0.889641,10.0
gen=150_infill=67,4.65927,1.85299,-5.0,-5.0,-5.0,10.0,-5.0,-5.0,-5.0,3.37814,7.2492,-5.0,-5.0,-1.6584,-5.0,-5.0,-5.0,0.682078,-1.6901,10.0
gen=150_infill=68,4.19559,-1.33697,-5.0,-4.77957,-5.0,10.0,-5.0,-5.0,-5.0,4.39549,4.83918,-5.0,-0.606319,0.0517352,-5.0,-5.0,-5.0,-1.24365,3.4218,10.0
gen=150_infill=69,0.499525,-1.12857,-5.0,-4.73655,-5.0,10.0,-3.20898,-5.0,-5.0,2.05023,4.88278,-5.0,-3.0985,0.0114378,-5.0,-2.22936,-5.0,0.803536,3.83264,10.0
gen=150_infill=70,-0.774609,-3.10876,-5.0,-5.0,-5.0,10.0,-5.0,-5.0,-5.0,2.50332,4.3138,2.3153,2.8535,0.621529,-5.0,-5.0,-5.0,0.373138,-1.07592,10.0
gen=150_infill=71,1.63267,4.30576,-5.0,1.29197,-5.0,7.83469,1.23123,-5.0,-3.85958,4.15243,3.53675,1.43126,2.47202,1.21498,-5.0,-0.754117,0.713176,1.76685,-1.25605,10.0
gen=150_infill=72,3.59017,-4.21218,-5.0,-5.0,-5.0,10.0,-5.0,-5.0,-5.0,5.33882,10.0,-5.0,-0.618139,-0.337861,-5.0,-5.0,-5.0,3.60883,0.159848,10.0
gen=150_infill=73,1.06091,-5.0,-5.0,-5.0,-5.0,10.0,-5.0,-5.0,-5.0,1.42435,7.45019,-5.0,-5.0,-5.0,-5.0,-5.0,-5.0,0.0645099,5.65723,10.0
gen=150_infill=74,0.106181,2.92738,-5.0,-5.0,-5.0,7.89248,-1.15271,-5.0,-4.92918,1.44917,3.61859,2.77164,2.43998,1.64019,-5.0,-3.40035,-2.80751,1.14064,-0.345294,10.0
gen=150_infill=75,2.42916,-5.0,-5.0,-5.0,-5.0,10.0,-5.0,-5.0,-5.0,3.53703,10.0,-4.48752,-1.23193,-2.85853,-5.0,-5.0,-5.0,3.22623,-1.63279,10.0
gen=150_infill=76,0.0506372,1.55872,-2.02223,-1.88175,-5.0,3.86106,0.0398917,-5.0,-5.0,-1.26586,0.451348,3.89087,3.58065,2.17483,-0.980397,0.567669,-0.183434,0.0211451,-0.493061,10.0
gen=150_infill=77,6.30911,-5.0,-5.0,-5.0,-5.0,10.0,-5.0,-5.0,-5.0,0.0324605,10.0,-5.0,-5.0,-4.81722,-5.0,-5.0,-5.0,-4.23986,4.1136,10.0
gen=150_infill=78,3.76311,-5.0,-5.0,-5.0,-5.0,10.0,-5.0,-5.0,-5.0,-0.782398,6.80006,-5.0,-5.0,-5.0,-5.0,-5.0,-5.0,-3.81441,4.09517,10.0
gen=150_infill=79,0.863357,-5.0,-5.0,-5.0,-5.0,10.0,-5.0,-5.0,-5.0,3.88233,4.89888,-5.0,-1.97881,-5.0,-5.0,-5.0,-5.0,3.24169,3.34256,10.0
gen=150_infill=80,-0.608136,-3.36935,-5.0,-5.0,-5.0,10.0,-5.0,-5.0,-5.0,2.96828,6.03001,-5.0,-4.41373,-0.325405,-5.0,-5.0,-5.0,4.67041,3.38233,10.0
gen=150_infill=81,1.92395,2.02294,-1.2098,2.14222,1.69148,0.82229,1.14651,1.59049,1.80791,2.98123,1.20047,3.22526,1.83922,2.05571,1.07684,1.95041,0.776087,2.1868,0.527163,5.85965
gen=150_infill=82,2.67596,-5.0,-5.0,-4.79107,-5.0,10.0,-5.0,-5.0,-5.0,1.60149,10.0,-5.0,-5.0,-5.0,-5.0,-5.0,-5.0,1.68891,1.6335,10.0
gen=150_infill=83,0.035859,-1.83986,-5.0,-5.0,-5.0,10.0,-5.0,-5.0,-5.0,7.05403,5.37216,-3.91333,-2.17646,-0.866042,-5.0,-5.0,-5.0,0.757304,2.42111,10.0
gen=150_infill=84,0.794158,1.75097,0.00315479,1.25718,-1.81429,3.30894,3.69514,1.04339,1.85899,0.109613,1.97289,2.63979,2.62175,2.57785,0.663907,2.22173,0.374621,1.23305,0.278974,10.0
gen=150_infill=85,0.388196,-3.39952,-5.0,-5.0,-5.0,10.0,-5.0,-5.0,-5.0,2.27718,6.49141,-5.0,-5.0,-5.0,-5.0,-5.0,-5.0,2.74873,2.61843,10.0
gen=150_infill=86,3.02662,4.54233,-5.0,-0.170671,-5.0,7.73655,1.13482,-5.0,-5.0,5.18594,2.45444,1.47424,3.518,0.638347,-5.0,-3.60045,-0.786002,0.606188,0.243372,10.0
gen=150_infill=87,0.418351,-1.26776,-5.0,-5.0,-5.0,10.0,-5.0,-5.0,-5.0,1.48186,4.73813,-5.0,-2.24761,-5.0,-5.0,-5.0,-5.0,1.82387,4.72521,10.0
gen=150_infill=88,0.773546,-0.365328,-5.0,-5.0,-5.0,10.0,-5.0,-5.0,-5.0,3.19664,5.17269,-5.0,-3.75546,-5.0,-5.0,-5.0,-5.0,2.575,2.118,10.0
gen=150_infill=89,-1.10858,2.99866,-5.0,-2.99947,-5.0,3.70712,-2.69162,-5.0,-5.0,4.81688,3.17254,0.320142,3.31758,-0.228368,-5.0,-1.36985,2.08779,4.26034,-1.95153,10.0
gen=150_infill=90,-1.80835,-0.672306,-5.0,-5.0,-5.0,10.0,-5.0,-5.0,-5.0,4.54125,5.28498,-5.0,-2.92511,-1.87688,-4.80119,-5.0,-5.0,1.40278,3.81056,10.0
gen=150_infill=91,2.58538,-5.0,-5.0,-5.0,-5.0,10.0,-5.0,-5.0,-5.0,0.553122,10.0,-4.70088,-2.73371,-2.55649,-5.0,-5.0,-5.0,3.96684,-0.338732,10.0
gen=150_infill=92,0.385962,3.43445,-5.0,-1.43132,-5.0,10.0,-1.24823,-5.0,-5.0,3.95562,3.77859,-5.0,0.167584,0.24559,-5.0,-3.17039,-5.0,1.60958,3.51962,10.0
gen=150_infill=93,2.14239,2.39334,-0.0893228,3.11666,-0.964711,1.54538,3.41593,-1.0245,0.599897,0.753876,2.38206,0.775589,3.12772,0.884345,0.136454,3.34248,0.684242,1.63316,0.430769,10.0
gen=150_infill=94,-0.786354,2.72302,-5.0,-3.53329,-5.0,3.64733,-0.626745,-5.0,-5.0,3.66346,3.06624,0.480619,3.10842,0.19699,-5.0,-0.834093,2.28834,2.43204,-3.15201,10.0
gen=150_infill=95,1.96794,1.96798,0.125497,2.26363,1.3803,0.372814,1.21124,2.58727,2.1704,2.77901,1.28145,2.40227,2.8372,1.51243,0.680116,3.02825,0.615223,2.82789,1.06002,6.06234
gen=150_infill=96,1.3484,-3.61498,-5.0,-5.0,-5.0,10.0,-5.0,-5.0,-5.0,1.0547,7.92461,-4.76471,-5.0,-5.0,-5.0,-5.0,-5.0,2.67898,1.02581,10.0
gen=150_infill=97,2.6309,-5.0,-5.0,-5.0,-5.0,10.0,-5.0,-5.0,-5.0,1.86616,9.72425,-5.0,-5.0,-5.0,-5.0,-5.0,-5.0,-0.607432,3.47319,10.0
gen=150_infill=98,6.07936,-5.0,-5.0,-5.0,-5.0,10.0,-5.0,-5.0,-5.0,0.826988,10.0,-5.0,-5.0,-4.04548,-5.0,-5.0,-5.0,-2.2534,2.90692,10.0
gen=150_infill=99,-0.209272,-4.02712,-5.0,-5.0,-5.0,10.0,-5.0,-5.0,-5.0,3.73977,6.42776,-5.0,-5.0,-5.0,-5.0,-5.0,-5.0,4.02889,3.46065,10.0
gen=150_infill=100,6.13546,2.00622,-5.0,-5.0,-5.0,10.0,-5.0,-5.0,-5.0,3.64889,6.97701,-5.0,-4.60151,-0.79297,-5.0,-5.0,-5.0,0.934657,-0.952238,10.0
gen=192_infill=1,1.81914,1.66765,0.389219,1.82375,1.44534,0.50084,1.03189,2.43813,1.8156,2.6851,0.954441,2.48475,2.13093,2.09814,1.53381,2.4206,0.710075,2.79692,1.34651,5.99165
gen=192_infill=2,0.752155,1.53,0.721461,2.16789,0.375396,-0.379387,1.4757,1.57664,2.43732,1.29524,1.5691,0.170349,1.13893,-0.274125,0.993817,1.46037,1.94403,1.29526,1.92335,-1.81618
gen=192_infill=3,0.632452,1.78195,0.674102,1.48762,0.596592,1.68564,2.69728,2.38623,1.18807,2.23001,2.63819,1.96118,0.904054,2.11026,2.50924,2.47006,0.0792249,3.17402,0.897383,-0.422835
gen=192_infill=4,0.617869,0.634427,1.14076,2.48046,2.20632,0.466145,1.92973,3.74756,1.59906,1.27658,0.89516,2.16295,1.21296,1.37234,2.56653,0.0307647,3.24199,2.23892,1.2318,-5.0
gen=192_infill=5,0.142697,1.14571,0.512615,2.28433,-0.345412,1.83646,0.92784,2.27747,2.7121,0.979621,1.7157,0.501907,1.55399,2.0192,2.71991,0.254334,1.8579,0.736501,0.555662,-2.41456
gen=192_infill=6,1.77049,1.36771,0.569783,1.5739,0.777365,0.683598,1.62575,2.09706,1.27868,3.19805,0.65494,1.88634,0.319011,2.24644,2.45097,0.951295,1.83745,3.20347,1.63741,3.68807
gen=192_infill=7,1.60651,1.51805,0.536172,2.32039,1.62882,2.29119,1.89511,3.59916,3.00551,0.678283,1.07979,-0.368209,0.666729,1.89145,2.36254,1.08794,3.31951,0.674027,1.52952,-5.0
gen=192_infill=8,1.48045,1.36292,0.347882,2.11999,1.7282,4.48993,2.67421,3.10177,1.39436,1.64594,0.937983,1.68604,1.02293,2.25715,2.96102,1.46299,2.5574,-0.337131,0.778194,-5.0
gen=192_infill=9,1.69329,0.338904,0.647554,2.69153,2.02638,0.971741,1.65611,-0.131867,3.06479,0.534878,2.38387,0.149157,1.04513,-1.27434,2.21188,1.60211,1.40387,-0.279575,1.733,-3.74354
gen=192_infill=10,0.837806,0.878971,0.423669,2.08558,0.251243,3.38502,2.96049,1.00949,2.29942,0.581934,1.26554,0.880338,1.37133,2.57194,2.35531,0.917548,3.29989,-1.13255,0.485387,-5.0
gen=192_infill=11,0.826763,2.02653,0.681446,1.47893,1.34376,1.61804,2.19481,2.06115,1.36908,1.85535,2.3479,1.00744,2.87282,2.51539,2.69012,3.19176,0.396795,2.54634,1.48694,4.25268
gen=192_infill=12,1.44609,1.21371,0.564464,1.76608,1.41288,1.00446,3.34353,2.36789,2.03537,3.0075,0.732819,-0.970893,2.74189,0.743824,3.14803,1.97648,1.5571,1.69022,0.0374411,-5.0
gen=192_infill=13,0.771376,0.50444,0.296465,1.79342,1.00433,1.00203,1.28701,2.54558,1.90509,2.21622,2.56836,2.14642,3.45142,0.762975,1.74707,1.37969,0.496515,1.92264,1.87507,6.04812
gen=192_infill=14,0.501542,0.363756,0.207224,1.51376,1.05211,0.430701,3.15309,1.53045,1.7991,2.47119,2.83313,0.880394,3.0867,1.99228,2.29589,1.75339,2.7108,1.24181,0.192846,-5.0
gen=192_infill=15,0.451502,2.05357,0.460731,2.44934,1.63426,2.63819,0.894932,2.04755,2.45499,2.23519,1.12415,0.308224,1.66539,1.26696,1.44159,0.45414,1.12275,1.61429,1.27462,2.0866
gen=192_infill=16,1.6037,1.7657,0.213716,1.80693,1.48627,1.48611,1.01829,2.63576,1.81158,2.43591,1.79594,1.90924,2.67946,1.52616,2.21861,3.16651,0.376314,3.08789,1.4186,3.06699
gen=192_infill=17,-0.00518903,1.54861,0.582069,2.40602,0.78907,0.652745,0.692315,0.0152406,0.987294,1.78458,1.42802,1.18068,1.40131,0.44427,1.88963,1.75721,0.995457,1.72503,1.77448,-3.85048
gen=192_infill=18,1.92309,2.31035,0.30704,2.57684,2.37634,2.95889,2.17459,1.6619,2.83734,1.27954,-0.0142434,-0.456304,2.13264,0.909712,2.93637,0.725044,2.12029,0.0391604,1.57201,-5.0
gen=192_infill=19,0.707394,1.69018,0.458615,2.44587,0.940646,2.54063,2.5384,1.55497,2.81567,2.58447,1.59776,-0.599927,-0.1262,1.22194,1.73023,0.536089,2.13002,1.98451,0.592022,-5.0
gen=192_infill=20,0.963702,1.6672,0.273866,1.58186,2.24946,0.891491,0.862418,3.46389,1.76632,2.5411,2.99719,1.02433,2.93601,1.9786,1.17771,2.20708,1.95986,2.5991,1.10491,0.911615
gen=192_infill=21,0.151999,0.0830114,0.583807,1.5468,0.0276733,0.591202,0.797744,0.591154,1.99335,1.43932,1.61609,2.21589,1.34333,0.302434,2.33288,1.68816,1.33993,2.15067,2.33059,4.5215
gen=192_infill=22,0.617792,1.89946,0.506516,1.73655,1.45856,1.47656,0.605493,2.21455,2.49726,1.94222,1.20581,0.691978,1.94684,1.46924,1.37281,1.94043,1.12477,1.38265,1.43493,-1.97158
gen=192_infill=23,1.23488,2.34786,0.639151,1.50381,1.16604,1.72852,0.747187,2.94914,2.85388,1.06803,0.891495,1.43143,2.36177,1.24995,1.76897,1.5692,1.38937,2.2623,1.64592,6.71408
gen=192_infill=24,2.16549,2.11361,0.365204,1.9142,1.29792,0.862082,1.24994,1.88025,3.0025,1.51594,0.586096,1.82117,1.49652,2.00588,2.06809,2.50365,0.958101,1.94848,1.5823,5.29052
gen=192_infill=25,0.84942,1.9168,0.32484,1.94375,1.32658,2.90806,1.71937,1.43688,3.06491,2.43413,1.60557,-0.332961,0.956971,0.306472,2.26545,1.29521,2.09651,2.62331,0.623638,-5.0
gen=192_infill=26,1.6485,1.79369,0.743597,1.91546,1.5626,2.04747,1.17285,1.70046,1.91127,2.86747,0.580102,2.17821,1.5696,1.7783,1.89491,1.91437,1.59235,2.57689,1.27234,6.22456
gen=192_infill=27,1.52986,1.26141,0.590586,2.15036,1.80182,0.34281,1.42752,0.885967,1.84434,3.02286,0.346808,2.02742,2.50078,2.03991,1.12177,1.71948,0.658229,1.59327,1.43374,1.26695
gen=192_infill=28,-0.248852,2.62029,0.858152,1.39618,1.64544,2.90692,0.598803,2.22583,2.75373,1.92023,1.59901,0.1814,2.21406,1.1454,1.46494,0.748256,1.15528,1.12423,1.55065,-3.50627
gen=192_infill=29,2.05995,1.72056,0.591723,2.04345,1.56983,0.176636,0.394249,-0.340217,2.34915,1.81551,0.589102,0.947402,2.66462,2.03936,1.96059,2.02942,1.07073,0.495456,1.04593,3.16653
gen=192_infill=30,1.51392,2.18738,0.596039,1.99568,1.28915,0.648581,1.24703,2.97238,1.74502,1.94612,1.24354,1.91205,2.82223,2.03991,1.93993,2.82936,1.27901,2.45658,1.33769,6.09769
gen=192_infill=31,-0.35671,2.82775,0.683689,1.6355,1.98555,2.19383,0.793681,0.984831,2.66813,1.99108,1.0059,0.258021,1.51614,0.855537,1.76375,1.92891,1.95282,1.47716,1.81122,-5.0
gen=192_infill=32,0.886782,1.51292,0.407997,1.68616,0.914074,0.997672,0.371618,1.52863,1.97045,3.19558,0.937419,1.32329,1.95721,1.9352,1.38396,2.28625,1.27328,2.20004,1.21757,1.01979
gen=192_infill=33,1.78886,1.54527,0.663282,2.0863,1.6693,1.21453,0.873989,1.56025,2.14934,3.01212,0.840941,0.135611,1.76816,1.7848,1.75099,2.19785,1.30279,2.63036,1.07342,0.364399
gen=192_infill=34,0.686503,1.78931,0.676268,1.67282,0.97124,1.22659,0.777352,2.31724,1.68585,2.03862,1.59713,1.37946,2.27986,2.09765,1.1447,1.60082,1.18398,2.19419,1.38675,-0.916191
gen=192_infill=35,0.685745,1.02523,0.623259,1.83633,2.05222,1.6058,0.834443,2.05003,2.77379,1.97247,0.945112,0.23134,0.704893,1.20664,1.91898,1.23204,2.56966,1.86873,2.0246,-3.90583
gen=192_infill=36,1.19919,1.96177,0.540262,2.08558,2.18266,1.91428,1.23979,0.922935,2.05622,3.16926,1.42197,0.683491,1.97105,1.61642,1.52752,0.471008,0.99046,1.59499,1.4195,-1.30545
gen=192_infill=37,1.28979,1.96625,0.38148,1.91345,1.94418,2.61903,1.04209,1.67245,1.63475,2.18991,0.800791,1.66387,1.98358,1.94285,2.00953,2.80882,1.405,2.31165,1.25854,-5.0
gen=192_infill=38,0.38989,1.69274,0.698256,1.67429,1.22028,1.59911,1.33341,1.64098,1.8178,2.5856,2.06545,1.35815,1.73463,2.71457,2.03021,1.89395,1.00768,2.02603,1.75077,-5.0
gen=192_infill=39,0.413975,1.46723,0.407944,2.1011,0.904417,4.08659,1.94522,1.34698,1.56362,2.59156,2.43625,-0.876382,0.833021,-1.00277,2.37504,0.998896,1.918,1.48682,0.579456,-5.0
gen=192_infill=40,0.294299,1.47816,0.380703,1.89991,1.65731,1.32917,0.748069,1.47879,1.64217,2.61326,0.373542,0.550302,1.48094,1.74412,1.68023,2.20736,1.47889,1.04157,1.09834,-5.0
gen=192_infill=41,1.17705,0.804105,0.219125,1.79656,2.15988,1.40023,0.854106,1.06568,1.13163,2.36731,2.3826,-0.438857,2.81467,2.29696,1.85035,2.12447,1.69051,2.72226,1.11286,-4.35315
gen=192_infill=42,1.51509,1.54961,0.776147,2.16591,1.73128,1.60923,0.462166,1.18259,1.61633,2.85572,1.54625,-0.0357111,1.30794,1.68534,1.43262,2.18765,1.58584,2.01333,1.02457,4.99907
gen=192_infill=43,1.92889,1.39178,0.694815,2.16593,1.74402,0.970047,0.928927,2.2613,1.54225,2.66348,1.82579,0.631837,1.14704,1.76861,1.26999,2.73817,1.19275,2.0163,1.13351,4.29014
gen=192_infill=44,0.645644,2.08407,0.677182,1.69683,1.11869,1.25114,0.63632,1.37538,1.46152,1.85782,1.53881,1.78921,2.34448,2.07642,2.96835,1.97842,1.18324,2.2149,1.32186,-5.0
gen=192_infill=45,0.661545,1.37478,0.288407,2.14421,1.31176,1.39482,1.1115,1.66528,3.02637,1.55457,1.69625,0.798678,2.36576,1.67765,1.18523,2.28395,1.30767,1.11691,1.18699,1.46903
gen=192_infill=46,1.39185,2.16591,0.769459,1.59988,0.911547,1.85072,0.778533,1.20862,1.08421,2.36135,1.24215,0.517688,2.09567,2.11326,0.97706,1.34491,1.376,2.37682,1.31494,0.148664
gen=192_infill=47,0.175687,1.50167,1.10226,1.62735,1.42449,2.05024,2.34564,1.42512,1.54007,2.5587,3.23054,0.855863,1.2793,-0.173745,1.93439,1.56059,1.93953,2.09167,0.795707,-5.0
gen=192_infill=48,0.551525,1.46443,0.912987,1.59294,2.90725,2.25157,1.11001,1.08149,2.54234,3.3783,1.66527,1.3911,1.34709,0.474865,2.45824,2.00548,1.39308,1.85518,1.98266,-5.0
gen=240_infill=1,2.05995,1.72056,0.591723,2.04345,1.56983,0.176636,0.394249,-0.340217,2.34915,1.81551,0.589102,0.947402,2.66462,2.03936,1.96059,2.02942,1.07073,0.495456,1.04593,3.16653
gen=240_infill=2,0.845636,1.76658,0.534336,1.98927,1.20324,1.72426,1.13252,1.75537,2.30154,2.13465,1.38098,0.46216,1.70017,1.31875,1.82076,1.53413,1.37187,1.67651,1.27931,-0.43166
gen=240_infill=3,1.30909,2.40692,0.0431493,2.01208,1.10986,1.62975,1.77693,1.96499,2.35393,1.86968,2.13635,1.34542,2.53464,0.786853,1.52478,2.29656,1.077,1.66807,1.60012,-0.832576
gen=240_infill=4,1.45913,1.63298,2.09528,1.99765,0.574037,0.460521,0.886476,-0.0731442,1.97951,1.25379,1.70756,1.74654,2.92188,2.22835,1.22702,2.96673,0.705983,0.521923,0.422195,7.63016
gen=240_infill=5,1.54684,1.92087,1.06815,1.95682,1.16737,1.7133,1.66595,1.87311,1.93806,1.94283,1.35788,0.27317,1.80056,0.866219,2.97671,2.55241,1.35677,0.915839,1.2882,-2.25379
gen=240_infill=6,0.90412,1.08215,0.0966896,1.9264,0.905722,1.25481,1.18081,1.86502,2.29381,2.02731,1.2238,0.576496,1.15794,1.18801,1.94847,1.23125,1.12447,1.46605,1.22747,-0.453691
gen=240_infill=7,2.23244,1.66126,2.19303,2.00433,1.21772,0.95284,0.669528,0.294881,2.24262,1.2358,1.68262,2.62269,3.47339,2.16968,1.61852,2.29969,0.714965,-0.0961451,0.270361,6.69126
gen=240_infill=8,2.98765,2.33315,1.02618,2.09759,0.880703,0.695949,0.528873,1.60869,2.34679,2.14863,0.919684,-0.273158,1.45607,1.77512,2.09795,0.983941,0.204922,0.242231,1.39706,5.26469
gen=240_infill=9,1.96294,1.88772,2.38538,2.18654,1.77764,0.552807,1.81295,0.305598,1.82483,1.53606,1.49672,0.881121,3.12586,1.57262,3.08269,2.04853,0.784092,1.50395,0.574105,2.08932
gen=240_infill=10,0.463311,1.82921,0.156749,1.9424,0.90616,1.98331,1.6397,1.79303,1.26555,1.63629,1.33361,1.89797,1.87587,1.69617,1.6347,2.19944,1.06678,0.907101,1.5943,-0.462935
gen=240_infill=11,2.28017,1.90394,0.279727,2.03946,1.01638,0.83071,0.630712,-0.892839,1.51868,0.53736,1.3607,1.87886,2.18559,2.11506,2.07135,2.3239,0.423899,-0.0866638,1.28194,3.50502
gen=240_infill=12,1.9412,1.77223,1.83387,2.06231,0.66363,1.49602,1.28561,-0.0221346,2.25988,1.58994,1.25849,0.908017,1.27806,2.64974,1.67557,1.43388,0.069246,0.2462,0.067972,6.41685
gen=240_infill=13,2.83999,1.92379,2.32838,2.03996,0.627072,1.54465,1.31329,0.0404527,2.30674,0.71089,1.39,0.688847,1.98852,2.6493,1.71047,1.44866,0.111063,1.58405,0.239934,3.71172
gen=240_infill=14,2.29143,2.11624,0.664608,2.08585,1.19235,1.40723,0.751008,0.358853,1.31073,1.81952,1.38069,2.43137,2.703,2.22073,2.14243,2.58743,-0.105079,0.920771,1.56956,4.99363
gen=240_infill=15,2.27124,1.7954,0.849492,2.11031,1.1639,0.284354,0.373391,0.8218,2.35258,1.66796,1.135,1.28493,2.15,1.27517,1.85213,2.59256,0.969392,1.12336,0.907121,2.22452
gen=240_infill=16,1.77641,1.96222,1.52502,2.0264,0.436537,0.897733,1.55949,0.969995,1.67292,1.35361,0.684243,1.51597,2.16243,1.10849,1.75859,1.6517,1.51288,2.05051,0.860023,5.18635
gen=240_infill=17,1.53398,1.12907,0.778954,2.01575,1.23853,1.01963,1.03942,0.155251,2.41421,1.5953,1.39086,1.5553,2.40224,1.24012,1.77165,2.03432,1.2291,0.92979,0.878358,2.7163
gen=240_infill=18,0.77307,1.02861,0.723039,2.00693,1.55568,2.15529,1.21342,1.69177,2.31055,2.1943,1.55148,1.02245,1.99109,0.712154,1.76704,2.00875,1.42852,1.43042,1.30964,-0.368054
gen=240_infill=19,0.820968,1.50325,0.225286,2.03147,1.26101,1.17591,1.23102,1.77113,2.31524,2.05229,1.35716,0.818925,1.27601,0.451389,1.78009,1.73833,1.41452,1.69858,1.23989,-0.378879
gen=240_infill=20,1.76254,2.43851,1.2673,1.96922,1.31589,0.738623,1.34006,0.868323,2.354,2.41148,1.89713,0.320813,2.3267,1.6639,1.80801,2.4886,1.39301,1.46712,1.2562,4.91632
gen=240_infill=21,0.799527,1.20472,0.593205,1.88296,1.32904,1.14976,1.18754,1.80251,2.31329,2.06705,1.40809,0.767199,1.84113,1.63688,1.84536,1.70624,1.53831,1.91523,1.28158,-0.364202
gen=240_infill=22,0.874941,2.09656,0.710178,1.84903,1.53463,1.32517,1.23863,1.72696,2.30357,2.22078,1.46217,0.873275,1.08199,0.65166,1.84015,1.39143,1.6462,1.62645,1.26529,-0.383837
gen=240_infill=23,1.66764,1.15567,1.31861,1.89556,1.31832,0.602391,1.2336,1.55508,2.33832,1.87922,1.29183,0.417537,1.74943,1.70702,1.91272,2.66094,1.61864,1.31952,1.24385,3.08349
gen=240_infill=24,0.951033,1.4724,1.05019,1.86759,1.39439,0.925425,1.04401,1.70348,2.29753,2.07055,1.5758,0.819078,2.08922,1.72224,1.74158,1.14575,1.41498,1.64995,1.31981,-0.312656
gen=240_infill=25,1.47977,1.53107,0.437377,1.68267,1.39392,0.903511,1.0467,0.671667,2.40458,1.85561,1.37108,0.585087,1.32773,1.13338,1.90205,1.32977,1.18836,0.661937,1.20767,2.65304
gen=300_infill=1,0.845636,1.76658,0.534336,1.98927,1.20324,1.72426,1.13252,1.75537,2.30154,2.13465,1.38098,0.46216,1.70017,1.31875,1.82076,1.53413,1.37187,1.67651,1.27931,-0.43166
gen=300_infill=2,2.29143,2.11624,0.664608,2.08585,1.19235,1.40723,0.751008,0.358853,1.31073,1.81952,1.38069,2.43137,2.703,2.22073,2.14243,2.58743,-0.105079,0.920771,1.56956,4.99363
gen=300_infill=3,1.77641,1.96222,1.52502,2.0264,0.436537,0.897733,1.55949,0.969995,1.67292,1.35361,0.684243,1.51597,2.16243,1.10849,1.75859,1.6517,1.51288,2.05051,0.860023,5.18635
gen=300_infill=4,0.799527,1.20472,0.593205,1.88296,1.32904,1.14976,1.18754,1.80251,2.31329,2.06705,1.40809,0.767199,1.84113,1.63688,1.84536,1.70624,1.53831,1.91523,1.28158,-0.364202
gen=300_infill=5,1.92394,2.00328,1.47158,2.01125,0.773408,0.808887,1.3177,0.789539,1.83516,1.44982,1.01333,1.39683,2.24625,1.54214,1.6299,2.01211,1.34688,1.65876,0.864617,8.60952
gen=300_infill=6,1.65058,2.01343,0.930077,1.91572,1.22154,0.897608,1.07645,1.79625,2.30104,2.11459,1.44495,0.53749,1.91047,1.62925,1.78364,2.11467,1.34746,1.38804,1.29485,4.8447
gen=300_infill=7,0.91755,1.29319,0.378702,1.92981,1.20608,1.19515,1.34379,0.977988,1.7591,2.0445,2.21386,0.43123,1.18681,1.03785,1.68263,2.01527,1.18568,1.48544,0.978001,0.855719
gen=300_infill=8,1.68638,1.09728,0.358868,1.78378,1.13527,0.658068,0.766784,1.2416,2.21105,2.46982,1.58145,0.510875,1.61806,1.83472,1.80649,2.38055,1.14583,1.97669,1.15972,4.27064
gen=300_infill=9,2.56594,1.35673,1.26514,1.88055,1.16428,0.99898,0.827565,0.972509,2.15713,2.27241,1.19372,0.458483,2.41454,1.92321,1.84902,2.2624,0.156404,1.31359,1.33401,5.21807
gen=300_infill=10,2.21966,1.07362,0.451317,1.66212,1.55563,1.11521,0.641284,0.067614,1.11794,2.51894,1.41093,1.83311,2.35048,1.92138,1.89357,2.76569,0.571927,1.19408,1.24842,5.31301
gen=300_infill=11,1.96809,1.40353,0.972729,1.71209,1.46539,0.74752,1.07473,1.84856,2.17289,2.3209,1.67225,1.31843,1.91473,1.52034,1.83333,2.37107,1.59967,1.66053,2.14902,3.88548
gen=300_infill=12,2.70036,1.40261,1.45477,1.57768,1.11349,1.01066,0.412908,0.539545,2.21557,1.80428,1.36691,0.453726,1.52693,2.19856,2.01635,2.32277,0.346035,1.48622,1.20237,6.86457
gen=300_infill=13,2.09879,1.3309,0.353144,1.56054,1.09543,0.885725,0.632252,0.881489,0.780294,2.69538,1.87915,1.52783,2.71074,1.90708,1.92617,2.30269,0.507447,1.10659,1.55606,6.98055
gen=300_infill=14,2.23485,1.26374,0.786224,1.54699,0.983528,1.08077,0.393619,0.494146,2.04751,2.4314,1.44698,0.421681,1.22446,1.59555,2.11188,2.32119,0.707962,2.21413,1.47572,5.65166
gen=300_infill=15,2.51105,1.5981,1.36425,1.57391,0.866389,1.11822,0.401043,0.662513,1.93803,1.51865,1.38697,0.471789,1.61145,1.29267,1.96675,2.32549,0.419481,2.68747,1.55767,5.26261
gen=300_infill=16,1.4266,2.10921,0.535988,2.20676,1.04919,1.05579,1.62645,1.82514,1.97663,2.55395,1.50097,0.581796,1.50256,1.23892,1.62571,2.22506,0.843766,1.81017,1.76568,2.93463
gen=300_infill=17,2.27453,1.1977,1.40956,1.56811,0.972019,1.01281,0.349462,0.487338,1.95552,2.52204,1.34655,0.511222,1.39169,1.57467,2.20715,2.29711,-0.113585,2.12609,1.49221,4.22614
gen=350_infill=1,0.91755,1.29319,0.378702,1.92981,1.20608,1.19515,1.34379,0.977988,1.7591,2.0445,2.21386,0.43123,1.18681,1.03785,1.68263,2.01527,1.18568,1.48544,0.978001,0.855719
gen=350_infill=2,1.96809,1.40353,0.972729,1.71209,1.46539,0.74752,1.07473,1.84856,2.17289,2.3209,1.67225,1.31843,1.91473,1.52034,1.83333,2.37107,1.59967,1.66053,2.14902,3.88548
gen=350_infill=3,2.51105,1.5981,1.36425,1.57391,0.866389,1.11822,0.401043,0.662513,1.93803,1.51865,1.38697,0.471789,1.61145,1.29267,1.96675,2.32549,0.419481,2.68747,1.55767,5.26261
gen=350_infill=4,1.4266,2.10921,0.535988,2.20676,1.04919,1.05579,1.62645,1.82514,1.97663,2.55395,1.50097,0.581796,1.50256,1.23892,1.62571,2.22506,0.843766,1.81017,1.76568,2.93463
gen=350_infill=5,2.23069,1.51274,0.981938,1.82281,1.16565,0.90872,0.828031,1.13199,2.06496,2.22466,1.40307,0.913847,2.16718,1.78446,1.86121,2.27308,0.848256,1.47579,1.42479,7.01187
gen=350_infill=6,1.43208,1.17901,0.743894,1.87414,1.24141,0.898105,1.08546,1.77677,2.40174,2.10122,1.42439,0.975818,1.56637,1.55634,1.8723,2.15082,1.50003,1.87997,1.52419,3.77571
gen=350_infill=7,2.44501,1.06802,0.98463,1.68554,1.14349,1.03633,0.604918,0.51159,1.96632,2.07463,1.49692,0.625979,1.86323,1.61298,2.00408,2.45873,0.143834,2.02125,1.56464,4.94124
gen=350_infill=8,2.03006,1.34723,1.63633,1.57975,0.809407,1.41398,1.23587,0.798805,1.68542,1.69813,0.878892,0.576556,1.64073,1.34126,1.91354,1.91927,0.684932,3.3138,1.40213,5.60108
gen=350_infill=9,2.44617,2.04547,1.10083,1.54654,0.757928,0.869271,1.08974,0.277586,2.24945,1.80708,0.681988,0.706933,2.19954,1.69836,2.33618,2.16967,0.25902,2.34355,1.63241,5.8805
gen=350_infill=10,2.37482,1.80506,0.702014,1.50285,0.998141,1.06049,1.74883,1.18022,0.469305,2.54414,1.7169,1.32458,1.53855,1.71398,2.25661,2.51067,0.463182,1.0229,1.51394,1.66773
gen=350_infill=11,1.22489,1.03654,0.519252,1.75265,1.26124,0.860516,1.44403,1.13832,1.02037,1.42016,1.51604,0.442982,0.815705,1.52678,1.72564,1.90792,0.864314,1.35423,1.6873,0.875244
gen=350_infill=12,1.89731,1.7988,0.812971,1.61581,0.790212,0.87367,0.952196,1.793,1.91448,1.83471,1.48181,1.37618,1.731,1.51824,1.81299,2.16402,0.992651,1.43384,0.883743,2.3231
gen=350_infill=13,1.89431,2.37911,0.694938,0.879819,0.5757,1.06465,1.08027,1.80204,1.03489,2.04657,1.83995,1.56173,1.50261,0.996624,1.26172,1.52801,0.0772684,1.16958,0.310796,2.21726
gen=350_infill=14,1.64369,1.45928,0.72061,1.9332,1.20445,0.922346,0.723653,2.06215,2.38974,1.91017,1.06408,1.07212,1.80698,1.54415,1.81726,1.75215,1.03293,2.21246,1.09016,3.0523
gen=350_infill=15,2.10507,2.23356,0.62071,1.54165,0.834508,0.772361,1.89578,0.846712,0.782653,2.69317,1.73077,1.31229,1.33573,1.60989,2.24816,2.21718,0.864797,1.16612,1.12189,2.01354
gen=350_infill=16,1.88912,2.32808,0.73415,1.6333,0.694092,1.00332,1.2962,1.07513,1.13902,1.9037,1.6257,1.20548,1.31704,1.40872,1.81288,1.96216,0.946594,1.29799,0.981655,2.33183
gen=350_infill=17,2.01324,2.10612,0.858845,1.62552,0.791051,0.900965,1.00639,1.12919,1.97856,1.83721,1.46898,1.49136,1.94834,1.46399,1.79354,2.15352,0.950249,1.08377,1.18931,2.40926
gen=350_infill=18,2.27814,1.76888,0.701172,1.45138,0.903667,0.753865,1.02712,0.914648,1.90143,1.82134,1.41312,1.62895,1.85255,1.84327,1.63358,2.37269,0.663568,1.7689,0.892993,5.75594
gen=350_infill=19,1.65781,2.15423,0.641541,1.61422,0.708112,0.807522,1.14843,1.1325,1.44844,1.89553,1.61131,1.03597,1.69798,1.36953,2.23474,2.00649,0.970838,1.33124,0.904438,2.27331
gen=350_infill=20,1.40935,1.78035,0.53419,1.52951,0.687453,0.729908,1.33014,1.27789,1.52322,1.94088,1.69959,1.41583,1.92931,1.24456,1.56876,1.60945,1.00494,1.40197,0.765671,2.34559
gen=350_infill=21,1.72492,1.98333,0.798335,1.45199,1.43792,0.722503,1.11684,1.15305,1.83294,1.94178,1.82216,0.99129,1.68783,1.40489,2.46454,1.86552,0.766093,0.712965,0.995126,0.519602
gen=350_infill=22,1.92365,1.80651,0.828568,1.51479,0.761735,0.911069,1.16063,1.26723,1.9706,1.83537,1.51261,1.33816,2.25269,1.563,1.60475,1.98084,0.945692,1.1532,0.997982,2.59302
gen=350_infill=23,1.66093,2.26576,0.753873,1.65879,0.915745,0.995056,1.00791,1.32696,1.67398,1.90757,1.48605,1.38869,1.76334,1.21002,1.39409,2.08655,0.71624,1.27532,1.32448,2.36368
gen=350_infill=24,2.30103,2.50972,0.517326,1.49014,0.548302,0.775778,1.60044,0.842581,1.03786,1.82114,1.91709,1.25619,1.41644,1.38429,1.79556,1.97801,0.46468,1.00653,0.547445,1.26289
gen=350_infill=25,2.60088,3.1357,0.751874,1.47179,0.667472,0.728387,1.40554,0.897688,1.33983,2.05763,2.02358,1.03945,1.34182,1.5342,1.82044,2.03471,0.254397,0.938039,0.708517,1.62929
gen=350_infill=26,1.94075,2.18407,0.45952,1.58135,0.713585,0.813764,1.46106,1.04047,1.71931,2.57713,1.70043,1.20916,1.65618,1.51141,1.85354,2.32814,0.913728,1.26902,0.992288,2.14497
gen=350_infill=27,1.70335,2.1864,0.752019,1.5379,0.744477,0.654024,1.22538,1.25635,2.0586,2.11342,1.59641,0.958128,1.83852,1.30359,2.09513,2.30483,0.92743,1.21867,1.02137,2.16332
gen=350_infill=28,1.9279,2.07151,0.728441,1.49453,0.699496,1.08659,1.59671,1.21415,1.42783,2.06355,1.55828,1.17828,1.51817,1.74575,2.01811,2.28671,0.893412,1.17829,0.993129,1.74069
gen=350_infill=29,1.83411,2.72673,0.596416,1.4321,0.745958,0.945293,1.66226,1.80609,1.89188,1.9166,2.2567,0.917508,1.14865,1.25722,1.49888,1.97449,0.334867,0.739663,0.760963,1.43953
gen=350_infill=30,1.67377,2.00983,0.584812,1.60991,0.895403,0.469332,1.11359,1.09237,1.86657,2.38182,1.6944,0.880849,1.49653,1.38284,2.10414,1.9321,1.00218,1.29618,0.920317,2.01782
gen=350_infill=31,2.18914,2.09104,0.864195,1.53077,0.821657,0.411532,1.50722,1.14093,1.13316,2.05735,1.6727,1.00042,1.0359,1.3503,1.663,1.80998,0.964783,1.26418,1.02881,1.67864
gen=350_infill=32,1.78738,2.20181,0.762526,1.63152,0.61468,0.995986,1.06642,1.33451,1.44474,1.88825,1.6168,1.40003,1.85587,1.18293,1.67753,2.19259,0.776779,1.27743,1.03737,2.30115
gen=350_infill=33,1.87439,2.49249,0.712764,1.34432,1.10194,0.667444,1.4173,1.54308,1.61881,1.95492,2.191,0.804987,1.08653,1.21221,2.42932,2.22474,-0.0458468,1.08346,1.07925,0.610053
gen=350_infill=34,2.36545,1.99468,0.860331,1.46381,1.108,0.519552,1.71908,1.82392,1.19802,2.18088,1.59748,0.978482,1.24872,1.32532,1.64706,1.65956,0.407774,0.840497,0.837205,-0.0276919
gen=350_infill=35,1.68096,2.56332,0.775423,1.50322,0.676592,0.632737,1.56131,1.28404,1.63102,1.65771,1.75208,0.893309,0.877411,1.29014,2.06814,1.68615,0.474539,1.39891,0.870085,0.664277
gen=350_infill=36,1.73298,2.10455,0.659868,1.67012,1.17213,0.316073,1.1076,0.930048,1.68107,2.04322,1.70859,1.0922,1.53563,1.3653,1.75744,1.94724,1.00279,1.35327,0.895879,2.11191
gen=400_infill=1,-2.59594,-5.0,-1.53842,1.54123,-1.3359,-0.946949,0.706189,-5.0,2.02325,-5.0,-0.734719,-1.56539,-5.0,-0.667528,1.99359,-0.695715,-1.06492,-5.0,-0.371672,-4.8663
gen=400_infill=2,-5.0,-5.0,-4.84574,-5.0,-0.983474,-5.0,-5.0,-5.0,-0.861195,-5.0,-1.55393,-5.0,-5.0,-1.12647,6.23465,0.758923,2.46415,-5.0,-5.0,-5.0
gen=400_infill=3,-0.481181,-0.172932,0.748739,1.76245,2.55488,1.25497,3.28385,1.04515,2.2877,0.458436,0.155946,-1.91791,1.129,1.48547,2.05777,2.3812,0.802204,-3.67158,-0.620045,-5.0
gen=400_infill=4,-2.76962,-5.0,-1.90086,1.26833,0.325751,-0.64372,1.04946,-2.61167,-0.552807,-1.8677,-0.20155,-4.99459,-0.904182,-0.772808,2.03342,0.951052,1.77137,-5.0,-3.92117,-5.0
gen=400_infill=5,-1.12828,-5.0,-1.78669,-5.0,0.048528,-5.0,-3.69087,-5.0,-3.29625,-5.0,-1.87049,-5.0,-3.5059,2.37223,1.3814,0.321836,0.175246,-5.0,-5.0,-5.0
gen=400_infill=6,-2.34232,-5.0,-4.35005,1.80703,1.97878,-2.66049,0.91645,-5.0,1.40142,-5.0,-0.113111,-5.0,-4.25521,-1.97018,2.9683,1.43479,1.676,-5.0,-5.0,-5.0
gen=400_infill=7,-5.0,-5.0,-5.0,-5.0,-5.0,-5.0,-5.0,-5.0,5.65461,-5.0,-4.08995,-5.0,-5.0,-5.0,6.25383,0.0655151,2.00852,-5.0,-5.0,-5.0
gen=400_infill=8,-0.326,2.03628,0.704305,-3.49721,-2.10524,-3.88833,0.877922,-3.2939,0.880036,-5.0,1.82937,-1.50202,-5.0,1.08438,2.08332,0.913936,1.23065,-2.33135,0.0817977,-2.70073
gen=400_infill=9,-5.0,-5.0,-4.59102,-4.54809,1.03778,-5.0,-5.0,-5.0,0.213327,-5.0,-5.0,-5.0,-5.0,-0.384281,10.0,1.18411,0.976325,-5.0,-5.0,-5.0
gen=400_infill=10,1.29545,1.25055,0.656867,1.73269,1.14668,1.07128,1.53397,1.39268,1.25261,1.8539,1.48908,0.808264,1.38006,1.40994,1.78473,2.05153,0.914469,1.39377,1.24581,-1.7004
gen=400_infill=11,-1.19765,-5.0,-3.05488,-2.16939,0.15398,-5.0,0.237602,-5.0,-5.0,-5.0,-0.15734,-5.0,-4.47369,-5.0,1.67719,0.893124,0.809394,-5.0,-5.0,-5.0
gen=400_infill=12,-0.983727,-2.41701,0.0352786,2.57585,0.639211,2.15889,1.75751,-2.95614,2.20628,-3.89485,0.967867,-3.30428,-5.0,-4.38324,-3.11542,2.44623,-0.668494,-5.0,0.969319,-5.0
gen=400_infill=13,-3.77341,-5.0,-2.84476,0.423423,-3.75179,-5.0,-0.234487,-5.0,2.11883,-5.0,1.38009,-5.0,-5.0,-3.80069,1.02231,-0.00852692,0.850296,-5.0,-4.2952,-5.0
gen=400_infill=14,0.245645,-1.10642,0.640394,-5.0,-2.47977,-5.0,-1.66201,-5.0,-4.18503,-5.0,-1.78851,-5.0,-5.0,2.00911,2.27467,-3.76258,-0.445656,1.45393,-0.225143,-3.04185
gen=400_infill=15,-3.25949,-5.0,0.243593,0.367625,-1.41511,-5.0,1.95003,-1.05421,0.746041,-3.82288,0.971999,-5.0,-2.43248,-1.85932,1.36364,1.86498,0.0820307,-5.0,-1.45627,-5.0
gen=400_infill=16,-5.0,-5.0,-2.50087,-3.09028,-2.43135,-5.0,-0.646831,-5.0,-0.233705,-5.0,-0.370799,-5.0,-5.0,-1.13691,2.03736,1.32649,2.09995,-5.0,-4.72585,-4.95415
gen=400_infill=17,-1.28109,-5.0,-0.110839,1.88927,1.42305,1.79765,2.85738,0.932147,-2.89151,2.06867,2.17474,-2.21998,1.07193,1.58707,1.29016,2.54251,2.88021,1.61767,4.31661,-5.0
gen=400_infill=18,-4.65732,-1.05565,-5.0,2.0706,-0.348412,0.386402,1.56021,-3.42956,4.11012,-5.0,2.56193,-5.0,-4.72377,-3.49025,0.815559,0.673943,0.832363,-5.0,-2.85856,-5.0
gen=400_infill=19,-5.0,-5.0,-5.0,-5.0,-5.0,-5.0,-5.0,-5.0,1.68586,-5.0,-1.06725,-5.0,-5.0,-5.0,3.91532,-5.0,2.91061,-5.0,-5.0,-5.0
gen=400_infill=20,-0.00255002,-5.0,1.03204,-2.84419,-1.39075,-5.0,-2.29877,-5.0,1.51121,-5.0,-2.08261,-5.0,-5.0,-5.0,2.96825,-0.250598,-3.11911,-5.0,-5.0,-5.0
gen=400_infill=21,-1.03109,-5.0,-0.69679,1.27227,2.14155,1.52935,1.0496,-2.35964,-0.202505,0.548106,0.574373,-3.72106,1.49236,4.07554,2.15315,2.99909,3.74006,-4.44643,-0.843522,-5.0
gen=400_infill=22,3.04518,-5.0,-0.829318,2.40029,3.02921,3.07802,0.388368,-2.00213,2.08027,-4.44097,0.838023,-4.406,-1.1727,-3.00228,1.461,-0.208054,-1.15881,-5.0,-0.217456,-5.0
gen=400_infill=23,-2.41917,-2.7579,0.0430146,1.92913,1.3292,1.83254,4.1097,-2.04212,3.81749,-4.2105,1.0693,-5.0,-0.645362,0.505688,2.4847,2.35312,-1.73877,-5.0,-1.72203,-5.0
gen=400_infill=24,0.360773,-3.76831,0.914653,-2.03202,-0.921345,-5.0,1.11761,-3.55678,2.6057,-5.0,1.84989,0.906692,-5.0,-5.0,0.829734,0.873446,-1.25692,-5.0,-2.9051,-3.87524
gen=400_infill=25,2.00237,1.42425,0.793754,1.70196,1.02416,1.06505,0.86235,1.13284,2.18287,2.25217,1.32671,1.30504,2.09424,1.75867,2.03504,2.32351,0.937058,2.06047,1.41893,6.27395
gen=400_infill=26,-2.87692,-5.0,-2.36742,2.12809,-1.53949,-5.0,-2.32996,-5.0,3.50895,-5.0,-2.33909,-5.0,-5.0,-0.954537,7.58686,0.347172,0.070315,-5.0,-5.0,-5.0
gen=400_infill=27,-2.58635,-5.0,-2.47129,-4.78008,2.03575,-5.0,-2.63497,-5.0,-0.133853,-5.0,-2.60507,-5.0,-4.85768,2.40061,6.87806,1.20901,-0.239237,-5.0,-5.0,-5.0
gen=400_infill=28,-2.96059,-5.0,-1.22283,1.5524,-1.99675,-5.0,-2.50614,-3.64732,-1.1634,-5.0,-2.71797,-5.0,-5.0,-5.0,-0.125528,-2.31652,2.74316,-5.0,-5.0,-5.0
gen=400_infill=29,-5.0,-5.0,0.212802,-5.0,-2.37151,-5.0,-1.6913,-5.0,0.179486,-5.0,-1.20847,-5.0,-5.0,-2.80163,6.25768,-1.2299,1.02512,-5.0,-5.0,-5.0
gen=400_infill=30,-0.540614,-5.0,-4.70888,-0.103895,-2.19046,-1.54305,-1.90636,-2.5661,0.304162,-4.17181,-2.19684,-4.43729,0.531415,-1.54223,1.46949,0.555128,-0.609744,-5.0,-4.94627,-5.0
gen=400_infill=31,-1.36649,-5.0,-1.5451,1.38321,1.67659,1.99209,1.93146,-0.011996,-4.84324,0.250701,1.25414,-3.67242,2.30974,0.264737,2.97539,2.38755,4.42816,0.279657,-1.55438,-5.0
gen=400_infill=32,-5.0,-5.0,-2.13428,1.55053,1.37157,-0.814409,3.48134,-0.262851,1.81111,-1.74475,1.62604,-1.21859,-3.43268,3.29213,1.53494,0.431024,1.20636,-5.0,-5.0,-5.0
gen=400_infill=33,-1.39873,-5.0,-1.37441,0.973601,-0.406512,-2.11335,1.67342,-5.0,-5.0,-4.76041,-0.122086,-3.18322,2.06594,0.231137,2.65058,1.40441,3.21902,-5.0,-3.55419,-5.0
gen=400_infill=34,-1.27866,-5.0,-1.15845,-5.0,0.648138,-5.0,-2.5536,-5.0,-0.449682,-5.0,-1.73443,-5.0,-2.00164,2.23641,1.92216,-0.0842618,0.495095,-5.0,-5.0,-5.0
gen=400_infill=35,-2.39002,-5.0,-1.42279,2.69857,0.625636,2.40568,1.02666,-1.98205,-1.71882,0.324908,-0.33835,-4.99081,1.96289,0.286477,2.51841,0.454832,2.48604,-5.0,-4.02641,-5.0
gen=400_infill=36,-5.0,-5.0,0.310854,1.98163,2.42717,-5.0,-1.32948,-5.0,0.853397,-4.58161,-3.77222,-3.79411,-5.0,0.310642,4.79192,1.94925,1.75991,-5.0,-5.0,-5.0
gen=400_infill=37,1.48016,2.24696,1.00593,1.77504,1.60071,0.731851,2.58587,1.67091,0.541379,2.4886,1.89189,0.0977659,2.16393,0.987168,1.94696,1.79699,0.57157,-2.47602,-0.0713442,-5.0
gen=400_infill=38,-2.52238,-5.0,-3.43247,-2.30252,-2.10662,-5.0,0.995795,-5.0,0.0287234,-5.0,-1.47969,-5.0,-5.0,-1.91008,2.30719,0.203653,0.763408,-5.0,-5.0,-5.0
gen=400_infill=39,-3.75917,-1.03055,-4.72259,1.29788,-0.532327,-2.18117,1.1766,-1.39385,1.89324,-0.642797,1.457,-1.75356,-5.0,-2.47238,1.59805,1.13582,1.09324,-5.0,-5.0,-5.0
gen=400_infill=40,-2.4672,-5.0,0.192382,-2.43876,-0.324116,-0.8079,0.891533,-3.87743,0.626897,-5.0,-1.09888,-5.0,-4.75142,1.68892,2.45417,-1.12886,-1.54609,-5.0,-2.503,-4.89523
gen=400_infill=41,-3.06601,-5.0,-5.0,-5.0,2.17188,-5.0,-5.0,-5.0,4.07392,-5.0,-0.481797,-5.0,-5.0,0.318578,4.70407,0.383098,1.26319,-5.0,-5.0,-5.0
gen=400_infill=42,-5.0,-5.0,-5.0,-5.0,-0.578793,-5.0,-4.65246,-5.0,-0.43819,-5.0,-3.78338,-5.0,-5.0,-1.57449,5.97273,2.69669,1.2564,-5.0,-5.0,-4.99523
gen=400_infill=43,-0.691635,-5.0,0.302376,1.77959,3.84858,1.19165,2.94563,0.835335,1.76902,-0.0553531,0.448638,-1.20966,1.23731,3.26618,1.89866,2.26253,0.377365,-5.0,-0.201952,-5.0
gen=400_infill=44,-3.57492,-5.0,-3.87251,-2.90014,-1.54538,-5.0,-3.65175,-5.0,1.16654,-5.0,-0.450822,-5.0,-5.0,-3.08922,1.58416,-1.07474,-1.40318,-5.0,-5.0,-5.0
gen=400_infill=45,0.877357,3.41262,-0.709894,-5.0,-1.68224,-5.0,1.2072,-5.0,0.295451,-5.0,-0.484303,-5.0,-5.0,1.10515,0.204028,1.40741,-1.80154,-0.808162,-0.102853,-3.09478
gen=400_infill=46,-0.291175,-4.81416,-0.201788,2.94349,-0.491008,1.20733,2.33477,-3.23925,1.50297,-2.05898,1.31363,-3.93867,-5.0,1.12459,-0.474971,2.30164,-1.67765,-4.17048,1.16647,-5.0
gen=400_infill=47,-5.0,-5.0,-3.30562,-5.0,-3.06995,-5.0,-5.0,-5.0,0.271876,-5.0,-2.44743,-5.0,-5.0,-3.39134,5.96876,0.544166,0.885044,-3.91745,-5.0,-5.0
gen=400_infill=48,-5.0,-5.0,-5.0,-1.01355,3.73908,-5.0,-5.0,-5.0,1.09899,-5.0,-4.34897,-5.0,-5.0,2.63733,10.0,2.82625,1.65321,-5.0,-5.0,-5.0
gen=400_infill=49,-4.35441,-2.83553,-2.55537,0.911838,-0.0359024,-4.98987,1.48114,-4.57023,1.43836,-5.0,0.704519,-5.0,-5.0,-1.15406,1.89205,1.33385,0.723725,-4.0956,-5.0,-5.0
gen=400_infill=50,-2.23135,-5.0,-1.13633,-0.830372,-0.47087,-5.0,1.54345,-5.0,-5.0,-4.77197,0.178904,-4.02698,-0.723908,-5.0,2.10694,1.88664,2.25423,-3.76657,-3.66404,-5.0
gen=400_infill=51,-2.6784,-5.0,-2.26093,2.35437,-1.78143,-1.57695,1.45134,-5.0,1.22199,-4.57498,-0.535886,-5.0,-5.0,-3.48504,0.597652,0.429165,1.94535,-5.0,-2.28767,-5.0
gen=400_infill=52,-1.70408,-5.0,-1.97547,-0.640645,-2.28456,-5.0,-1.97984,-4.52554,-4.57196,-5.0,-3.20014,-5.0,-5.0,-5.0,1.11043,-1.73324,-0.319886,-5.0,-5.0,-5.0
gen=400_infill=53,-5.0,-5.0,-5.0,-5.0,-5.0,-5.0,-5.0,-5.0,4.19362,-5.0,-3.90329,-5.0,-5.0,-5.0,6.98704,-3.27057,1.55697,-5.0,-5.0,-5.0
gen=400_infill=54,-3.37441,-4.91402,-2.03467,1.3173,2.00774,1.28161,3.11436,-0.952336,-0.362079,0.643887,-0.863792,-5.0,2.33226,3.27867,1.97063,1.89361,1.45288,-5.0,-0.403548,-5.0
gen=400_infill=55,-1.89983,-5.0,-1.89823,2.30242,2.19007,0.66336,3.70459,-2.13982,-1.31246,-2.45379,0.168003,-5.0,2.07334,-2.38682,2.2285,0.810783,-0.112802,-5.0,-3.03286,-5.0
gen=400_infill=56,-0.709436,-1.92839,0.0617315,0.733421,-4.05044,-5.0,3.05058,0.48825,2.72061,-5.0,-0.238526,-5.0,-3.41451,1.27882,1.50899,2.22706,0.165109,-5.0,-1.61579,-5.0
gen=400_infill=57,-2.48264,-5.0,0.0848442,-5.0,-5.0,-5.0,-0.090522,-5.0,2.34745,-4.81746,0.655181,-5.0,-5.0,-1.01569,5.65962,0.199501,-0.622141,-5.0,-5.0,-5.0
gen=400_infill=58,-1.57057,-5.0,-0.653932,-0.95609,-1.30132,-5.0,-5.0,-5.0,-1.53223,-5.0,-2.64601,-5.0,-2.50182,0.341321,2.27361,-2.65563,-0.437326,-5.0,-5.0,-5.0
gen=400_infill=59,-5.0,-5.0,-2.91665,-1.00112,-1.04357,-5.0,-1.90741,-5.0,1.58065,-5.0,-1.42699,-5.0,-5.0,1.21996,1.49525,2.93535,3.9931,-5.0,-5.0,-5.0
gen=400_infill=60,-0.0423178,-5.0,-1.73168,-5.0,-0.660629,-5.0,-2.54764,-5.0,2.55298,-5.0,-4.01073,-5.0,-5.0,2.3406,2.56469,-1.09749,-0.851026,-5.0,-5.0,-5.0
gen=400_infill=61,-4.11068,-5.0,-2.22087,2.64021,0.421297,-5.0,-0.0523503,-5.0,0.461124,-5.0,-0.1191,-5.0,-5.0,-2.3751,5.26505,0.912849,4.08051,-5.0,-4.39187,-5.0
gen=400_infill=62,-1.87171,-5.0,-5.0,1.05592,0.798557,-5.0,1.04454,-2.54308,0.375389,-3.39891,-1.65268,-3.60087,-5.0,-0.379275,2.32395,0.727695,1.0633,-5.0,-4.06713,-5.0
gen=400_infill=63,-1.00051,-4.74636,-2.6874,-2.0753,-0.664862,-5.0,2.11878,-4.7936,0.711292,-5.0,-0.775049,-5.0,-5.0,1.80465,1.57263,1.32915,0.448697,-2.87042,-5.0,-5.0
gen=400_infill=64,-3.48804,-5.0,-3.17004,0.449773,-1.88947,-4.24242,-1.54065,-5.0,2.3894,-5.0,-2.55759,-5.0,-5.0,-0.130364,2.38149,0.56352,1.1121,-5.0,-4.97247,-5.0
gen=400_infill=65,-5.0,-5.0,-5.0,-5.0,-5.0,-5.0,-5.0,-5.0,-2.05177,-5.0,-2.02334,-5.0,-5.0,-5.0,3.76531,-3.45384,2.66027,-5.0,-5.0,-5.0
gen=400_infill=66,-3.59493,-5.0,-0.0263951,0.81184,-1.57658,-2.86596,0.18558,-5.0,0.47697,-5.0,-0.711219,-3.01769,-5.0,1.80454,1.3246,-0.221568,0.600388,-5.0,-1.42747,-4.41667
gen=400_infill=67,-4.87718,-5.0,-2.39,-1.02729,-2.32478,-4.56614,-0.535321,-5.0,0.149735,-5.0,-2.13047,-5.0,-5.0,-1.93802,2.57912,-1.47805,3.13467,-5.0,-3.12932,-4.93303
gen=400_infill=68,-2.31684,-5.0,-2.77451,-3.10377,-2.29393,-5.0,2.25815,-5.0,-3.39985,-5.0,-1.33314,-5.0,-5.0,0.175189,2.1547,0.542873,0.56864,-5.0,-5.0,-5.0
gen=400_infill=69,-5.0,-5.0,-5.0,-1.43043,1.13053,-5.0,-5.0,-5.0,0.628826,-5.0,-5.0,-5.0,-5.0,0.619904,10.0,1.40575,1.62696,-5.0,-5.0,-5.0
gen=400_infill=70,-5.0,-5.0,-2.9264,0.744304,-2.1342,-5.0,0.242254,-3.55937,-0.643212,-5.0,0.188529,-5.0,-5.0,-1.07735,1.69802,0.70554,3.311,-5.0,-5.0,-5.0
gen=400_infill=71,-1.0197,-5.0,-0.139697,-5.0,1.01334,-5.0,-1.13322,-3.08243,-1.52925,-3.95093,-0.388693,-4.99746,0.364387,2.00076,2.37812,-0.0525806,2.3028,-5.0,-4.60708,-5.0
gen=400_infill=72,0.0607682,-5.0,-0.0625488,1.88107,1.37304,1.33463,2.96215,0.661116,-5.0,2.01018,1.40539,-0.952636,1.58668,1.58174,3.61813,2.48103,2.23329,1.42743,3.88154,-5.0
gen=400_infill=73,-5.0,-5.0,-1.48479,-5.0,-3.01404,-5.0,-4.20267,-5.0,0.520303,-5.0,-0.729299,-5.0,-5.0,-0.958109,4.7607,1.40463,2.30244,-5.0,-5.0,-5.0
gen=400_infill=74,-4.64977,-5.0,-4.63026,-5.0,-2.90844,-5.0,-1.78496,-5.0,-0.481583,-5.0,-2.82039,-5.0,-5.0,-0.982629,6.20402,-0.262335,3.70139,-5.0,-5.0,-5.0
gen=400_infill=75,-5.0,-5.0,-5.0,-5.0,-5.0,-5.0,-5.0,-5.0,7.06858,-5.0,-2.0874,-5.0,-5.0,-4.95731,6.03577,-4.74083,1.48756,-5.0,-5.0,-5.0
gen=400_infill=76,-2.80491,-5.0,-5.0,-4.10056,-1.91345,-5.0,-3.53221,-5.0,0.336971,-5.0,-5.0,-5.0,-5.0,-0.473049,4.22511,1.4225,0.248682,-5.0,-5.0,-5.0
gen=400_infill=77,-5.0,-5.0,-5.0,-5.0,-5.0,-5.0,-5.0,-5.0,3.02356,-5.0,-3.96927,-5.0,-5.0,-4.30223,3.34922,-1.13384,3.07953,-5.0,-5.0,-5.0
gen=400_infill=78,1.74002,1.8255,0.765392,1.61161,0.84867,0.806431,1.09309,1.30228,1.99642,1.91904,1.55353,1.13145,1.82411,1.4266,1.89695,2.05453,0.891073,1.37455,0.902706,1.92875
gen=400_infill=79,-3.3119,-5.0,-2.58381,-0.774866,-0.102656,-5.0,1.08204,-3.51112,1.11293,-5.0,-0.00612213,-5.0,-5.0,-2.28607,1.34057,1.65994,0.750412,-5.0,-3.77083,-5.0
gen=400_infill=80,-5.0,-5.0,-5.0,-5.0,0.847244,-5.0,-5.0,-5.0,0.155349,-5.0,-3.1851,-5.0,-5.0,-1.58399,5.37971,0.975973,2.21345,-5.0,-5.0,-5.0
gen=400_infill=81,0.141774,1.74001,0.372977,1.6977,1.51981,0.901054,1.94306,0.605345,1.31584,1.71978,1.68735,0.76096,1.68471,2.39925,1.78872,2.44359,0.699635,-1.87113,0.976008,-5.0
gen=400_infill=82,-5.0,-5.0,-3.3788,-3.16871,-1.24253,-5.0,-3.24134,-5.0,-0.340556,-4.61121,-1.68407,-5.0,-5.0,-2.14477,2.19078,0.0484535,1.37509,-5.0,-5.0,-5.0
gen=400_infill=83,-5.0,-5.0,-5.0,-3.62957,-2.14565,-5.0,-5.0,-5.0,0.358338,-5.0,-2.83617,-5.0,-5.0,-1.47813,5.28356,0.468254,-0.871137,-5.0,-5.0,-5.0
gen=400_infill=84,-5.0,-5.0,-5.0,-5.0,-1.08388,-5.0,-5.0,-5.0,-0.0720634,-5.0,-2.99058,-5.0,-5.0,-1.93653,7.6969,0.878913,2.02706,-5.0,-5.0,-5.0
gen=400_infill=85,-5.0,-5.0,-3.42645,-3.94211,2.43185,-5.0,-3.23292,-5.0,0.42717,-5.0,-3.50776,-5.0,-5.0,1.57647,7.62722,1.46029,0.93543,-4.91236,-5.0,-5.0
gen=400_infill=86,-5.0,-5.0,-4.02802,-5.0,3.65452,-5.0,-5.0,-5.0,-0.0410144,-5.0,-4.98083,-5.0,-5.0,1.0265,10.0,2.28079,-0.387649,-5.0,-5.0,-5.0
gen=400_infill=87,-5.0,-5.0,-4.09564,-5.0,-4.33816,-5.0,-5.0,-5.0,-0.334494,-5.0,-3.43989,-5.0,-5.0,-3.47184,2.86913,-4.02418,1.15565,-5.0,-5.0,-5.0
gen=400_infill=88,-0.0520793,-3.76512,0.709913,1.72536,2.7424,1.18624,1.73124,1.48918,2.30368,0.98808,-0.45413,-0.191088,0.831676,3.68829,3.13654,2.5091,0.724228,-5.0,-0.417333,-5.0
gen=400_infill=89,-5.0,-5.0,-3.90286,-4.01087,1.93512,-5.0,-5.0,-5.0,2.15336,-5.0,-2.78155,-5.0,-5.0,0.654108,9.92549,1.49005,1.17399,-5.0,-5.0,-5.0
gen=400_infill=90,-4.71177,-5.0,-3.23781,-5.0,0.253444,-5.0,-3.6681,-5.0,2.05456,-5.0,-4.98678,-5.0,-5.0,-1.08083,10.0,2.09388,0.186212,-5.0,-5.0,-5.0
gen=400_infill=91,-5.0,-5.0,-3.22861,-3.01035,-1.94592,-5.0,-5.0,-5.0,2.07191,-5.0,-2.04115,-5.0,-5.0,-3.14983,5.97448,0.331212,0.633863,-5.0,-5.0,-5.0
gen=400_infill=92,-0.331699,1.22525,0.594716,1.7912,1.25847,1.1614,2.04138,1.15784,1.64939,0.5881,1.70381,0.527175,1.45474,0.234549,1.7513,2.57761,0.577718,-2.85337,0.609953,-5.0
gen=400_infill=93,-5.0,-5.0,-2.87892,-1.11217,2.1017,-5.0,-5.0,-5.0,0.0980631,-5.0,-5.0,-5.0,-5.0,-0.56855,10.0,1.27964,1.40285,-5.0,-5.0,-5.0
gen=400_infill=94,-5.0,-5.0,-5.0,-5.0,0.977922,-5.0,-5.0,-5.0,-0.0347428,-5.0,-5.0,-5.0,-5.0,-1.73845,6.54631,0.876703,3.2739,-5.0,-5.0,-5.0
gen=400_infill=95,-5.0,-5.0,-5.0,-5.0,-4.05625,-5.0,-5.0,-5.0,5.40082,-5.0,-3.40227,-5.0,-5.0,-5.0,7.92575,-0.80108,1.47437,-5.0,-5.0,-5.0
gen=400_infill=96,-5.0,-5.0,-5.0,-5.0,-5.0,-5.0,-5.0,-5.0,3.76201,-5.0,-4.80475,-5.0,-5.0,-5.0,6.80401,0.4432,2.48282,-5.0,-5.0,-5.0
gen=400_infill=97,-5.0,-5.0,-5.0,-5.0,-0.264151,-5.0,-4.01656,-5.0,0.0669511,-5.0,-3.508,-5.0,-5.0,-1.1691,8.52323,0.307539,1.42474,-5.0,-5.0,-5.0
gen=400_infill=98,-5.0,-5.0,-3.86773,-4.65137,2.50022,-5.0,-5.0,-5.0,0.268244,-5.0,-5.0,-5.0,-5.0,-0.105926,9.45971,1.46929,1.01684,-5.0,-5.0,-5.0
gen=400_infill=99,-5.0,-5.0,-4.58821,-5.0,-0.269599,-5.0,-5.0,-5.0,0.0884728,-5.0,-3.54258,-5.0,-5.0,-1.72082,4.81001,1.44123,2.2532,-5.0,-5.0,-5.0
gen=400_infill=100,-2.85349,-4.15151,-2.3359,-1.53653,-0.541861,-3.22398,-1.18672,-3.64234,0.547888,-3.76392,-1.28827,-4.1307,-3.37243,-0.842032,3.64108,0.627275,1.07338,-4.32583,-3.47367,-4.70271
gen=450_infill=1,-0.824235,2.35636,-1.04292,-5.0,10.0,-5.0,-1.81587,-5.0,0.125843,1.00947,-5.0,-5.0,-5.0,10.0,2.1095,-0.842407,3.11964,-5.0,-5.0,-5.0
gen=450_infill=2,-0.0258438,5.76077,0.335233,-3.74691,-0.0250538,-5.0,-3.05779,-5.0,0.35258,1.45567,-5.0,-5.0,-5.0,4.90867,2.23394,0.576982,1.09822,-0.39955,-5.0,-5.0
gen=450_infill=3,-4.20259,1.43687,-2.28555,-4.65837,5.44052,-5.0,1.349,-3.67273,1.08941,5.80455,-5.0,-5.0,-5.0,10.0,1.06519,0.658709,4.82123,-5.0,-5.0,-5.0
gen=450_infill=4,0.887162,1.38943,0.107502,-5.0,6.73332,-5.0,-1.47799,-4.44166,-0.636738,2.45533,-5.0,-5.0,-5.0,3.38485,1.17037,0.292612,1.851,0.307029,-5.0,-5.0
gen=450_infill=5,-1.4952,-1.34962,-1.89245,-5.0,10.0,-5.0,4.41673,-5.0,-0.979555,10.0,-5.0,-5.0,-5.0,10.0,3.50488,-5.0,4.14685,-5.0,-5.0,-5.0
gen=450_infill=6,1.40036,1.6601,0.516655,1.9378,1.17415,0.817132,1.32485,1.18322,1.12534,2.24838,1.81002,0.940045,1.64978,1.09456,1.63278,1.91941,0.683369,1.07264,0.624633,-3.82012
gen=450_infill=7,-0.354507,4.09183,-0.706559,-4.03876,4.57187,-5.0,-1.73173,-5.0,1.91357,2.74133,-5.0,-5.0,-5.0,6.0325,0.393909,-0.126173,5.00088,-0.822166,-5.0,-5.0
gen=450_infill=8,0.420413,4.72563,2.68811,-5.0,8.52061,-5.0,-3.33941,-5.0,-0.915826,5.33094,-5.0,-5.0,-5.0,7.41204,3.06402,-3.59581,3.30926,-2.79269,-5.0,-5.0
gen=450_infill=9,-0.43394,6.07075,-0.641821,-1.60063,2.71487,-5.0,-3.30721,-5.0,1.75139,2.49917,-5.0,-5.0,-5.0,4.84961,1.33485,-0.848307,2.66609,0.984121,-5.0,-5.0
gen=450_infill=10,1.11465,2.22444,1.79449,-5.0,2.91258,-0.73589,-1.07916,-4.10105,1.00365,1.07114,-5.0,-3.65725,-5.0,1.97331,-0.778038,1.9249,3.43851,-2.5098,-2.04383,-5.0
gen=450_infill=11,-1.05894,-0.81428,3.12742,-4.85063,10.0,-5.0,3.62114,-5.0,-0.291172,3.48592,-5.0,-5.0,-5.0,10.0,3.78995,-1.93063,4.0423,-2.55231,-5.0,-5.0
gen=450_infill=12,-0.556596,4.97484,0.117757,-5.0,10.0,-5.0,-2.72063,-5.0,1.97957,5.14973,-5.0,-5.0,-5.0,10.0,4.03278,-0.304437,4.89594,-1.62519,-5.0,-5.0
gen=450_infill=13,3.46831,6.15463,1.43321,-0.498503,3.65761,-5.0,2.6516,-5.0,1.15533,2.84507,-5.0,-5.0,0.884377,5.7196,2.90464,-1.16108,1.98033,1.0085,-5.0,-5.0
gen=450_infill=14,1.75663,4.14387,-1.99933,-0.58142,3.97469,-5.0,3.09874,-5.0,1.83291,2.87347,-3.35746,-5.0,-1.50599,2.50759,2.25767,-0.144449,4.10739,2.58393,-5.0,-5.0
gen=450_infill=15,1.31495,4.00603,-0.000584632,-0.612634,-0.929196,-5.0,1.26706,-3.77674,2.3562,1.5047,-5.0,-5.0,-5.0,1.00002,0.969301,-0.0513433,3.06601,-4.93237,-5.0,-5.0
gen=450_infill=16,-5.0,-0.837698,-1.23579,-5.0,10.0,-5.0,3.38383,-5.0,1.65427,6.56185,-5.0,-5.0,-5.0,10.0,1.98183,-2.04863,4.03611,-4.71719,-5.0,-5.0
gen=450_infill=17,2.27728,1.73457,-1.04144,-2.29334,2.6494,-5.0,-2.6331,-4.80333,-0.340237,1.75399,-5.0,-5.0,-5.0,3.32407,1.07478,1.63484,1.75992,-0.643135,-5.0,-5.0
gen=450_infill=18,1.24955,3.15704,2.25003,-5.0,9.76812,-5.0,0.615268,-5.0,-0.353708,4.54049,-5.0,-5.0,-5.0,10.0,2.91653,-0.424619,3.5417,-3.20851,-5.0,-5.0
gen=450_infill=19,-1.19048,4.88992,0.657963,-5.0,9.52728,-5.0,-5.0,-5.0,0.800802,5.74175,-5.0,-5.0,-5.0,10.0,0.797089,-0.723025,3.84253,-5.0,-5.0,-5.0
gen=450_infill=20,-2.64013,0.0985192,0.854831,4.08403,4.23436,-5.0,-1.38395,-5.0,2.39572,0.0438877,-4.14505,-5.0,-2.68395,4.01478,2.69714,-0.339112,3.33937,-2.72861,-5.0,-5.0
gen=450_infill=21,-1.94713,-1.92078,-5.0,-5.0,10.0,-5.0,6.25865,-4.93603,-0.0558349,10.0,-5.0,-5.0,-5.0,10.0,2.42518,-4.10649,6.51275,-5.0,-5.0,-5.0
gen=450_infill=22,-2.13212,2.12209,-0.466891,-5.0,10.0,-5.0,0.997304,-3.65097,1.84236,5.17192,-5.0,-5.0,-5.0,10.0,1.91115,0.490332,5.18033,-4.31406,-5.0,-5.0
gen=450_infill=23,0.99441,2.62762,0.0300065,-2.29512,0.269964,-5.0,-0.665969,-2.15605,0.289362,4.924,-5.0,-5.0,-2.30555,3.88605,-0.0315697,-2.60011,3.26941,-3.00022,-5.0,-5.0
gen=450_infill=24,1.21936,7.21041,-0.549257,0.672755,-1.39271,-5.0,1.2674,-3.61855,0.728049,5.05649,-2.91243,-5.0,-2.82061,2.14447,1.634,-2.03251,1.41706,-0.502832,-5.0,-5.0
gen=450_infill=25,-0.81201,0.910575,1.49647,-2.80614,3.48357,-5.0,-2.08435,-1.48502,1.66914,0.720024,-5.0,-5.0,-5.0,6.48916,-0.552325,-2.2874,1.15826,0.690496,-5.0,-5.0
gen=450_infill=26,2.06892,3.13433,2.17141,-5.0,2.06015,-4.86454,-0.925588,-2.52414,2.45496,5.08768,-5.0,-4.15228,-4.0884,2.34002,-2.12651,-0.274234,2.41767,-0.157573,-5.0,-5.0
gen=450_infill=27,-0.509192,6.56509,1.43472,-1.07456,4.14348,-5.0,-3.00679,-4.78088,2.42802,3.41131,-5.0,-5.0,-5.0,6.14989,2.56732,0.0618825,2.64202,0.585312,-5.0,-5.0
gen=450_infill=28,-2.37753,2.10254,-0.550752,1.7143,4.49568,-5.0,0.541609,-2.5293,2.0153,4.3238,-5.0,-5.0,-4.15429,1.39934,2.75437,-0.640886,3.34811,1.41821,-1.66859,-4.73514
gen=450_infill=29,1.49574,2.01065,-0.673306,-2.86537,1.82012,-5.0,1.50908,-2.26554,2.01176,5.77044,0.486913,-5.0,-1.81668,1.7575,2.3039,-0.313587,4.35114,1.4786,-5.0,-5.0
gen=450_infill=30,-0.02116,7.39002,1.65938,-5.0,5.60371,-5.0,-3.77818,-3.46009,1.13444,4.80738,-5.0,-5.0,-4.48813,6.78195,1.43684,-1.34213,2.45772,-2.54675,-5.0,-5.0
gen=450_infill=31,1.18554,5.53572,3.47967,0.17919,6.41715,-5.0,-2.58288,-4.89137,-0.193597,3.61357,-5.0,-4.95536,-5.0,8.6481,3.18183,-2.44588,2.72706,-2.00169,-5.0,-5.0
gen=450_infill=32,0.0548073,0.267314,-1.17598,-5.0,4.82051,-5.0,1.31472,-4.92688,0.257357,2.53015,-5.0,-5.0,-5.0,4.34655,5.34731,1.15205,2.13678,-1.17217,-5.0,-5.0
gen=450_infill=33,0.423504,5.48511,0.1596,-1.20457,2.12765,-5.0,-3.46182,-2.57801,1.77402,6.42386,-3.24567,-5.0,-1.50866,1.78445,2.79208,-0.370335,4.41973,2.13891,-5.0,-5.0
gen=450_infill=34,-0.0312032,6.37636,0.100059,-2.58935,8.56961,-5.0,-0.980457,-5.0,-0.695678,2.55333,-5.0,-5.0,-5.0,10.0,2.5075,0.365014,6.78066,-1.74968,-5.0,-5.0
gen=450_infill=35,-0.57122,-1.59549,0.0537734,-5.0,2.55674,-2.7002,-1.38386,-4.89766,-1.41063,3.04869,-5.0,-5.0,-5.0,1.04731,-0.152718,1.90303,2.38932,-0.996327,-1.5103,-5.0
gen=450_infill=36,0.189415,4.62377,-0.447347,-0.558862,2.30958,-5.0,1.83005,-3.52065,-0.352317,3.54207,-5.0,-5.0,-1.40161,6.04804,-0.592441,-3.29397,4.52407,0.246761,-5.0,-5.0
gen=450_infill=37,0.247873,6.47855,-0.0695738,-4.86889,2.67959,-5.0,-1.3123,-2.63331,3.41756,5.21325,-5.0,-4.16946,-2.7954,3.17207,-0.138568,-1.10233,4.13903,-0.593421,-2.90906,-5.0
gen=450_infill=38,1.17809,4.0959,1.5425,-4.46712,3.54032,-3.61472,-1.86608,-0.105012,2.36726,2.15814,-5.0,-3.59067,-3.36567,2.76934,-0.666893,1.97155,1.8594,-3.4127,-5.0,-3.62452
gen=450_infill=39,-0.37391,2.48558,-1.49012,-4.24387,3.10859,-5.0,1.06254,-5.0,-1.16051,1.60313,-5.0,-5.0,-5.0,4.727,2.5963,-0.268879,6.16664,2.09644,-5.0,-5.0
gen=450_infill=40,1.03109,1.48495,-1.00905,-5.0,4.13332,-5.0,-3.70782,-3.2068,-0.147804,1.11147,-5.0,-5.0,-3.71735,6.60262,1.05927,-1.34244,1.74234,0.793758,-5.0,-5.0
gen=450_infill=41,1.48202,2.42963,2.53038,-4.68622,6.12308,-5.0,1.27348,-4.99761,-0.0872309,2.45861,-5.0,-5.0,-5.0,10.0,3.65008,-2.7028,3.17968,-1.8736,-5.0,-5.0
gen=450_infill=42,-2.37125,-1.71004,-3.29817,-5.0,10.0,-5.0,5.19496,-4.90544,-0.628036,7.95709,-5.0,-5.0,-5.0,10.0,2.1781,-1.58216,6.49551,-5.0,-5.0,-5.0
gen=450_infill=43,-1.03892,3.15148,-1.54118,-5.0,10.0,-5.0,-5.0,-5.0,-0.311504,3.18758,-5.0,-5.0,-5.0,6.92718,1.9484,-0.266784,5.2026,-5.0,-5.0,-5.0
gen=450_infill=44,0.448598,-0.11572,-1.11556,-5.0,3.30934,-5.0,-3.64862,-3.63578,0.338015,0.52728,-5.0,-5.0,-3.1642,2.44829,0.440072,1.2129,2.27087,-0.106885,-5.0,-5.0
gen=450_infill=45,-0.784278,1.50118,-1.31331,-5.0,5.22604,-5.0,1.90252,-5.0,1.97121,5.48216,-5.0,-5.0,-5.0,10.0,2.82213,-2.20186,2.73092,-4.53333,-5.0,-5.0
gen=450_infill=46,-1.33894,3.47756,1.15307,-5.0,10.0,-5.0,0.0795068,-5.0,-0.234307,5.58491,-5.0,-5.0,-5.0,10.0,5.30637,-0.906603,7.70362,-1.89364,-5.0,-5.0
gen=450_infill=47,0.606597,4.78874,2.26072,-5.0,2.96287,-5.0,0.897062,-5.0,0.730664,0.898555,-5.0,-4.52551,-5.0,7.04566,0.86231,-0.447717,3.53475,-2.88821,-2.96318,-5.0
gen=450_infill=48,-1.1448,1.25172,-3.0162,-5.0,6.2265,-5.0,-1.69074,-4.37498,2.36525,0.897737,-5.0,-5.0,-5.0,7.48903,1.69761,0.199369,3.31514,-3.93107,-5.0,-5.0
gen=450_infill=49,-1.59086,4.34646,-1.20313,-5.0,10.0,-5.0,1.40245,-4.86173,-1.29511,3.48176,-5.0,-5.0,-5.0,7.66045,3.03276,0.571248,5.64866,-4.7391,-5.0,-5.0
gen=450_infill=50,0.0776494,1.75359,3.95199,-3.79238,8.79458,-5.0,0.922236,-5.0,1.64611,3.85215,-5.0,-5.0,-5.0,8.36313,2.37252,-0.523128,3.42183,0.613981,-5.0,-5.0
gen=450_infill=51,0.809045,7.33586,1.87882,-5.0,6.99523,-5.0,-3.21588,-5.0,0.0896201,6.80326,-5.0,-5.0,-5.0,7.8208,2.455,-1.28014,6.30894,-0.411535,-5.0,-5.0
gen=450_infill=52,1.2261,3.37437,0.506369,-0.900023,4.90384,-5.0,0.387733,-5.0,2.33753,1.67261,-5.0,-5.0,-2.47329,3.75931,0.817017,-0.400443,2.44412,0.972181,-5.0,-5.0
gen=450_infill=53,-0.228528,5.25164,-2.32359,-1.60528,1.37294,-5.0,-2.46356,-5.0,0.38764,1.17313,-5.0,-5.0,-5.0,1.9498,0.190735,1.98968,3.05751,-0.024048,-5.0,-5.0
gen=450_infill=54,-1.76963,3.54362,0.61864,-5.0,10.0,-5.0,0.203611,-4.70543,1.33587,3.14426,-5.0,-5.0,-4.0819,9.62964,3.28543,-3.69096,3.11813,-3.5601,-5.0,-5.0
gen=450_infill=55,0.300592,3.55559,-3.57785,-1.04266,0.67308,-5.0,-2.23332,-4.54247,1.34739,3.74595,-4.172,-5.0,-4.37075,3.44752,-0.00323736,-1.62657,1.66928,2.45765,-3.08332,-5.0
gen=450_infill=56,-4.06911,3.60053,1.28034,-5.0,9.41064,-5.0,-4.51351,-5.0,0.747069,2.42169,-5.0,-5.0,-5.0,10.0,1.15718,-2.07787,4.6751,-3.444,-5.0,-5.0
gen=450_infill=57,-2.3129,-1.17995,0.402915,-5.0,10.0,-5.0,2.68011,-5.0,1.4113,1.09284,-5.0,-5.0,-5.0,10.0,2.36838,0.0258478,2.7085,-5.0,-5.0,-5.0
gen=450_infill=58,-1.99886,-0.309049,0.263993,-0.995744,2.77348,-5.0,1.34693,-3.8771,0.671993,2.20759,-5.0,-5.0,-4.54366,4.06133,3.78542,3.05697,1.64651,-0.23123,-4.69306,-5.0
gen=450_infill=59,2.96949,4.89752,2.69598,-5.0,5.08231,-5.0,-2.44029,-4.61042,-0.127613,4.84139,-5.0,-4.92612,-4.56441,7.34481,2.90444,-2.55344,4.08264,-1.49845,-5.0,-5.0
gen=450_infill=60,0.333361,1.96535,-0.269781,-4.41067,4.19236,-5.0,-2.46725,-5.0,0.831103,2.16996,-5.0,-5.0,-5.0,2.04051,3.42984,-0.447221,4.48299,-0.63426,-5.0,-5.0
gen=450_infill=61,-0.44498,0.433649,1.31618,-5.0,10.0,-5.0,1.97841,-5.0,2.16007,3.13216,-5.0,-5.0,-5.0,10.0,2.25968,-3.18051,6.62113,-5.0,-5.0,-5.0
gen=450_infill=62,1.34487,1.67413,1.17668,-5.0,4.84949,-4.21924,-1.71246,-4.21354,-1.6951,3.78842,-5.0,-5.0,-5.0,5.89621,2.38124,-2.363,1.43196,-1.13008,-5.0,-5.0
gen=450_infill=63,0.465019,1.76422,-1.29472,-5.0,9.91434,-5.0,-1.76642,-2.33416,2.11365,3.32759,-5.0,-5.0,-5.0,9.19644,2.2276,-0.715691,4.14973,-3.21429,-5.0,-5.0
gen=450_infill=64,-4.50675,1.6275,-3.64864,-5.0,10.0,-5.0,5.73223,-5.0,0.831536,9.51723,-5.0,-5.0,-5.0,10.0,2.15998,-3.29304,5.80907,-5.0,-5.0,-5.0
gen=450_infill=65,-0.686961,6.20459,0.98084,0.488184,1.96889,-5.0,-3.3208,-5.0,2.75959,2.21087,-5.0,-5.0,-5.0,3.85888,2.45938,-0.595629,4.03877,-2.12951,-5.0,-5.0
gen=450_infill=66,-1.13068,2.36788,2.98746,-0.951241,9.70626,-5.0,0.710332,-5.0,0.311646,3.73665,-5.0,-5.0,-5.0,10.0,3.09907,0.480007,4.42735,-1.48371,-5.0,-5.0
gen=450_infill=67,0.987543,0.633397,-2.92777,-2.44104,2.37714,-5.0,-3.61539,-4.10606,-0.579079,3.51609,-5.0,-5.0,-2.13259,5.09492,2.02195,1.87642,1.57175,-0.371552,-5.0,-5.0
gen=450_infill=68,-2.1053,-0.764652,-5.0,-5.0,10.0,-5.0,3.81338,-4.87845,-1.02634,10.0,-5.0,-5.0,-5.0,10.0,-0.219271,-0.691167,5.05866,-4.33503,-5.0,-5.0
gen=450_infill=69,-0.369833,6.45312,0.670583,-5.0,9.90318,-5.0,-2.86385,-5.0,-2.06969,3.67513,-5.0,-5.0,-5.0,10.0,5.0856,0.592328,5.83229,-2.31607,-5.0,-5.0
gen=450_infill=70,-0.170817,3.08472,-2.92689,-4.93217,5.18908,-5.0,-0.737399,-5.0,-0.717875,0.310885,-5.0,-5.0,-4.26327,6.85944,1.80524,-0.163763,3.96895,-0.249323,-5.0,-5.0
gen=450_infill=71,1.61871,4.92321,0.427468,-0.784161,5.47863,-5.0,1.01258,-5.0,2.0439,2.58491,-5.0,-5.0,1.40166,4.36173,1.86837,0.0408304,3.8195,1.16015,-5.0,-5.0
gen=450_infill=72,-0.613145,3.37673,2.22552,-5.0,8.19846,-5.0,2.83706,-2.98161,1.18375,4.36609,-5.0,-5.0,-5.0,10.0,1.54312,-0.624068,3.42083,-4.46133,-5.0,-5.0
gen=450_infill=73,-0.949673,5.74058,0.808171,-3.509,5.0482,-5.0,-0.501024,-5.0,2.41043,2.20673,-5.0,-5.0,-5.0,8.49866,1.86482,0.12918,3.5919,0.682162,-5.0,-5.0
gen=450_infill=74,1.51774,1.53803,0.711129,1.67215,0.997675,0.938855,1.31353,1.34748,1.62452,1.88647,1.5213,0.969857,1.60209,1.41827,1.84084,2.05303,0.902771,1.38416,1.07426,0.114175
gen=450_infill=75,-1.7714,1.12447,0.388139,-5.0,10.0,-5.0,3.25891,-5.0,-0.35959,2.91676,-5.0,-5.0,-5.0,10.0,4.96491,-0.385745,6.19811,-2.8263,-5.0,-5.0
gen=450_infill=76,0.139405,4.82488,2.77602,-3.11933,3.8866,-5.0,-2.8925,-5.0,1.15704,4.1821,-5.0,-5.0,-5.0,6.93822,0.764012,-0.14773,3.03451,0.510555,-5.0,-5.0
gen=450_infill=77,-1.51588,4.02137,-0.2651,-5.0,10.0,-5.0,-2.45826,-5.0,0.915974,5.71365,-5.0,-5.0,-5.0,9.18447,1.40221,1.96189,5.21586,-4.0992,-5.0,-5.0
gen=450_infill=78,1.21948,3.31699,0.247296,-5.0,3.2958,-5.0,-1.10462,-1.83048,1.88295,1.75422,-5.0,-2.52433,-4.35918,2.49278,-2.32355,0.408846,3.0764,-2.67036,-4.7028,-5.0
gen=450_infill=79,-1.47225,-2.77751,-2.60639,-5.0,10.0,-5.0,8.02958,-5.0,-0.345112,7.94421,-5.0,-5.0,-5.0,10.0,3.21824,-4.92532,4.90209,-5.0,-5.0,-5.0
gen=450_infill=80,1.72804,0.281408,3.10908,-3.76302,6.67115,-5.0,0.777685,-5.0,-1.237,4.11379,-5.0,-5.0,-5.0,10.0,3.87216,-0.975885,4.62447,-3.14144,-5.0,-5.0
gen=450_infill=81,-4.00266,-0.42673,-2.39577,-5.0,10.0,-5.0,5.62659,-5.0,1.90505,9.48325,-5.0,-5.0,-5.0,10.0,1.44781,-0.527716,4.92792,-5.0,-5.0,-5.0
gen=450_infill=82,0.18355,-0.0679792,-0.721767,-5.0,10.0,-5.0,1.72582,-4.29017,0.491619,4.76484,-5.0,-5.0,-5.0,8.95544,2.50002,1.63079,5.61611,-5.0,-5.0,-5.0
gen=450_infill=83,-1.03489,4.41336,-1.21666,-5.0,10.0,-5.0,-2.27174,-5.0,-0.452338,5.94287,-5.0,-5.0,-5.0,10.0,4.53012,0.269897,6.18698,-4.31826,-5.0,-5.0
gen=450_infill=84,1.67895,0.455375,0.738605,-5.0,10.0,-5.0,-1.57621,-5.0,-0.544969,4.17278,-5.0,-5.0,-5.0,10.0,2.85887,-0.549121,3.94794,-4.2505,-5.0,-5.0
gen=450_infill=85,-0.351954,5.57009,-2.05814,-1.92051,4.84048,-5.0,-1.0558,-5.0,1.76793,1.24601,-5.0,-5.0,-5.0,5.735,1.37547,-0.0775202,3.56491,1.305,-5.0,-5.0
gen=450_infill=86,-0.41694,3.47044,-1.20193,-4.23006,6.01249,-5.0,-1.16743,-5.0,0.920346,2.72386,-5.0,-5.0,-5.0,4.59463,0.623597,-1.67775,5.01426,-1.78734,-5.0,-5.0
gen=450_infill=87,-5.0,2.2669,-1.60575,-5.0,10.0,-5.0,3.82408,-5.0,1.79952,5.79402,-5.0,-5.0,-5.0,10.0,2.5399,-1.80488,4.00446,-3.27145,-5.0,-5.0
gen=450_infill=88,-2.09966,0.0156938,-1.03262,-5.0,10.0,-5.0,3.26505,-5.0,1.10532,5.62736,-5.0,-5.0,-5.0,10.0,3.11425,-2.46385,5.34396,-5.0,-5.0,-5.0
gen=450_infill=89,-4.57,2.33457,-1.42312,-5.0,10.0,-5.0,1.98691,-5.0,1.93723,7.25691,-5.0,-5.0,-5.0,10.0,2.18936,0.274499,4.35986,-5.0,-5.0,-5.0
gen=450_infill=90,-2.79808,1.41395,-0.533652,-5.0,10.0,-5.0,-1.78255,-4.91632,1.20281,4.06355,-5.0,-5.0,-5.0,10.0,1.89985,-1.04208,5.7888,-5.0,-5.0,-5.0
gen=450_infill=91,0.416928,0.561159,-1.70512,-5.0,2.38185,-5.0,-2.97438,-4.98419,-0.064323,-0.0714264,-5.0,-5.0,-5.0,1.35876,1.96539,1.38903,1.72183,0.769387,-5.0,-5.0
gen=450_infill=92,0.180207,8.73383,2.66179,-0.741087,2.88796,-5.0,-2.88549,-4.52743,1.78537,3.6237,-5.0,-5.0,-5.0,7.7706,3.0985,-0.576737,2.46212,0.17138,-5.0,-5.0
gen=450_infill=93,-2.75366,-0.289818,-5.0,-5.0,10.0,-5.0,7.59198,-5.0,1.06017,10.0,-5.0,-5.0,-5.0,10.0,1.9995,-5.0,5.42634,-5.0,-5.0,-5.0
gen=450_infill=94,2.18652,7.48046,0.309868,-5.0,5.42875,-5.0,-4.65534,-3.57505,1.3313,4.81395,-5.0,-5.0,-4.11645,5.99612,1.33401,-2.17641,3.42068,-1.72692,-5.0,-5.0
gen=450_infill=95,-3.68289,0.0295732,-3.34865,-5.0,10.0,-5.0,2.97881,-4.56299,2.3682,6.14364,-5.0,-5.0,-5.0,10.0,1.38944,0.129585,5.1392,-5.0,-5.0,-5.0
gen=450_infill=96,-3.80182,4.73989,0.596163,-5.0,10.0,-5.0,-5.0,-5.0,0.419519,5.69828,-5.0,-5.0,-5.0,10.0,2.15832,0.347582,3.52898,-5.0,-5.0,-5.0
gen=450_infill=97,-3.32025,-0.194558,-2.32443,-5.0,10.0,-5.0,4.08748,-5.0,0.0273522,8.10045,-5.0,-5.0,-5.0,10.0,1.61271,-0.320548,7.91457,-4.6615,-5.0,-5.0
gen=450_infill=98,-3.1886,1.73795,-2.45961,-5.0,10.0,-5.0,0.660096,-3.98119,1.54559,5.93411,-5.0,-5.0,-4.25783,10.0,2.39415,-0.526005,5.52765,-4.76367,-5.0,-5.0
gen=450_infill=99,-0.532227,2.87707,2.8591,-5.0,10.0,-5.0,2.68014,-5.0,0.65011,5.01087,-5.0,-5.0,-5.0,10.0,2.62812,-0.0202255,3.44168,-2.78281,-5.0,-5.0
gen=450_infill=100,0.234754,4.41742,-0.0954586,-5.0,10.0,-5.0,-4.87236,-5.0,-0.377812,6.94299,-5.0,-5.0,-5.0,10.0,1.76534,-1.42084,4.52249,-5.0,-5.0,-5.0
gen=490_infill=1,1.45905,1.59906,0.613892,1.80497,1.08591,0.877994,1.31919,1.26535,1.37493,2.06743,1.66566,0.954951,1.62593,1.25641,1.73681,1.98622,0.79307,1.2284,0.849446,-1.85297
gen=490_infill=2,0.819268,1.67141,0.771709,0.747007,1.25748,0.803658,1.33086,1.54744,2.00559,2.29234,1.65077,0.250669,0.784774,1.40758,2.37959,2.08235,0.364722,0.363816,0.779389,-2.07907
gen=490_infill=3,0.922673,1.71852,0.666689,0.549491,1.27117,0.865849,1.72631,1.54863,1.7151,2.70058,1.76282,0.712311,0.90655,1.53049,2.56084,1.96507,0.630941,0.469835,0.873029,-2.31248
gen=490_infill=4,1.20572,1.6246,0.995233,1.65149,1.04055,0.928436,1.59333,1.31182,1.23952,2.60787,1.67422,1.20672,1.45214,1.09298,1.42526,0.751208,1.03378,1.2285,1.09909,-1.87918
gen=490_infill=5,1.03493,1.64426,1.17228,1.30862,1.32531,0.84026,1.49547,1.25942,0.291163,2.84783,1.79929,1.21486,1.22444,1.31155,2.28813,1.80688,1.46378,0.752435,1.67199,-5.0
gen=490_infill=6,1.21678,1.52909,-0.121443,1.93756,0.846007,0.912695,1.87246,1.22381,1.24306,2.16465,1.86623,0.896429,0.838554,1.29458,2.45305,1.35362,0.72219,1.25545,0.512299,-2.46986
gen=490_infill=7,0.674514,1.52815,-0.435147,1.18234,1.4193,0.912775,1.75638,0.995222,1.07937,2.31308,1.98456,0.880551,-0.378614,1.28377,2.80847,1.56344,1.16974,0.515542,0.336655,-4.80895
gen=490_infill=8,0.715095,1.62097,1.26192,0.447184,1.50001,0.976019,1.472,1.83291,1.34208,2.25439,1.70523,-0.34896,-0.395211,1.24337,1.81985,0.825601,1.0609,-0.642593,0.666378,-3.87677
gen=490_infill=9,1.01344,1.64307,1.30699,1.39658,1.27959,0.901627,1.51051,1.11343,0.441605,2.46365,1.81325,1.02179,1.49563,1.34009,2.43303,1.71051,0.525361,0.739317,1.11856,-5.0
gen=490_infill=10,1.34495,1.64849,0.997548,1.65276,1.40399,1.02804,2.40123,1.40626,0.793695,2.65187,1.79324,0.98181,0.984184,0.980827,1.59058,1.05604,1.22632,1.27884,1.70125,-2.75447
gen=490_infill=11,0.531215,1.84645,0.834916,0.861838,1.39598,0.886668,2.1136,2.11844,0.829007,1.50563,1.83281,1.33159,0.939387,1.74249,2.26556,1.51,0.516168,0.151495,1.1997,-4.24705
gen=490_infill=12,1.05892,1.62659,0.88139,1.46865,1.16789,0.89047,2.20488,1.40435,1.33488,1.9426,1.73054,1.43489,0.640898,1.5913,1.92879,1.51373,0.848572,0.889234,0.977704,-3.72549
gen=490_infill=13,0.819946,2.02755,0.51025,0.412026,1.78512,0.913657,2.41956,2.23043,0.481899,1.43105,1.88423,0.168806,-0.245646,1.67805,1.96366,1.38351,0.290475,-0.428757,0.465772,-5.0
gen=490_infill=14,1.37335,1.42905,-0.54019,2.11159,1.37477,0.998574,2.77713,1.26273,1.40567,2.29337,2.04113,0.624358,0.745603,1.44579,2.6142,1.0527,1.70032,1.21593,1.08397,-4.86632
gen=490_infill=15,-0.217432,1.62917,1.06353,-0.318295,1.05384,0.89591,2.59624,1.6533,1.92451,1.28249,1.7779,1.73568,0.0439665,1.76739,1.97066,1.32558,0.778353,0.245169,0.88372,-5.0
gen=490_infill=16,1.56177,1.50158,0.533037,1.96969,0.994254,0.854651,1.29659,1.59724,1.37763,1.95503,1.77364,1.14726,1.36548,1.14802,2.03639,1.33024,0.44649,1.21856,0.712491,-2.35669
gen=490_infill=17,0.510336,1.79364,0.754532,0.895658,1.4722,0.933236,2.61279,1.33039,1.57376,1.6604,1.87624,1.41244,0.463663,1.89833,1.48494,1.463,1.13021,0.933187,1.11059,-5.0
gen=490_infill=18,1.37277,1.58192,0.806122,1.63717,1.02001,0.900424,1.68112,1.17588,1.66537,2.52119,1.67141,1.24142,1.00819,1.219,1.5046,0.961126,1.52307,1.37963,1.74082,-2.57875
gen=490_infill=19,1.10615,1.58607,0.894956,0.568966,1.40899,0.975054,2.42238,1.49129,0.873197,2.02118,1.78548,0.131918,-0.687382,1.49567,1.56482,0.629553,1.22133,0.116053,0.865833,-4.89901
gen=490_infill=20,0.794857,1.62984,1.48958,1.45986,1.09219,0.862694,2.23123,1.57686,0.784026,1.48409,1.6721,0.878582,0.990446,0.79982,1.92775,0.920153,1.08224,0.899261,1.7065,-5.0
gen=490_infill=21,1.12114,1.98109,0.64158,1.13957,1.33352,0.835192,1.66583,1.44,1.74714,2.34338,1.64537,1.33393,1.11788,1.21606,1.4064,0.633393,0.774764,1.26976,1.54116,-5.0
gen=490_infill=22,1.64276,1.57523,0.484486,0.761054,1.1472,0.890232,1.11389,1.2584,1.40141,2.16559,1.79252,0.0774741,1.13529,1.25846,1.67669,1.38669,0.750214,1.27922,1.15963,-1.90641
gen=490_infill=23,0.530605,1.54356,0.582009,-0.626792,1.39808,0.916719,2.35053,1.45821,1.789,1.66247,1.67921,0.724925,-0.818636,1.69341,1.12822,0.424792,1.95345,0.699075,0.795556,-5.0
gen=490_infill=24,0.696861,1.55761,0.754938,1.94591,1.08938,0.928853,1.75009,1.46906,1.33006,1.64926,2.05758,0.800259,1.156,1.53937,1.71459,1.83141,1.60795,0.68912,1.14479,-3.93766
gen=490_infill=25,0.553062,1.54387,0.540475,1.33607,0.971108,0.949509,2.02271,1.27807,0.988018,1.6001,2.1706,0.735171,1.8077,1.71381,1.86598,1.6482,1.48258,1.10155,1.21578,-4.25636
gen=490_infill=26,0.672061,2.04188,0.913812,0.680559,1.55034,0.969195,2.87066,1.61243,0.833986,1.968,1.80613,1.58559,-0.820399,1.34878,1.6679,0.385299,2.00783,0.231463,1.37501,-5.0
gen=490_infill=27,0.976968,1.60803,0.318937,1.60819,1.22097,0.855627,2.37121,1.4937,1.76299,1.73173,1.68871,1.03244,1.17825,1.57141,1.92618,1.817,1.32517,0.715596,0.601922,-3.42783
gen=490_infill=28,0.911475,1.42925,0.897154,1.4685,1.22918,0.896465,2.84128,1.10984,1.94694,1.88037,1.73035,1.65516,0.476263,1.56044,1.81018,1.16434,0.99978,1.19154,0.549764,-4.17762
gen=490_infill=29,0.735921,1.68302,0.584369,0.813616,1.52562,0.925712,2.78324,1.76833,2.03394,1.85624,1.79712,0.950844,0.106626,2.17208,1.09132,0.588026,1.7272,-0.492571,0.578078,-5.0
gen=490_infill=30,1.23584,1.57114,0.575421,1.89102,1.08742,0.862486,1.24781,1.33921,1.36544,1.92508,1.66519,0.51143,1.7747,1.19357,1.84685,1.86122,1.14922,1.21093,0.888459,-2.77609
gen=490_infill=31,1.36773,1.6235,0.479293,1.7982,1.08471,0.851463,1.41475,1.14645,1.09608,2.1664,1.66227,0.759164,1.56075,1.20703,1.58878,2.02013,0.994524,1.31062,0.700141,-3.59481
gen=490_infill=32,0.503788,1.63838,0.713799,0.68408,1.39062,0.898436,3.07734,1.5603,1.43962,1.91143,1.70102,1.81914,-0.50103,1.55962,1.12843,0.855822,1.33985,0.703552,1.77398,-5.0
gen=490_infill=33,1.1106,1.94913,1.12996,1.27139,1.33873,0.9814,1.91085,1.40952,1.08466,2.04331,1.74411,0.810926,0.494768,1.36856,1.39939,0.919011,1.73704,0.245622,0.686799,-5.0
gen=490_infill=34,1.0609,1.59108,0.291928,1.53172,1.49346,0.925232,1.99718,1.25909,1.51073,2.17217,1.63667,0.706736,1.26624,1.51807,1.96801,1.58179,1.5275,1.18596,0.879467,-3.91223
gen=490_infill=35,0.390566,1.77101,0.358276,1.08274,1.9603,0.919024,1.8414,1.50619,1.66821,1.42594,1.67799,1.2558,0.394997,1.22697,1.50251,0.246876,1.81544,1.35792,2.07318,-5.0
gen=490_infill=36,0.37358,1.55693,0.285327,0.305883,1.43249,0.918334,2.39343,1.18855,1.55243,1.67584,1.66323,0.69788,1.6277,1.62583,2.07584,0.146674,1.94079,1.52209,0.796681,-5.0
gen=490_infill=37,0.896412,1.57015,0.263282,1.33516,1.30234,0.970899,2.2206,1.1031,1.78273,2.41761,1.62235,1.15217,0.785076,1.38659,2.09519,1.11935,2.37588,1.26607,0.805649,-4.78368
gen=490_infill=38,0.236277,1.55291,0.256277,1.19482,1.25512,1.00084,2.44115,0.99265,1.95084,1.66996,1.6706,0.775826,0.552924,1.64883,2.15566,0.160554,2.42209,1.58973,0.747219,-5.0
gen=490_infill=39,1.53222,1.55479,0.529903,1.74562,1.08297,0.870749,1.35351,1.21209,1.59678,2.18758,1.66486,1.12189,1.44269,1.23886,1.6419,1.94184,0.73341,1.23252,0.876556,-1.09888
gen=490_infill=40,0.347263,1.65544,0.642105,1.40037,1.49486,1.00882,2.25638,1.47147,1.70415,2.40735,1.61629,1.11677,0.628575,1.42369,2.10637,0.738074,1.40786,1.24233,1.30379,-5.0
gen=490_infill=41,1.29308,1.52059,0.452783,1.57199,1.67715,0.914574,1.57679,1.38129,1.12425,2.17436,1.58213,0.818711,1.51287,1.49934,2.08441,1.87313,0.954019,1.19092,1.18014,-3.29307
gen=490_infill=42,0.65923,1.58212,0.523942,1.61993,1.7551,0.885073,1.9629,1.54024,0.966248,2.16198,1.57551,0.878143,1.65596,1.48031,2.25403,1.0465,1.90453,0.977189,1.04801,-5.0
gen=490_infill=43,0.991413,1.47412,0.39104,1.50607,1.47721,0.931954,2.05715,1.20501,1.45887,2.14044,1.70332,0.781147,0.632447,1.49845,2.52792,1.25218,1.36456,1.15153,0.745897,-4.27682
gen=490_infill=44,0.159943,1.63909,0.511439,1.238,1.54835,0.818618,3.02054,1.46858,2.00523,1.7764,1.65086,1.30964,1.18793,1.27991,2.02845,-0.0447347,1.78385,1.39941,1.35049,-5.0
gen=490_infill=45,1.30846,1.533,0.401337,1.60361,1.34873,0.912459,1.44985,1.40172,1.27263,2.04424,1.63149,0.436096,1.55362,1.27379,1.59814,1.89617,1.13739,1.25889,1.02694,-2.51432
gen=490_infill=46,1.11416,1.51807,0.713817,1.19863,1.64038,0.859792,2.54069,1.16684,1.51447,2.11239,1.56895,1.02986,0.808008,1.57387,1.86952,1.201,1.19041,1.09424,0.73431,-5.0
gen=490_infill=47,0.299909,1.66738,0.219166,1.33622,1.70603,1.07367,2.71933,1.42335,1.36555,2.31402,1.48869,0.917735,0.527105,1.51308,2.06781,0.370155,1.67035,0.950035,1.01275,-5.0
gen=490_infill=48,1.55125,1.56988,0.544997,1.31466,1.46432,0.833467,1.69691,1.32748,1.27591,1.83075,1.60379,0.927869,0.59487,1.22432,2.26722,0.896975,1.40227,1.01004,1.05928,-5.0
gen=490_infill=49,1.34527,1.48332,0.785298,1.20745,1.73711,0.889655,2.11106,1.21821,1.50213,2.04085,1.7226,0.430144,0.563671,1.56976,1.96911,0.583034,1.216,1.09906,1.1767,-5.0
gen=490_infill=50,-0.148893,1.61258,0.395234,0.951417,2.06288,1.0956,2.81978,1.46637,1.53756,1.78514,1.48858,0.392601,0.14943,1.58302,2.41141,0.0930084,1.53223,0.850772,1.6612,-5.0
gen=490_infill=51,-0.90207,1.58838,0.479739,-0.302725,1.95274,0.937379,2.76852,1.47402,1.57241,1.39855,1.42982,0.461871,0.171806,1.62281,2.18114,-0.883818,2.18406,0.604551,1.31073,-5.0
gen=490_infill=52,0.17886,1.62817,0.574967,1.41629,1.1362,0.981419,2.76693,1.55615,1.37578,2.4834,1.57958,0.75338,0.911313,1.30278,2.54123,0.329882,1.52596,1.02625,1.33445,-5.0
gen=490_infill=53,1.29922,1.53207,0.464517,1.73979,1.09094,0.904431,1.44927,1.53701,1.31076,1.84042,1.62435,0.925755,1.46724,1.26173,1.68829,1.89327,0.879247,1.32845,0.661566,-1.26674
gen=490_infill=54,1.49648,1.46941,0.425575,1.78294,1.08498,0.868695,1.32821,1.32085,1.15425,2.33854,1.66782,1.33665,1.5448,1.3043,1.70169,1.81873,1.09318,1.39268,0.683772,0.15096
gen=490_infill=55,0.347753,1.61646,0.717459,1.19324,1.62086,0.916026,3.21523,1.32106,1.80968,2.22946,1.62019,1.23311,0.297206,1.01099,2.40427,-0.143936,1.6241,0.253109,0.975532,-4.82761
gen=550_infill=1,-5.0,-5.0,-2.13218,0.140855,-5.0,2.73153,4.83632,7.27108,-2.55816,-5.0,-2.53711,3.19814,2.99489,-5.0,1.11812,-4.21996,5.16832,7.94302,3.66445,-5.0
gen=550_infill=2,-1.42442,-2.79549,-0.149283,0.682999,0.379493,0.728003,2.4245,1.86443,0.783257,0.75509,0.685088,0.390073,1.56776,0.793367,2.08665,1.54565,2.50406,1.00718,1.60191,-5.0
gen=550_infill=3,-3.3777,-5.0,0.181454,1.38751,-3.41759,2.13388,2.17008,4.2151,-2.23881,-5.0,-0.841931,1.38902,2.89651,-3.20155,0.965052,-1.63779,4.2953,4.62633,4.17134,-5.0
gen=550_infill=4,-5.0,-5.0,-5.0,0.314284,-5.0,2.33878,2.54989,7.8322,-0.277178,-5.0,-5.0,6.07131,5.36993,-5.0,3.13872,-5.0,-5.0,10.0,3.56716,-5.0
gen=550_infill=5,-4.37707,-5.0,0.574917,1.6907,-2.06285,1.40825,3.40411,3.03906,-0.215849,-5.0,-2.52718,0.294543,1.85474,-2.16022,2.77581,0.754977,5.53217,5.24303,3.18415,-5.0
gen=550_infill=6,1.05359,-1.37893,0.939957,1.52554,1.26238,1.20509,2.012,1.32858,0.752169,1.08365,0.867775,0.815561,1.34174,0.65871,1.96824,0.979665,1.21051,0.909278,1.03393,-5.0
gen=550_infill=7,1.53191,-5.0,-0.600652,2.31973,-2.80084,1.1291,2.51664,2.12675,-2.57704,-5.0,0.237715,0.0920772,2.02574,-3.66978,2.17605,2.28094,4.048,4.37111,2.98557,-4.91471
gen=550_infill=8,-5.0,-5.0,-3.53871,-0.423835,-5.0,2.17666,3.31095,7.04225,-0.801767,-5.0,-3.8317,3.87409,3.37826,-5.0,2.04373,-4.1018,-1.2437,9.04293,3.5606,-5.0
gen=550_infill=9,1.43016,1.56197,0.536104,1.76346,1.08661,0.884391,1.37399,1.33815,1.42749,2.03181,1.65162,1.00087,1.51195,1.25233,1.689,1.94044,0.801909,1.26312,0.795856,-1.4062
gen=550_infill=10,-1.38214,-4.48851,0.0478042,0.603853,-0.0478428,1.23332,3.06025,1.73029,0.377992,-1.49873,0.388518,0.861847,1.77512,0.377566,2.08346,0.936214,3.90737,3.28583,2.69584,-5.0
gen=550_infill=11,-5.0,-5.0,-2.57847,0.175994,-5.0,0.509416,3.72799,7.56093,-2.97381,-5.0,-3.14843,1.55411,2.94118,-3.34722,2.0027,-1.59571,3.86926,6.90067,3.88041,-5.0
gen=550_infill=12,-2.98493,-5.0,-2.72292,0.608547,-5.0,2.20225,3.64756,4.882,-1.07883,-5.0,0.391822,2.35493,3.12815,-5.0,2.17252,-1.64314,1.86766,8.3055,4.37389,-5.0
gen=550_infill=13,-5.0,-5.0,-1.78676,1.15918,-5.0,1.73282,3.45545,6.33582,-2.96227,-5.0,-0.558092,-1.25276,0.713265,-5.0,1.64602,-0.474315,7.03458,10.0,3.84105,-5.0
gen=550_infill=14,-5.0,-5.0,-5.0,-0.369617,-5.0,2.01181,-0.643236,10.0,-5.0,-5.0,-5.0,3.19948,2.04317,-5.0,1.955,-2.31873,0.871459,6.12166,6.26951,-5.0
gen=550_infill=15,-2.77719,-5.0,-1.69855,3.4599,-3.93599,0.885679,2.44495,5.27385,-1.9797,-5.0,2.08331,2.05723,4.65838,-5.0,1.78592,-0.419449,5.81044,6.05691,3.35212,-5.0
gen=550_infill=16,-5.0,-5.0,-1.50968,0.807985,-3.51613,2.13035,4.06163,2.40971,-1.93564,-5.0,-2.86213,1.03859,3.74277,-1.6945,1.77152,-0.887585,5.26527,9.28742,5.112,-5.0
gen=550_infill=17,-2.17291,-5.0,-2.52602,-0.6652,-5.0,-0.500711,0.788205,5.15092,-1.54152,-5.0,-1.74348,-0.469138,2.19686,-2.91505,4.13612,0.675384,2.07641,6.76002,1.12846,-5.0
gen=550_infill=18,-4.18958,-5.0,-0.436551,1.12106,-2.72991,2.95156,3.71904,2.247,-1.37226,-5.0,-1.89935,0.361129,1.69222,-1.42445,1.75145,-0.652584,4.14504,5.94279,4.36936,-5.0
gen=550_infill=19,-3.0718,-5.0,-0.481063,0.721003,-1.93052,1.40897,3.04812,1.80534,0.0368165,-2.29722,0.618296,0.939014,1.71189,-0.956961,1.51302,1.16437,4.85796,3.63501,4.57631,-5.0
gen=550_infill=20,-0.41755,-5.0,-0.311645,1.07481,-0.803169,1.28345,1.5586,4.31501,-1.23958,-3.33685,2.50157,1.84712,4.97985,-3.75451,3.50264,0.910047,1.57947,3.55193,3.77126,-5.0
gen=550_infill=21,-2.54636,-5.0,-0.280192,1.5348,-1.89186,2.45964,4.67209,2.11491,-0.389427,-5.0,-0.79935,1.09918,1.57963,-0.590054,1.89618,0.552995,3.52339,3.30588,2.39203,-5.0
gen=550_infill=22,-4.20514,-5.0,-1.17991,0.275067,-5.0,0.563667,3.51365,5.70503,-0.216493,-5.0,-5.0,2.62603,2.61025,-5.0,3.00636,-1.13433,3.79419,4.82096,4.29338,-5.0
gen=550_infill=23,-4.08636,-4.90926,-2.34298,2.40086,-5.0,1.15588,3.62222,2.85818,-0.507492,-5.0,-1.62898,2.29219,1.91305,-2.28943,1.80598,1.04172,2.12294,4.94065,3.17157,-5.0
gen=550_infill=24,-3.26665,-5.0,-0.793421,0.695908,-5.0,-2.62984,-1.10749,2.96,-2.97613,-5.0,-1.70248,-0.53644,1.70025,-3.58134,1.59952,0.89782,2.57204,6.41575,3.26433,-5.0
gen=550_infill=25,-5.0,-5.0,-1.26654,2.98162,-5.0,0.687433,3.16909,4.17097,-4.09071,-5.0,-1.17667,1.27304,2.82124,-4.13293,2.4144,0.899418,6.10228,10.0,4.43488,-5.0
gen=550_infill=26,-5.0,-5.0,-0.108617,1.51643,-5.0,1.61913,2.74147,5.06686,-0.198675,-5.0,-3.35331,4.72058,3.10726,-5.0,2.79236,-3.64262,-5.0,10.0,3.67456,-5.0
gen=550_infill=27,-5.0,-5.0,-5.0,-0.151655,-5.0,6.34876,2.31623,8.48464,-1.17878,-5.0,-3.69913,9.38079,3.87052,-5.0,3.37984,-5.0,-5.0,10.0,3.29204,-5.0
gen=550_infill=28,1.06576,0.284366,0.374768,0.554399,1.23723,0.715109,1.52063,1.32484,1.44516,2.20339,1.47311,0.978168,1.69358,1.16111,2.14691,1.12923,1.03458,1.41228,0.854116,-5.0
gen=550_infill=29,-0.418435,-5.0,-1.58265,1.9702,-5.0,3.00684,4.48453,4.01684,-1.68184,-5.0,-0.0845108,0.000277582,2.56926,-4.1715,0.262191,-1.93965,5.53816,6.51344,4.50191,-5.0
gen=550_infill=30,-5.0,-5.0,-3.64465,1.53204,-5.0,4.3784,2.74259,7.08811,-2.10029,-5.0,-0.933012,5.34086,2.87868,-5.0,1.20304,-1.73808,3.57465,8.77074,4.57313,-5.0
gen=550_infill=31,-2.21264,-4.08414,0.162347,2.10171,-3.9373,0.694511,3.26953,2.5511,-1.08915,-0.549852,0.424434,0.337909,1.74973,-3.61633,2.83858,0.777932,3.71969,4.37619,3.27347,-5.0
gen=550_infill=32,-3.48508,-5.0,-0.248241,2.49476,-3.42411,-0.118006,2.69617,4.49238,0.14968,-5.0,-1.82314,0.554941,1.31611,-4.47853,4.29339,0.898128,5.948,6.91132,3.8461,-5.0
gen=550_infill=33,-5.0,-5.0,-5.0,0.507549,-5.0,3.45677,4.12537,7.92532,-3.49211,-5.0,-5.0,8.4996,6.44346,-5.0,2.76176,-5.0,-4.98493,10.0,5.18445,-5.0
gen=550_infill=34,0.227673,-5.0,-1.0191,2.54086,-2.18076,1.80778,3.1356,3.54385,0.377188,-5.0,0.923052,-0.948461,1.21287,-2.71907,1.5008,2.44986,5.24867,5.06631,2.14182,-5.0
gen=550_infill=35,-2.98644,-5.0,-4.46468,0.73517,-5.0,1.50535,2.47692,4.62157,-1.58323,-5.0,1.88525,1.7133,2.99466,-4.92788,2.85096,-1.78349,2.54902,5.10922,3.27507,-5.0
gen=550_infill=36,-5.0,-5.0,-0.14799,1.65558,-5.0,0.831213,3.69789,3.02967,-1.29652,-5.0,-1.97804,0.0224234,1.48204,-4.10214,1.31229,1.2979,4.01678,5.98496,4.84062,-5.0
gen=550_infill=37,-5.0,-5.0,-0.632016,0.856173,-5.0,0.385107,3.06153,5.16245,-1.83869,-5.0,-1.80404,1.4025,2.24128,-1.66878,2.23505,-0.166155,5.27503,10.0,3.37796,-5.0
gen=550_infill=38,-0.148167,-2.57059,-0.639704,1.35118,1.31141,0.792522,1.73569,1.82431,1.07752,0.875934,1.24403,0.298761,2.09046,0.42195,2.38734,0.923504,3.6943,2.02613,1.48075,-5.0
gen=550_infill=39,-2.75327,-5.0,-4.05957,1.30336,-5.0,0.463213,3.73333,6.11464,-3.87788,-5.0,-2.65368,1.78079,2.76247,-3.86113,-0.458577,0.395826,4.97708,6.48065,3.39069,-5.0
gen=550_infill=40,-5.0,-5.0,-3.1062,-0.296293,-5.0,0.809692,0.761742,9.36766,-3.79524,-5.0,-4.08524,3.45471,1.93307,-3.79826,4.25172,-3.73906,2.1276,8.75278,6.00023,-5.0
gen=550_infill=41,-5.0,-5.0,-4.792,0.404373,-5.0,1.6995,4.07176,5.37296,-2.18314,-5.0,-0.313854,2.91154,2.04932,-5.0,1.66687,-2.45904,0.964589,7.89894,5.01866,-5.0
gen=550_infill=42,-5.0,-5.0,0.0587155,1.05656,-4.54149,1.59791,4.31706,3.60171,0.207722,-5.0,-3.23622,0.404571,0.961612,-4.06841,3.23889,-0.0826807,7.27078,6.48562,3.45683,-5.0
gen=550_infill=43,-5.0,-5.0,-2.01374,1.20554,-3.28067,0.760588,3.63836,4.34124,-1.60209,-5.0,-1.40866,1.30801,2.35238,-1.89403,0.812846,0.17132,5.12438,6.30421,3.03654,-5.0
gen=550_infill=44,-4.22909,-5.0,-2.21441,1.79739,-5.0,1.38639,3.57841,3.95232,-0.256335,-5.0,-4.74845,1.75304,2.29146,-3.16479,2.04302,-0.91026,3.44941,7.17112,3.65128,-5.0
gen=550_infill=45,-0.0752125,-2.7153,0.418618,-0.239645,0.689467,1.60499,2.52116,1.79871,0.896737,-3.28408,0.155702,-0.0431642,1.37411,-0.246662,2.72264,0.634921,2.22863,2.64736,1.85933,-5.0
gen=550_infill=46,-3.49903,-5.0,-0.402664,0.14124,-1.67877,1.22928,2.94059,1.45284,-1.05417,-1.6703,1.02294,1.26848,1.81087,-1.38336,1.5419,1.4007,2.73611,2.02956,2.22449,-5.0
gen=550_infill=47,-4.0473,-5.0,0.268833,0.698386,-5.0,1.93174,3.22543,3.47932,-0.882174,-5.0,-2.00277,1.91655,3.94014,-1.96646,0.711951,-2.31206,6.84252,7.16318,4.78166,-5.0
gen=550_infill=48,-2.95496,-5.0,0.706134,1.41097,-1.5697,2.17092,3.2282,2.31124,-0.437793,-5.0,-1.44216,0.488167,1.71986,-0.96882,2.09795,0.617459,4.05834,4.83041,3.41296,-5.0
gen=550_infill=49,-2.12223,-5.0,0.161773,1.86056,-1.71354,0.526956,2.58335,3.0127,-0.630232,-5.0,-0.576242,0.295168,1.84542,-3.64826,2.89672,0.867085,4.41622,4.89194,2.51409,-5.0
gen=550_infill=50,-5.0,-5.0,-3.67254,0.0343313,-5.0,3.37017,3.77317,5.80475,-0.810856,-5.0,-4.6181,5.82688,5.60838,-5.0,2.54621,-5.0,-0.44967,9.29825,4.00615,-5.0
gen=550_infill=51,-3.16433,-5.0,0.289238,-0.0778883,-1.40085,2.60021,3.53125,2.0621,2.01104,-5.0,-1.05672,1.05869,1.95176,-1.11904,3.14218,1.15083,4.34304,2.03173,1.96926,-4.96253
gen=550_infill=52,0.473273,-4.59945,0.715003,0.575473,0.661947,1.21631,2.6747,1.37795,1.24591,-0.0572276,0.155035,0.859979,1.85556,0.639468,2.68487,0.934691,2.75913,2.49762,2.55379,-5.0
gen=550_infill=53,-5.0,-5.0,-0.849316,0.747636,-3.5077,2.37223,4.44749,2.97506,-0.598495,-5.0,-1.02655,1.9574,2.96419,-1.05525,0.967096,-0.793494,4.81375,4.93899,4.28828,-5.0
gen=550_infill=54,-3.53935,-5.0,-4.57655,0.346939,-5.0,2.60467,3.69742,6.84113,-1.81256,-5.0,0.92941,3.30347,4.02946,-5.0,2.49146,-3.23043,0.735823,10.0,5.37336,-5.0
gen=550_infill=55,-5.0,-5.0,-5.0,1.30954,-5.0,2.32011,4.26994,4.61395,-0.745491,-5.0,-2.61922,4.67233,3.78601,-5.0,1.90287,-2.19493,-0.221073,9.37577,3.30439,-5.0
gen=550_infill=56,-5.0,-5.0,-5.0,1.08688,-5.0,3.37115,4.02326,5.2693,-1.97388,-5.0,-0.362593,3.28218,3.33413,-5.0,1.39842,-0.98207,1.63284,7.58078,3.74272,-5.0
gen=550_infill=57,0.950959,-1.31257,0.376377,0.894611,1.10504,0.935117,1.91264,1.34129,1.04707,1.63664,0.841745,0.612782,1.88968,0.67491,2.25582,1.19274,2.08092,1.56599,1.34391,-5.0
gen=550_infill=58,-3.16658,-5.0,-0.245526,-0.269048,-1.17952,0.681856,4.3865,1.90074,0.380383,-4.06931,-0.682108,0.819622,1.71832,-0.206564,2.44717,-0.501659,4.75068,4.93821,4.05966,-5.0
gen=550_infill=59,-4.45051,-4.76306,-0.13781,1.07731,-3.4335,-0.07631,2.83125,3.55788,0.88798,-5.0,-2.31433,0.312405,0.901641,-2.42253,3.87879,0.594498,4.09363,7.11483,3.22365,-5.0
gen=550_infill=60,-1.8086,-5.0,-0.100247,0.075077,-0.459216,2.07818,3.33048,1.83665,0.163919,-5.0,-2.32654,1.02502,2.65498,-0.192176,3.1621,0.216296,3.36096,5.13089,3.14084,-4.8785
gen=550_infill=61,-5.0,-5.0,-3.30888,1.77347,-5.0,0.626095,4.28465,3.85618,-3.65585,-5.0,-2.07071,1.37064,2.35799,-3.1535,0.627014,-0.363671,6.41429,9.70641,5.71432,-5.0
gen=550_infill=62,-3.12193,-5.0,-0.839881,-0.641317,-1.77633,2.05825,4.14058,2.73435,-0.265384,-5.0,-1.26104,0.987127,1.95492,-0.864916,0.361584,0.572868,4.409,5.49815,3.85381,-5.0
gen=550_infill=63,-3.39643,-5.0,-0.634944,1.38495,-0.67424,1.9052,2.79092,2.07594,0.125671,-1.1769,0.529144,0.835702,1.82645,-0.758275,2.59846,0.369855,4.53032,2.84708,2.00667,-5.0
gen=550_infill=64,-2.11864,-5.0,0.00525391,0.244292,-1.31116,1.32228,4.07406,1.74278,0.244748,-1.72101,-0.191498,1.02156,1.63698,-0.0747579,2.22869,1.10676,3.82066,1.88181,3.4589,-5.0
gen=550_infill=65,-5.0,-5.0,-4.64657,0.289968,-5.0,2.57872,3.68774,7.95216,-1.52595,-5.0,-5.0,6.02122,4.3776,-5.0,2.43005,-5.0,-0.872755,10.0,3.85022,-5.0
gen=550_infill=66,-5.0,-5.0,-1.63864,0.182979,-5.0,0.189399,3.54001,5.77465,-1.75543,-5.0,-2.06885,1.76026,3.39134,-1.72056,2.6147,-0.900569,3.66289,6.26225,3.58333,-5.0
gen=550_infill=67,-0.549346,-5.0,0.353146,-0.161798,-0.184431,1.68074,2.90055,1.61825,0.872308,-3.24762,-1.28387,0.842137,1.41323,0.0593454,3.21411,0.576899,3.08703,3.51714,2.52769,-5.0
gen=550_infill=68,1.47666,1.35987,0.705994,1.80201,1.42765,0.974789,1.28663,1.3485,1.45885,1.91624,1.68906,1.01046,2.16466,1.21244,1.80947,2.20642,0.59765,1.94862,0.814931,1.50268
gen=550_infill=69,-5.0,-5.0,-0.833124,0.254866,-5.0,0.637434,3.9535,7.2574,-2.85404,-5.0,-2.91136,2.29656,2.67644,-5.0,2.96474,-3.00411,4.47679,6.93923,4.48143,-5.0
gen=550_infill=70,-2.92546,-5.0,0.143866,2.47849,-2.21078,1.15168,2.42461,3.80641,-1.45324,-5.0,-0.960065,0.82227,2.19848,-3.28537,1.36039,-0.229246,4.75052,4.94757,3.23975,-5.0
gen=550_infill=71,-2.1929,-4.7398,-0.0748708,0.982272,-0.877897,1.62736,3.57633,2.08324,-0.0306489,-3.9508,-0.376161,0.99987,1.84057,-0.239907,1.7169,0.624408,3.48458,3.21471,2.94606,-5.0
gen=550_infill=72,0.713037,0.0301796,0.35705,1.38388,1.63888,1.54167,1.94898,1.10793,1.19927,2.09271,1.77986,-0.531042,1.45068,1.26101,1.84857,1.05656,1.54218,1.30768,1.04092,-5.0
gen=550_infill=73,-4.2369,-5.0,-0.539178,0.818954,-2.43613,1.94587,4.17231,2.56177,-0.798706,-5.0,-1.34781,1.13469,2.40066,-1.09476,1.44215,-0.384091,4.7152,3.63701,4.22791,-5.0
gen=550_infill=74,0.519158,-5.0,-0.882528,2.32812,-1.86537,1.80933,3.18003,2.63551,-0.532553,-5.0,0.532071,-0.183398,2.2566,-2.24041,1.99614,2.7039,3.98977,4.20844,3.09237,-5.0
gen=550_infill=75,-2.0172,-5.0,-2.83042,1.27619,-5.0,2.93106,3.37649,5.14608,-1.18736,-5.0,0.983547,3.25051,4.10622,-5.0,2.24177,-1.81803,0.647536,6.90282,4.76207,-5.0
gen=550_infill=76,-1.97357,-5.0,-2.84146,3.1055,-4.28447,0.876547,2.58469,5.33033,-0.76925,-5.0,1.1354,1.39278,3.98278,-5.0,2.26229,0.899823,5.34393,6.25846,3.81755,-5.0
gen=550_infill=77,0.414634,-1.36646,-0.545494,0.131857,0.749655,0.881145,2.3431,2.26632,0.745108,0.0923586,1.33294,0.391181,1.55295,0.936354,1.75622,1.23923,2.39589,1.17792,0.928981,-5.0
gen=550_infill=78,-1.41705,-3.1628,-0.000906656,0.575474,0.703194,1.38564,2.52792,1.67025,0.835854,-1.16182,-0.747905,0.480058,1.66241,-0.174645,3.02348,0.816383,3.89448,2.48895,2.41695,-5.0
gen=550_infill=79,-5.0,-5.0,-2.03503,0.808652,-5.0,3.96173,4.29492,7.96777,-3.98593,-5.0,-2.75807,3.77724,2.96204,-5.0,1.20507,-2.73485,3.87355,7.36802,4.01197,-5.0
gen=550_infill=80,-0.996697,-3.21193,-1.36684,0.443826,0.779063,0.529989,1.73572,1.83923,0.704618,0.146135,1.17728,0.967756,1.68496,0.126933,2.71761,1.09523,4.4692,2.63868,1.88459,-5.0
gen=550_infill=81,0.978556,-2.5942,0.169794,0.820343,0.818847,0.870879,1.77394,1.34192,1.03477,1.37837,0.900596,0.052241,2.27603,1.00477,2.24153,2.27889,2.35656,2.38732,1.586,-5.0
gen=550_infill=82,0.222723,-5.0,0.0226913,0.480256,0.19587,1.27608,3.2587,1.41973,0.379509,-0.739156,-0.38832,0.686992,1.63814,0.317442,2.94991,1.23385,2.43648,3.67225,2.78246,-5.0
gen=550_infill=83,0.899741,-0.464661,0.297425,1.2004,1.4078,1.05856,1.608,1.37076,0.659415,1.50648,1.32241,0.982156,2.30617,0.933299,2.50638,1.60465,1.5428,1.17633,0.778985,-5.0
gen=550_infill=84,0.911795,0.759499,0.403231,0.725841,1.59858,0.564329,2.14786,1.29458,1.88339,1.92168,1.46,0.35237,0.18068,1.12984,1.63028,1.51088,0.952485,0.62066,1.06494,-5.0
gen=550_infill=85,-1.09209,-4.56706,-0.133598,1.1362,0.693114,0.7361,2.52089,2.12444,0.537214,0.743511,0.177904,0.00329103,1.33675,-0.216818,2.36605,2.37442,3.13081,1.22506,1.66048,-5.0
gen=550_infill=86,1.51344,1.86977,0.569199,1.19672,0.932945,0.633113,1.56818,1.23056,1.58555,2.10242,1.99803,1.26235,1.43826,1.0405,1.62469,1.24378,0.6316,1.00964,0.981474,0.0644768
gen=550_infill=87,-1.79806,-5.0,-0.739857,0.732962,-2.22995,1.60572,3.8903,2.11983,-0.397629,-4.97089,-0.412657,1.21935,1.51544,-0.341366,1.69988,0.490646,4.3555,4.05694,3.13926,-5.0
gen=550_infill=88,-1.81376,-4.72122,0.193067,0.774573,-1.10758,1.28211,3.53098,1.87684,-0.293018,-3.53088,-0.200377,1.1365,1.71182,-0.391764,1.65607,1.11804,4.59288,1.7718,3.14724,-5.0
gen=550_infill=89,-4.81784,-5.0,0.301828,2.22239,-2.58954,0.889068,3.77521,3.81799,-0.592326,-5.0,-2.06257,0.710904,1.7332,-2.78416,2.24051,0.895165,5.59024,5.94652,3.96722,-5.0
gen=550_infill=90,-0.24933,-3.87737,0.437742,0.353563,0.393226,1.13115,2.41151,1.54643,0.876742,-1.01186,-0.509811,0.850028,1.69475,0.254128,2.76497,0.882464,3.83534,3.24186,2.06672,-5.0
gen=550_infill=91,0.0317151,-5.0,0.34794,0.933019,0.929083,1.20639,1.85501,1.37697,1.6068,-0.605781,-0.130338,0.50867,1.65147,0.616009,2.33769,0.950707,1.63874,2.57907,2.09327,-5.0
gen=550_infill=92,-5.0,-5.0,-4.1867,-0.387723,-5.0,2.2557,3.73973,7.35945,-0.799981,-5.0,-5.0,4.24555,2.86954,-5.0,2.32104,-4.03615,-0.362122,10.0,3.1427,-5.0
gen=550_infill=93,0.959174,-0.504506,0.4317,0.838902,1.72707,0.820087,2.20977,1.37427,1.19609,2.00487,0.994858,0.895071,1.12157,0.806499,2.35687,1.08404,2.06374,0.428315,1.11364,-5.0
gen=550_infill=94,-0.0302777,-2.23441,0.211122,0.302003,1.1031,0.770397,1.78967,1.61869,1.31094,1.40091,0.872629,0.492577,1.81797,0.382753,2.49592,1.29821,3.11452,1.70888,1.28697,-5.0
gen=550_infill=95,1.08724,-1.19242,-0.409603,1.19993,1.99456,0.786567,1.66231,1.35165,0.619123,0.994115,1.34599,0.252512,2.39778,1.04785,2.45033,1.5048,1.4687,0.870086,0.666124,-5.0
gen=550_infill=96,0.993745,-0.220218,0.205933,1.44647,0.96506,1.23576,2.42791,1.31156,1.65772,1.60039,1.36733,-0.0102108,1.68554,0.835496,1.89837,1.50946,2.26569,1.68073,1.08397,-5.0
gen=550_infill=97,1.03193,1.07926,0.536368,0.391254,1.33558,0.460828,1.64315,1.30048,1.50875,2.12303,1.32323,1.08682,1.50623,1.13986,2.04661,0.794393,0.941095,0.25911,0.962049,-5.0
gen=550_infill=98,0.818684,-0.510956,0.886957,1.27999,1.5786,1.15242,1.72577,1.39741,0.597951,1.40782,1.31577,1.20542,1.60187,1.02237,2.05575,1.04789,1.02876,0.172697,1.00233,-5.0
gen=550_infill=99,1.27215,1.55207,0.488379,1.74731,1.21808,0.887472,1.34883,1.37047,1.31903,1.98466,1.64834,0.473763,1.66416,1.23368,1.7225,1.8787,1.1433,1.23491,0.9577,-2.6452
gen=550_infill=100,1.49648,1.46941,0.425575,1.78294,1.08498,0.868695,1.32821,1.32085,1.15425,2.33854,1.66782,1.33665,1.5448,1.3043,1.70169,1.81873,1.09318,1.39268,0.683772,0.15096
gen=600_infill=1,0.932687,-0.733132,0.37596,1.18647,1.41922,1.0729,1.9028,1.32955,0.94353,1.54698,1.19999,0.581719,1.79909,0.884835,2.21026,1.27772,1.6827,1.08534,1.01867,-5.0
gen=600_infill=2,1.43778,1.56262,0.54505,1.65849,1.15005,0.849692,1.38117,1.32171,1.38903,2.07473,1.73097,1.01682,1.66477,1.20865,1.70947,1.81761,0.853528,1.36979,0.846747,-0.466657
gen=600_infill=3,-0.0877595,-0.523815,0.215826,1.17228,1.62745,1.7422,2.59468,1.33707,1.05604,1.16824,1.94361,0.743275,1.3674,0.997592,2.18761,1.21136,1.99198,0.948088,1.21562,-5.0
gen=600_infill=4,0.412415,0.66865,0.197639,1.32648,1.20324,1.95603,2.22123,1.38603,1.00725,1.08132,1.63529,0.335636,1.03868,0.97925,2.39671,0.990166,2.44842,0.505813,0.970939,-5.0
gen=600_infill=5,0.104381,0.344648,0.442264,1.61424,1.26611,1.08154,1.82757,1.39244,1.31924,0.906729,1.37613,0.405561,0.828625,1.11612,2.3747,1.09821,1.99469,0.393807,0.913298,-5.0
gen=600_infill=6,-0.104943,0.746298,0.400594,1.85019,1.33351,1.79607,1.97742,1.49093,1.9316,1.09889,1.28932,-0.127921,1.25065,1.13122,3.05849,1.32216,2.10719,-0.103182,0.191064,-5.0
gen=600_infill=7,0.0735963,0.358549,0.257502,1.53206,1.22643,0.957652,1.84001,1.28247,1.32425,1.13864,1.56963,0.421891,0.950166,0.984132,2.3013,1.77902,1.97449,0.381691,0.847965,-5.0
gen=600_infill=8,0.0441739,0.934731,0.417191,1.40237,1.18795,0.996069,1.87142,1.35071,1.32609,1.20781,1.92709,0.431302,0.893449,0.959789,2.25255,1.52383,1.95895,0.392752,0.912379,-5.0
gen=600_infill=9,-0.00392216,0.462867,0.589166,1.32978,1.07323,0.97832,1.88566,1.30248,1.32788,1.35563,1.98907,0.456231,0.995117,0.761337,2.20859,1.39634,1.95433,0.387552,0.866025,-5.0
gen=600_infill=10,1.28814,1.00114,0.6514,1.63696,1.21852,0.613676,1.22769,1.37298,1.37587,2.09436,1.66055,1.50657,2.12121,1.31647,1.94294,1.84594,0.577859,1.35989,0.858167,1.25717
gen=600_infill=11,0.0347814,0.341009,0.558766,1.32307,1.0926,0.988022,1.89488,1.32729,1.32692,1.44427,1.9715,0.465461,0.932776,0.922168,2.26046,1.31969,1.9564,0.390479,0.89,-5.0
gen=600_infill=12,0.128856,0.490911,0.607493,1.3112,1.18584,0.990838,1.90259,1.31297,1.32579,1.52658,1.9103,0.473964,0.901276,0.851652,2.2972,1.46914,1.96234,0.390103,0.868781,-5.0
gen=600_infill=13,0.2218,0.510542,0.620321,1.29819,1.26467,0.999601,1.91444,1.32032,1.32432,1.64625,1.85516,0.486377,0.835586,0.914872,2.35922,1.52011,1.96795,0.39189,0.87071,-5.0
gen=600_infill=14,0.172768,0.458876,0.569691,1.30296,1.14103,0.997882,1.91385,1.3325,1.32511,1.57878,1.93825,0.486233,0.8845,0.958876,2.3158,1.34583,1.96771,0.392213,0.884933,-5.0
gen=600_infill=15,0.254432,0.128282,0.678608,1.24902,1.09834,0.999332,1.9261,1.29898,1.32551,1.49705,2.02353,0.485588,1.0447,0.654416,2.38568,1.21631,1.95475,0.387531,0.849805,-5.0
gen=600_infill=16,2.20842,2.04058,0.740823,1.73453,0.811057,0.374911,1.29109,1.26773,1.50909,2.24762,1.66779,0.990705,2.20628,1.30755,1.68691,2.08329,0.662957,1.52398,0.908057,2.9946
gen=600_infill=17,0.282061,0.591601,0.555859,1.29717,1.25489,1.00409,1.91765,1.32753,1.32214,1.58555,1.85238,0.494472,0.807394,0.973535,2.37423,1.39354,1.97179,0.393901,0.875697,-5.0
gen=600_infill=18,0.302844,0.249638,0.699702,1.27143,1.12982,0.933029,1.96621,1.24928,1.33067,1.53557,1.95286,0.454046,1.02918,0.476884,2.12235,0.872424,1.94402,0.382021,0.800605,-5.0
gen=600_infill=19,0.436192,0.826725,0.568721,1.28233,1.359,1.01059,1.92907,1.31554,1.31926,1.641,1.77762,0.510258,0.750175,0.930684,2.42844,1.4828,1.98155,0.394863,0.853937,-5.0
gen=600_infill=20,1.26109,1.69376,0.322775,1.63908,0.973577,0.698776,1.46455,1.3955,1.39252,1.91112,2.0682,0.859921,1.33753,1.25048,1.64947,1.86195,0.650809,1.35438,0.956024,1.37574
gen=600_infill=21,0.439702,0.309572,0.706115,1.25962,1.11294,0.964201,1.96849,1.30312,1.3216,1.68373,1.79858,0.48185,1.00668,0.725446,2.27441,1.25682,1.96969,0.387004,0.736599,-5.0
gen=600_infill=22,0.478956,0.103516,0.587443,1.25351,1.13335,0.956557,1.99998,1.32536,1.33373,1.59659,1.94613,0.458311,0.997734,0.431083,2.29639,0.902549,1.9351,0.391171,0.869995,-5.0
gen=600_infill=23,0.649418,1.01353,0.54901,1.27271,1.37417,1.01621,1.94821,1.31788,1.3155,1.72362,1.81377,0.502014,0.745427,0.976399,2.456,1.50238,1.97641,0.395607,0.843272,-5.0
gen=600_infill=24,0.383169,0.223331,0.635338,1.26705,1.23923,0.926442,1.94945,1.28235,1.33187,1.61653,1.93864,0.454087,1.05376,0.513,2.04271,0.917491,1.94757,0.375015,0.809123,-5.0
gen=600_infill=25,0.470798,0.529868,0.575071,1.25282,1.27144,0.924174,1.94873,1.28402,1.32951,1.63393,1.84885,0.452479,1.1588,0.76684,1.89441,1.22623,1.95596,0.397649,0.864867,-5.0
gen=600_infill=26,1.47669,0.941384,0.773193,1.60968,1.25926,0.56748,1.44033,1.45516,1.38791,2.05435,1.64868,1.25958,1.66635,1.27197,1.52787,1.87975,0.614342,1.30178,0.916685,1.87903
gen=600_infill=27,0.532138,0.744444,0.532884,1.24286,1.29399,0.922587,1.94822,1.2852,1.32786,1.64611,1.78599,0.451354,1.23233,0.944528,1.7906,1.44236,1.96183,0.413494,0.903888,-5.0
gen=600_infill=28,0.56286,0.549245,0.60547,1.2246,1.18061,0.925014,1.99661,1.27246,1.32373,1.64743,1.82075,0.436515,1.44921,0.517587,2.09936,1.13692,1.94981,0.392124,0.859445,-5.0
gen=600_infill=29,0.811738,0.802724,0.447373,1.19672,1.28943,0.941662,1.98822,1.26266,1.32984,1.70628,1.77853,0.429382,1.36814,0.861961,1.8675,1.39619,1.93871,0.420011,0.761465,-5.0
gen=600_infill=30,0.53781,0.78528,0.762249,1.1909,1.31827,0.919284,1.99159,1.3177,1.32966,1.71648,1.68515,0.596059,1.37212,1.01774,2.09041,1.1388,1.9557,0.401725,0.906706,-5.0
gen=600_infill=31,0.372292,0.864624,0.449341,1.22547,1.31671,0.895832,2.02517,1.23603,1.32742,1.65976,1.72941,0.456285,1.04419,1.08981,2.0365,1.34084,1.94463,0.446551,0.834275,-5.0
gen=600_infill=32,0.381503,0.444858,0.571896,1.28701,1.34801,0.960899,1.95844,1.26828,1.32907,1.44627,1.90666,0.462496,1.1112,0.669304,2.1271,1.0942,1.96207,0.416463,0.886581,-5.0
gen=600_infill=33,0.264049,0.434128,0.786541,1.29377,1.35614,0.979964,2.00015,1.294,1.33174,1.31454,1.9045,0.461824,1.11594,0.79672,2.36474,1.27164,1.96925,0.422197,0.887657,-5.0
gen=600_infill=34,0.457607,0.733609,0.532632,1.29847,1.36345,0.935562,1.95846,1.26167,1.32759,1.52309,1.79565,0.459032,1.15024,0.885239,2.12737,1.21427,1.97263,0.438901,0.917878,-5.0
gen=600_infill=35,1.14271,1.55869,0.406663,1.71661,1.14934,0.795974,1.41399,1.40637,1.39919,2.07194,2.01996,0.441524,1.52718,1.24859,1.9043,1.81283,0.566814,1.38675,0.949483,0.442796
gen=600_infill=36,0.80644,1.20449,0.307362,1.2264,1.37721,0.898042,2.00228,1.2882,1.31026,1.68807,1.69584,0.482942,1.03735,1.23588,2.1801,1.20356,1.96333,0.478041,0.819074,-5.0
gen=600_infill=37,0.477595,0.887716,0.471747,1.31481,1.37209,0.923314,1.97617,1.23464,1.32682,1.67765,1.74724,0.464349,1.09433,0.994039,1.90547,1.25005,1.923,0.478372,0.906388,-5.0
gen=600_infill=38,0.366456,0.322702,0.540608,1.31353,1.41336,0.967899,1.96525,1.2539,1.32859,1.34315,1.77044,0.465355,1.12556,0.826888,2.29012,1.07789,1.98292,0.427629,0.940971,-5.0
gen=600_infill=39,0.376913,0.746536,0.46608,1.27927,1.51547,0.951614,1.97222,1.19509,1.32883,1.57238,1.61095,0.445831,1.04598,1.10654,2.07408,1.24023,1.9515,0.464359,0.893146,-5.0
gen=600_infill=40,1.55472,1.63442,0.716843,1.69842,1.11368,0.853046,1.26153,1.30755,1.41699,2.12334,1.92912,0.694018,1.74876,1.23507,1.7991,1.83269,1.05836,1.39959,0.884238,0.547965
gen=600_infill=41,0.54722,0.440496,0.586372,1.26812,1.46375,0.919466,2.01922,1.22905,1.34446,1.68149,1.76154,0.466326,1.40318,0.92945,2.38711,1.16327,1.98588,0.483241,0.922191,-5.0
gen=600_infill=42,0.469688,1.00715,0.469447,1.28757,1.38423,0.918727,1.99602,1.22714,1.32522,1.68113,1.71745,0.464354,1.09383,1.11212,2.12227,1.23073,1.95564,0.458127,0.940291,-5.0
gen=637_infill=1,1.43778,1.56262,0.54505,1.65849,1.15005,0.849692,1.38117,1.32171,1.38903,2.07473,1.73097,1.01682,1.66477,1.20865,1.70947,1.81761,0.853528,1.36979,0.846747,-0.466657
gen=637_infill=2,1.55472,1.63442,0.716843,1.69842,1.11368,0.853046,1.26153,1.30755,1.41699,2.12334,1.92912,0.694018,1.74876,1.23507,1.7991,1.83269,1.05836,1.39959,0.884238,0.547965
gen=637_infill=3,0.457722,0.677141,0.617172,1.36478,1.30317,0.999713,1.92169,1.31297,1.32074,1.5212,1.82791,0.524707,1.16386,0.814369,2.11221,1.25358,1.90267,0.478685,0.882918,-4.86873
gen=637_infill=4,1.51381,1.71938,0.531492,1.64317,1.09669,0.705013,1.32971,1.26708,1.46417,2.12598,1.72251,1.25537,1.70265,1.2403,1.68698,1.80826,0.686423,1.34472,0.851276,2.48707
gen=637_infill=5,1.05424,2.07851,0.63746,1.7758,1.25535,0.642087,1.35779,1.53516,2.06599,2.1614,1.53819,1.24724,1.16043,1.28707,1.89081,1.79834,0.865243,1.42616,0.883795,3.50858
gen=637_infill=6,1.24315,1.8959,1.15022,1.79533,1.56331,0.516637,1.23739,0.573047,2.40461,2.05723,1.82744,1.2388,0.754959,1.37114,2.0622,1.80988,0.74882,1.41823,0.778931,5.31813
gen=637_infill=7,1.352,1.74194,0.85049,1.71814,0.909434,0.755228,1.36556,1.41494,1.92323,2.52814,1.66987,1.39514,1.03268,1.237,2.06172,1.89581,0.815945,1.45877,0.714764,4.39679
gen=637_infill=8,1.42985,1.88549,0.859469,1.71997,1.17121,0.730901,1.3584,1.38337,1.65084,2.46277,1.86288,1.38732,1.34432,1.3597,2.09217,1.99216,1.41138,1.69604,0.823244,4.05021
gen=637_infill=9,1.37501,1.95506,1.11899,1.76143,1.28061,0.747701,1.66652,1.73368,1.45611,2.10264,1.62952,1.15605,1.62243,1.2414,1.72995,1.77791,0.686811,1.59077,0.887584,3.28517
gen=637_infill=10,1.47257,1.66034,1.82415,1.63217,1.00732,0.795622,1.13583,1.55739,1.8958,2.0216,1.9937,1.1114,1.62491,1.32506,1.72456,1.82437,0.895032,1.36395,0.959521,3.56123
gen=637_infill=11,1.50703,1.94418,0.644752,1.52227,1.09068,0.755447,1.36576,1.46252,2.09678,2.12695,1.74601,1.31389,1.74258,1.3243,1.68358,1.80056,0.58357,1.11502,0.859996,3.08993
gen=637_infill=12,1.66377,1.41062,1.02507,1.53031,1.05007,0.605039,1.50943,1.48453,1.84557,2.29438,1.40483,1.72092,1.96654,1.48619,1.85939,1.79126,0.648126,1.78326,0.878593,3.69036
gen=637_infill=13,1.48733,1.62002,1.582,1.57371,0.810301,0.79473,1.26636,1.93829,1.78516,1.99577,1.85161,1.45472,1.43892,1.41946,1.53294,1.84939,0.792733,1.33249,1.01396,3.8955
gen=637_infill=14,1.89557,1.68267,0.916416,1.43056,1.15991,0.489279,1.43377,1.41814,1.7713,2.31747,1.50871,1.63537,2.08106,1.53271,1.97222,1.98289,1.17291,1.94495,0.960276,3.11691
gen=637_infill=15,1.44034,1.65456,0.65374,1.58381,1.01421,0.940693,1.29934,1.55864,1.45376,1.86019,1.90319,1.1247,1.47047,1.45555,2.06398,2.11506,1.21725,2.07123,1.05761,2.73138
gen=637_infill=16,1.30492,1.89491,1.13963,1.81184,1.25706,0.808552,1.66732,1.78445,1.98453,2.10256,1.54025,1.25249,1.4437,1.30222,1.76219,1.77253,1.11608,1.70947,0.911485,4.58409
gen=637_infill=17,1.70987,1.4216,0.662103,1.68268,1.06042,0.630126,1.44153,1.36377,1.4837,2.21371,1.79843,1.32783,1.85688,1.52784,1.89725,1.80051,0.830284,1.65312,0.863744,2.1512
gen=637_infill=18,1.83683,1.62343,1.36119,1.75197,0.970701,0.604926,1.41988,1.43561,1.53707,2.33071,1.95085,1.45948,1.64952,1.47015,1.79147,1.82437,0.748318,1.51808,0.614792,2.67484
gen=637_infill=19,1.44326,1.61005,0.624017,1.71668,1.15615,0.751238,1.3988,1.35848,1.39656,2.0978,1.72297,1.39236,1.67253,1.20003,1.70683,1.96643,0.812851,1.27615,0.922504,1.18416
gen=637_infill=20,1.50182,1.64648,0.606397,1.72554,1.12766,0.908301,1.37251,1.39746,1.39829,2.10023,1.74863,1.00271,1.66024,1.22419,1.68074,1.81216,0.879559,1.42857,0.878837,-0.271242
gen=637_infill=21,1.51319,1.55174,0.854957,1.59098,0.900721,0.543298,1.33061,1.1755,1.46169,2.0461,1.92071,0.943817,1.64327,1.28646,1.91234,1.94493,0.945065,1.08004,0.707212,0.686597
gen=637_infill=22,1.76342,1.28753,0.923532,1.71078,0.824615,0.598449,1.38139,1.25467,1.52353,2.30352,1.74738,1.54719,1.80081,1.48701,2.14944,1.87092,0.889204,1.54659,0.684204,2.45149
gen=700_infill=1,1.51319,1.55174,0.854957,1.59098,0.900721,0.543298,1.33061,1.1755,1.46169,2.0461,1.92071,0.943817,1.64327,1.28646,1.91234,1.94493,0.945065,1.08004,0.707212,0.686597
gen=700_infill=2,1.56465,1.69905,0.709149,1.68258,1.13886,0.710198,1.36579,1.36857,1.52129,2.15445,1.77888,1.19957,1.79463,1.36792,1.77088,1.83335,0.777685,1.5182,0.820793,1.60353
gen=700_infill=3,1.07334,1.62351,1.05219,1.87871,0.709294,0.390457,1.33174,1.08477,1.43785,2.22761,1.94716,0.814036,1.58456,1.53849,2.70251,2.31543,1.10732,1.32215,0.995094,1.16302
gen=700_infill=4,1.34263,1.39425,1.22571,1.98908,1.45199,0.159446,1.37846,0.976064,1.38797,1.63072,1.72182,0.744731,1.36773,1.47431,2.69937,2.24791,1.1488,2.27875,0.826248,0.813655
gen=700_infill=5,0.924318,1.72229,0.860929,2.08267,0.783078,0.68053,1.39776,1.25064,1.69606,1.95533,1.43816,0.759321,1.49471,1.41931,2.83763,2.14394,0.888877,1.9522,1.41256,1.63223
gen=700_infill=6,1.29904,1.1198,0.963142,1.76242,1.15669,0.561416,1.25682,1.25393,1.64982,2.12207,2.16679,0.568154,1.37617,1.31139,2.21425,2.51143,1.14026,1.65384,0.841441,1.18632
gen=700_infill=7,1.3966,1.3498,0.850529,1.6586,1.03395,0.45923,1.29341,1.3488,1.55476,2.32515,1.44144,0.758331,1.34892,1.29928,2.11336,1.67761,1.01255,1.97347,0.947504,0.966894
gen=700_infill=8,0.999225,1.97728,1.60719,0.790855,0.64976,0.965153,1.62666,0.537032,1.81257,1.6346,1.14076,1.38919,1.51397,1.04699,3.25221,2.95162,0.732367,2.62598,1.59989,7.96918
gen=700_infill=9,1.22585,1.70273,0.979397,2.03703,0.773857,0.793927,1.30478,1.6896,2.00654,1.53111,1.86775,1.03428,1.55051,1.3451,2.8035,2.24538,0.735555,1.38133,1.28001,1.93335
gen=700_infill=10,1.20585,1.87755,2.16246,0.0484487,0.7957,0.823635,1.45717,1.11956,1.86463,1.28408,1.09273,1.38299,1.45926,1.23386,3.78808,2.57281,0.764744,3.23043,1.97435,10.0
gen=700_infill=11,1.39424,1.36345,0.772095,2.23298,1.1875,0.801045,1.31836,1.83548,1.40744,2.26451,2.03349,0.765044,1.69835,1.19082,2.04254,2.00359,0.875473,1.41775,0.898663,0.9625
gen=700_infill=12,1.00989,2.27779,1.94009,0.991037,1.54829,0.995771,1.56997,1.57,1.78221,0.398138,0.854703,1.99015,1.75446,1.27447,2.30769,2.86631,0.676094,3.62439,2.24978,10.0
gen=700_infill=13,0.841364,1.93043,2.15405,0.355192,0.720746,1.15605,1.65549,-0.002126,2.06074,1.35713,0.647139,1.96998,1.45906,1.32755,3.24685,2.47163,1.09353,3.02164,1.91384,10.0
gen=700_infill=14,0.756666,2.58993,2.47881,0.975233,1.35386,1.08485,1.70745,0.212419,2.01365,1.12812,0.529119,1.97931,1.54547,1.10185,2.67961,3.19082,0.827185,3.11476,0.909974,8.6563
gen=700_infill=15,1.08682,1.68911,0.7729,2.12357,1.00426,0.668549,1.34385,1.27885,1.56545,2.23238,1.7776,1.21408,1.99567,1.41955,2.93001,2.40157,1.08149,2.10774,1.15645,1.75402
gen=700_infill=16,0.871354,1.99674,2.59827,1.86882,1.68609,0.884673,1.22458,0.998173,2.04689,0.876698,1.49015,1.83123,1.34555,1.24871,2.83998,2.43794,0.505853,3.03404,1.66862,10.0
gen=700_infill=17,0.438689,2.00609,1.828,1.08058,1.72632,1.37775,1.45693,0.364719,1.93371,1.23329,-0.501081,1.39878,1.47867,1.01368,3.02952,3.08101,0.625217,3.01299,1.19033,10.0
gen=700_infill=18,0.537241,2.35316,1.42361,1.33875,1.23043,1.22689,1.46406,0.555926,2.4112,0.742169,0.778487,0.883659,1.47385,1.19027,2.74851,3.4593,1.07547,3.2121,1.34759,10.0
gen=700_infill=19,0.786162,2.17813,2.12958,1.18898,1.25623,1.42396,1.49893,1.17443,2.34707,1.07757,1.51766,1.86804,1.5613,1.04344,2.44859,2.76017,0.876653,3.26136,1.14211,10.0
gen=700_infill=20,1.00979,2.54555,1.4064,1.39591,1.62135,1.0969,1.70673,0.167882,2.0512,1.28567,0.499424,2.04099,1.36792,1.80926,2.89322,3.09447,1.17494,3.19466,0.39234,10.0
gen=700_infill=21,0.536544,1.92263,1.84653,0.200426,1.05103,1.63409,1.52081,0.00229138,2.01203,1.16728,-0.279251,1.76893,1.4323,1.24252,2.96409,2.73436,0.702604,2.85085,1.66879,10.0
gen=700_infill=22,0.955467,1.89244,1.69186,1.37759,0.722,1.58,1.54167,1.61672,2.51112,0.933027,0.273865,1.11249,1.55375,1.43851,1.81283,2.30186,0.927984,2.55427,0.670567,10.0
gen=700_infill=23,0.586559,2.04743,1.00758,1.14582,0.951308,1.35162,1.51638,0.118457,1.74592,0.993906,1.02344,0.788025,1.56277,1.40383,2.84,2.85686,1.1978,2.44984,1.45618,8.15191
gen=700_infill=24,0.406502,2.35852,1.20307,0.377478,1.09972,1.68251,1.57784,-0.732477,2.45382,0.2992,0.81256,0.563803,1.64112,1.45042,2.54862,3.71574,1.18398,4.28799,1.05225,10.0
gen=700_infill=25,0.851446,1.8324,1.02732,1.39402,1.07153,1.34157,1.24381,0.156403,2.2572,0.469471,0.226605,0.941108,1.68232,1.41913,3.53805,2.93003,0.862117,3.93162,1.91711,10.0
gen=700_infill=26,0.343711,2.48094,1.92217,0.369291,0.763942,1.78182,1.5916,-0.763507,1.67596,0.281861,0.742325,1.59771,1.63932,1.48218,2.46849,3.6815,0.965942,3.17782,1.57142,10.0
gen=700_infill=27,1.54504,1.79568,0.83213,1.84124,0.965753,0.962508,1.37471,1.19306,1.57203,2.27243,1.69544,0.744721,1.75039,1.15143,2.28684,1.74377,0.749738,1.97674,0.908275,1.15419
gen=700_infill=28,0.599544,2.41056,0.581812,1.36322,2.22594,1.55948,1.82834,-0.212425,1.79552,0.479755,0.468993,2.66677,1.75619,2.08732,2.29281,3.50399,1.08139,2.65076,-0.124113,10.0
gen=700_infill=29,1.82459,1.92187,1.63892,1.77873,1.33276,0.965564,1.70186,0.943139,2.74831,1.04607,0.548547,1.35989,1.40639,1.41247,1.68439,1.89019,0.705712,1.77501,0.587502,10.0
gen=700_infill=30,1.39375,1.62414,1.06872,1.41853,1.11442,2.12775,1.54096,1.74314,2.20598,-0.219031,-0.26061,1.37164,1.40901,1.39705,1.62488,2.06356,0.792269,2.64507,0.631339,10.0
gen=700_infill=31,1.50297,1.63066,0.712023,2.00938,1.12859,0.682259,1.38189,1.52311,1.53707,2.11902,1.81719,1.17705,1.81424,1.40543,1.82614,1.83873,1.11452,1.63465,0.919596,1.54544
gen=700_infill=32,0.841718,1.73692,1.83264,0.341466,1.56973,1.69359,1.43893,0.0326309,1.85841,-0.0299776,-0.431765,0.174583,1.66376,1.90016,1.4285,3.36155,1.1374,3.24069,0.660698,10.0
gen=700_infill=33,1.29525,1.964,1.16777,1.7382,1.08745,1.68133,1.63206,0.0921993,1.85468,1.19646,0.784453,1.19478,1.49558,1.51602,2.09971,2.52714,1.11129,3.3687,1.5791,9.27099
gen=700_infill=34,1.43573,1.64626,0.707208,1.7414,1.07097,0.699813,1.35306,1.31396,1.61385,1.84157,1.70073,1.11998,1.82701,1.46974,1.8912,1.83002,0.688631,1.4616,0.810135,1.49194
gen=700_infill=35,0.583894,1.83744,1.46108,-0.265821,1.53262,2.38664,1.57369,-1.11854,1.65278,-0.351809,-1.48617,-0.246154,1.74333,1.84564,3.3619,3.81623,1.21404,5.45549,1.63661,10.0
gen=700_infill=36,-0.211325,1.95653,1.79571,0.527318,1.30108,1.76764,1.59112,-0.666498,1.86994,0.131847,-0.275217,1.10028,1.50659,1.4468,2.37835,2.62383,1.29145,3.33795,0.835905,10.0
gen=700_infill=37,0.87747,1.81503,1.53224,-0.640921,1.3796,1.73824,1.75187,-0.447887,2.24665,0.158771,0.0682084,2.29019,1.3418,2.03131,2.48152,3.43367,1.44716,4.00708,0.704592,10.0
gen=700_infill=38,0.505731,1.9012,1.26464,-0.506853,1.69513,1.95656,2.01068,-0.159385,1.78446,0.567966,-0.0918631,1.92651,1.4475,2.43374,1.94752,3.66084,1.82113,2.41545,0.0683916,10.0
gen=700_infill=39,0.235103,1.55998,1.05804,-1.14617,1.37738,1.91308,1.64951,-1.56175,2.50909,-0.353078,-0.826327,-0.282171,1.37773,2.51833,2.51604,3.83282,1.41713,4.98034,0.815086,10.0
gen=700_infill=40,0.671003,1.93463,2.4703,1.62663,0.851636,2.16316,1.70654,0.557657,2.34125,0.313972,-0.389396,1.07796,1.48554,1.39628,2.07946,2.4151,1.06777,3.36398,0.357322,10.0
gen=700_infill=41,-0.401649,1.81136,1.01997,-3.67077,1.1777,2.7779,1.59696,-4.24021,1.5192,-1.51898,-2.76464,-1.1207,1.33733,2.47996,2.81316,1.72827,1.25434,5.07296,0.186355,10.0
gen=700_infill=42,0.677813,1.81586,1.17247,-0.620228,1.76409,2.07371,1.70369,-0.65993,2.06072,0.549365,-0.0181354,2.09,1.32348,2.49603,2.11751,2.71541,1.08206,2.59675,-0.465576,10.0
gen=700_infill=43,0.23678,2.47057,0.824312,-2.27101,1.60528,1.3403,1.81183,-2.7831,2.49708,-0.143003,-1.08961,-1.14028,1.55671,3.28174,2.11829,3.96904,1.85253,5.07108,-1.11665,10.0
gen=700_infill=44,-0.483816,1.76945,1.18824,-4.93128,1.61324,3.12472,1.51995,-5.0,1.42545,-3.77627,-0.259823,-1.82119,1.53211,1.61173,2.89818,2.87508,1.63157,4.48145,-0.893549,10.0
gen=700_infill=45,0.617447,2.95403,0.84491,-5.0,1.05913,3.35775,2.10799,-5.0,2.16436,-0.51612,-2.4007,-2.64636,1.75245,4.24694,2.49671,3.73084,1.11441,3.9899,0.462354,10.0
gen=700_infill=46,0.017745,2.61557,0.261933,-3.75501,1.99544,1.55583,2.04048,-4.29393,2.08536,0.60649,-1.30669,0.926948,1.57366,4.36052,1.75137,3.01098,0.985438,3.99155,-1.23773,10.0
gen=700_infill=47,-0.0976313,2.67967,0.994432,-3.00525,1.07943,2.02855,1.91183,-5.0,1.43486,-0.882702,-1.82644,-0.718548,1.6866,4.46058,2.06525,4.84039,1.17373,3.55906,-1.64321,10.0
gen=700_infill=48,1.31033,1.29857,0.878229,-5.0,1.63322,1.29407,1.3213,-5.0,1.34841,0.46853,-1.43118,-4.38863,1.33285,1.79775,2.57239,2.26081,1.53062,5.73999,-1.8673,10.0
gen=700_infill=49,-1.18949,3.7814,0.981223,-5.0,2.59878,2.71881,2.34989,-5.0,1.16125,-2.00981,-3.80168,-1.60749,1.79592,2.90481,2.73287,6.86795,1.59242,3.71232,-3.53957,10.0
gen=700_infill=50,-0.633842,2.82158,-0.829408,-5.0,2.24992,1.26817,2.02838,-5.0,2.29161,-1.01027,-3.22799,0.429682,1.71592,4.28768,1.07128,4.25155,0.913147,4.4663,-3.10145,10.0
gen=700_infill=51,0.632341,3.28029,1.19495,-4.35418,0.902355,1.9692,1.62146,-5.0,1.26759,2.99734,0.2983,-2.89187,1.9653,2.06973,1.90833,2.73233,0.464569,2.14024,-2.17034,8.93394
gen=700_infill=52,0.12916,3.42048,0.871749,-5.0,1.06892,3.10168,1.34191,-5.0,1.62388,-0.599284,0.0582811,-0.8472,1.81112,3.58658,2.4518,2.41023,0.812251,3.03728,-3.57817,7.34835
gen=700_infill=53,-0.530766,4.80772,0.846342,-5.0,1.86316,4.0411,1.26484,-5.0,1.37726,-1.68907,-0.533217,-3.04207,1.62122,3.82211,1.49142,2.11963,1.6359,2.46798,-5.0,10.0
gen=700_infill=54,-0.366299,3.78873,1.35438,-5.0,1.42225,4.20649,1.65204,-5.0,1.66058,-1.60576,-0.197882,1.53262,1.63228,3.62683,2.7205,2.93668,0.735476,3.98464,-5.0,10.0
gen=700_infill=55,0.530809,1.3091,0.934879,-4.1964,2.02764,2.21321,1.27906,-5.0,0.94746,0.592011,-1.80238,-3.52043,1.23362,1.70304,2.06473,2.10666,1.18185,4.09399,-2.95698,10.0
gen=700_infill=56,0.612319,1.88859,1.48172,-0.30675,1.99985,2.45892,1.94399,-1.54895,2.3438,-0.266671,-0.258782,1.36532,1.09981,2.39972,2.33598,3.07655,1.15627,3.10828,-0.044451,10.0
gen=700_infill=57,-1.43403,1.04116,1.81834,-5.0,1.63963,3.16402,1.14166,-5.0,0.566685,1.1343,-2.97649,-5.0,1.38715,2.78354,2.13719,4.19212,1.55016,4.00266,-5.0,10.0
gen=700_infill=58,0.702268,4.01931,1.02934,-3.29482,0.373248,1.9301,2.16238,-5.0,1.2955,0.966957,0.710339,0.979074,2.36401,2.46793,1.62883,2.76084,1.77558,2.08515,-4.13408,8.91349
gen=700_infill=59,-0.163486,2.60924,1.10968,-2.14459,2.28021,4.63563,1.64351,-5.0,1.66903,0.0197449,-0.490175,1.14199,1.75763,2.54346,1.85619,2.73854,0.645339,2.5571,-2.78583,10.0
gen=700_infill=60,0.405911,3.10211,-1.79482,-5.0,0.412535,4.94954,1.70568,-5.0,1.87197,-0.383165,1.64266,0.308939,1.93652,4.36762,2.09468,2.97637,-0.0150672,1.90558,-5.0,9.44813
gen=700_infill=61,-0.753379,2.35577,0.00774452,-5.0,2.18422,4.50824,0.879608,-3.07379,0.808032,0.0911013,-0.166666,-2.50543,2.31042,3.37346,1.18691,2.41302,1.42069,2.41135,-5.0,10.0
gen=700_infill=62,0.184961,3.09289,1.09659,-5.0,1.53467,1.79107,1.91519,-5.0,1.2932,-0.701296,-0.504183,0.0169421,1.66702,3.77981,2.02146,2.9059,0.768288,2.44681,-5.0,8.91436
gen=700_infill=63,-1.15118,2.86305,1.04102,-5.0,0.603389,3.99588,1.30372,-5.0,1.04868,-0.946079,-1.39421,-2.48318,1.64675,3.63607,3.85687,3.94422,0.596577,2.97825,-5.0,10.0
gen=700_infill=64,0.104686,1.421,0.813515,-5.0,1.5699,2.31018,1.37889,-2.94202,0.661208,3.552,-0.875966,-0.867747,1.04273,3.06029,2.90876,2.53866,1.20436,3.75021,-1.46536,10.0
gen=700_infill=65,0.261857,3.34397,1.34972,-5.0,1.04044,3.12091,1.40368,-5.0,1.28317,-0.615575,0.340532,1.37714,1.64923,3.82141,2.08905,3.22319,0.638358,3.66105,-2.9107,10.0
gen=700_infill=66,-0.942359,2.05652,0.922293,-3.67016,1.71775,1.82004,1.79211,-5.0,1.22522,-0.441135,-0.405592,1.48647,1.29131,2.66863,1.66058,3.20316,1.24935,4.16356,-5.0,10.0
gen=700_infill=67,-0.383482,2.72032,0.380696,-5.0,1.0293,4.72973,1.11158,-5.0,1.59226,-2.00694,0.0758494,-2.15905,1.63436,2.91502,2.05606,2.88753,0.772315,3.85029,-4.57392,10.0
gen=720_infill=1,1.39583,1.41488,0.967878,1.81284,1.1521,0.53565,1.32585,1.19296,1.54114,2.08759,1.75637,0.703984,1.4608,1.3091,2.32845,2.04518,1.01284,1.9707,0.880867,1.03026
gen=720_infill=2,1.48216,1.57823,0.751086,1.85146,1.08533,0.687323,1.34994,1.44332,1.50827,2.08513,1.8502,1.04109,1.7555,1.34407,1.88862,1.89012,0.880275,1.42245,0.83128,1.258
gen=720_infill=3,1.38845,1.58654,0.804115,1.741,1.02149,0.606671,1.3129,1.31711,1.48528,2.12871,1.88271,1.00654,1.68738,1.38534,2.02965,2.02511,0.938801,1.54132,0.868197,0.986656
gen=720_infill=4,1.49979,2.92028,1.18825,4.69659,3.32297,-0.142287,0.715815,0.871901,-1.74215,-0.394557,5.41244,-5.0,1.36634,-1.12079,0.0169255,1.55283,-2.21756,-5.0,-1.34223,-4.98088
gen=720_infill=5,1.14512,2.61414,-0.252314,3.77613,2.22777,-0.057898,2.4959,-3.41412,-2.73686,-0.108476,6.04595,-4.43161,-1.97613,-4.79078,-0.919111,-0.235967,-5.0,-5.0,1.67845,-5.0
gen=720_infill=6,1.70432,0.128132,-4.55684,2.59607,-0.430812,-5.0,0.912209,-5.0,-5.0,3.64133,0.105813,3.01709,0.55404,-5.0,-4.3619,2.85155,-5.0,-5.0,6.26096,-3.69032
gen=720_infill=7,0.720702,1.019,4.24353,1.45052,1.09728,0.617436,1.27583,-3.24765,0.00405462,1.3589,3.09637,-2.51669,1.16265,-5.0,3.23099,0.693166,-4.44095,-3.23833,2.89526,-2.2711
gen=720_infill=8,5.11103,1.66558,0.560063,1.98218,2.8429,3.09444,2.87144,-1.92681,0.7901,1.04009,6.34504,-5.0,-1.44368,-5.0,-0.216638,-1.03509,-5.0,-5.0,0.506398,-5.0
gen=720_infill=9,4.93103,2.28235,2.02573,2.45486,1.45496,1.99291,3.39799,-3.70307,-0.578575,2.16394,6.10128,-5.0,-2.96526,-5.0,-2.66272,-1.33275,-5.0,-5.0,2.33,-5.0
gen=720_infill=10,0.7157,2.98763,-0.176011,4.00753,0.696837,0.0317334,2.84173,-1.47883,-3.2893,-0.10308,5.68243,-5.0,-2.59141,-3.08445,1.38293,-1.0172,-4.8846,-5.0,3.07099,-5.0
gen=720_infill=11,1.97371,3.04966,-1.99753,3.89946,1.9367,-2.3766,4.41534,-3.26539,-1.08353,0.466829,4.65344,-5.0,-0.196337,-5.0,0.285125,-0.621449,-5.0,-5.0,1.93243,-5.0
gen=720_infill=12,3.03192,3.8609,-1.86403,3.74717,-2.12523,-3.588,1.93769,-5.0,-5.0,2.62978,4.40306,-1.47223,-3.11995,-5.0,-4.46662,1.78992,-5.0,-5.0,10.0,-5.0
gen=720_infill=13,3.63035,4.52975,-4.14926,0.953674,0.196447,-2.92407,4.00893,-5.0,-4.84337,3.03441,4.03576,-5.0,-0.269163,-5.0,-0.748273,0.181821,-5.0,-5.0,8.14596,-5.0
gen=720_infill=14,3.25401,4.66431,-4.86609,4.69835,-5.0,-1.03359,2.80238,-5.0,-5.0,0.167092,2.36745,-3.15853,-5.0,-2.64712,-4.29138,1.10514,-4.51343,-5.0,6.26222,-5.0
gen=720_infill=15,2.79003,3.83672,-5.0,4.27531,-1.59834,-2.1324,0.486161,-5.0,-2.28608,1.17013,5.84231,-3.99644,-2.32051,-5.0,-5.0,2.22075,-5.0,-5.0,4.33818,-5.0
gen=720_infill=16,4.20685,3.13726,-2.70027,1.51997,-2.3408,-5.0,2.55908,-5.0,-3.71833,3.85157,6.05993,-2.70769,1.87666,-5.0,-5.0,-0.867907,-5.0,-5.0,6.18793,-5.0
gen=720_infill=17,0.776093,2.87503,0.225323,2.63022,1.45501,0.730257,2.93162,1.36461,-0.906046,0.878987,4.93152,-5.0,2.69667,-5.0,0.226594,2.33889,-5.0,-5.0,1.34698,-5.0
gen=720_infill=18,2.41677,5.47412,-2.2898,3.43916,-5.0,-1.23837,3.76225,-5.0,-3.9517,0.222801,4.43513,-3.70406,-3.67255,-2.75141,-2.98274,0.14489,-5.0,-5.0,8.33771,-5.0
gen=720_infill=19,3.97422,3.27571,-5.0,1.67666,0.574367,-5.0,3.05601,-5.0,-5.0,6.22281,4.03246,-2.92971,5.08478,-4.21024,-2.21046,-0.599166,-5.0,-5.0,4.48008,-5.0
gen=720_infill=20,5.34227,3.55185,-5.0,1.72749,-5.0,-5.0,2.75251,-5.0,-5.0,7.20131,4.34442,-2.57067,5.48842,-5.0,-5.0,0.597059,-5.0,-5.0,3.98677,-5.0
gen=720_infill=21,1.42843,3.51155,-1.75,-0.439646,-3.67454,-5.0,3.69079,-5.0,-5.0,3.17543,5.34903,-2.1655,1.00848,-5.0,-5.0,-1.42253,-5.0,-5.0,3.78076,-2.1754
gen=720_infill=22,5.4496,-0.216253,-0.759772,1.0052,-4.74238,-5.0,1.61331,-5.0,-5.0,5.15248,6.48712,-0.399302,1.19464,-5.0,-5.0,-1.18308,-5.0,-5.0,6.10177,-5.0
gen=720_infill=23,2.89367,0.952775,-3.45347,3.06767,-3.76553,0.519919,2.73425,-5.0,-3.45322,1.76591,5.96495,-2.0304,0.211622,-5.0,-5.0,0.16988,-5.0,-5.0,0.680023,-5.0
gen=720_infill=24,6.57104,3.09501,-5.0,0.881459,-4.1441,-4.71041,2.99284,-5.0,-5.0,8.61288,2.81776,4.78784,3.07586,-5.0,-5.0,1.97338,-5.0,-5.0,7.97342,-5.0
gen=720_infill=25,3.78789,-1.47078,-5.0,3.92946,-5.0,0.434514,1.86666,-5.0,-4.1853,1.28032,3.20793,-0.852746,1.90842,-5.0,-5.0,-1.87558,-5.0,-5.0,2.67415,-5.0
gen=720_infill=26,4.60181,2.43649,-4.37087,3.95347,-2.66454,0.0374739,1.60289,-5.0,-5.0,3.10253,3.4817,-3.10629,1.29629,-2.65403,-0.770215,-3.19368,-5.0,-5.0,-2.50406,-5.0
gen=720_infill=27,6.64799,-2.92013,-5.0,2.40349,-5.0,-1.89491,3.73121,-5.0,-5.0,1.4854,1.72783,-1.2879,2.60375,-5.0,-5.0,-1.29134,-5.0,-4.99863,4.68848,-5.0
gen=720_infill=28,7.46482,1.53723,-0.599123,1.59707,-5.0,-5.0,2.37473,-5.0,-5.0,5.92112,7.90387,0.419524,-0.143423,-4.98075,-5.0,-1.78691,-5.0,-5.0,3.97081,-5.0
gen=720_infill=29,0.685356,1.78789,2.64004,5.33868,1.85039,0.449383,3.00821,-5.0,0.901675,3.31753,2.54668,-5.0,0.503989,-5.0,3.20013,0.393846,-3.79734,-5.0,6.20571,-5.0
gen=720_infill=30,2.38443,1.61508,-4.89728,3.65627,-5.0,0.29604,2.69964,-3.67118,-4.01127,3.55839,0.724674,0.189055,0.814306,-5.0,-3.66138,-3.69893,-5.0,-5.0,7.16863,-5.0
gen=720_infill=31,6.64643,-1.25485,-5.0,1.34551,-5.0,-4.70084,3.08296,-5.0,-5.0,7.87189,2.86221,5.40858,2.28118,-5.0,-5.0,0.280907,-5.0,-5.0,2.61874,-5.0
gen=720_infill=32,8.78173,-0.889397,-5.0,1.63123,-5.0,-4.91935,3.88311,-5.0,-5.0,3.67877,1.71229,2.65546,2.98164,-5.0,-5.0,-0.798449,-5.0,-5.0,5.32807,-5.0
gen=720_infill=33,4.54175,-2.94608,-0.288096,3.39804,-1.65072,-1.28039,2.13579,-4.23841,-3.64559,2.44047,0.596076,-1.52711,1.02303,-5.0,-5.0,-3.40472,-5.0,-5.0,4.46296,-5.0
gen=720_infill=34,3.26894,-2.16398,-5.0,2.67439,-4.88423,-0.850663,3.86106,-5.0,-4.926,-0.53416,2.41889,-0.471106,2.42362,-5.0,-3.7852,-0.96396,-5.0,-5.0,3.44657,-5.0
gen=720_infill=35,0.579771,3.11565,0.670363,1.86898,2.41607,0.424232,0.428048,-5.0,-4.0217,0.410275,6.24615,-5.0,1.64723,-3.49716,1.33775,3.58959,-4.17682,-5.0,-5.0,-5.0
gen=720_infill=36,5.61457,1.27912,1.83052,1.9442,-4.75923,-3.38034,1.56897,-5.0,-4.8507,2.87621,5.95326,-1.27469,0.514138,-5.0,-5.0,-0.319639,-5.0,-5.0,5.21547,-5.0
gen=720_infill=37,3.75655,1.9195,-5.0,3.78232,-5.0,0.032131,1.5757,-5.0,-5.0,6.10783,0.0152202,2.23379,0.796269,-5.0,-5.0,-2.37075,-5.0,-5.0,5.07481,-5.0
gen=720_infill=38,0.997724,2.85329,0.0990577,2.25104,3.4377,0.954936,2.74614,0.327942,-1.14919,0.398179,3.84722,-5.0,2.67479,-4.38463,0.415215,1.86185,-0.910305,-5.0,2.54484,-5.0
gen=720_infill=39,3.88677,-1.05158,-4.8682,2.17548,-5.0,-1.1002,4.08133,-5.0,-5.0,0.87446,5.02217,3.2245,5.00132,-5.0,-5.0,-0.691665,-5.0,-5.0,4.0735,-5.0
gen=720_infill=40,2.02889,2.32133,-5.0,4.32902,-5.0,-0.300999,1.46769,-5.0,-5.0,3.82911,4.76608,-1.46959,0.822978,-4.69501,-5.0,-3.41968,-5.0,-5.0,2.05161,-5.0
gen=720_infill=41,4.28611,1.48257,-5.0,3.84081,-5.0,0.686058,0.91112,-5.0,-5.0,2.48562,2.61621,4.04699,1.58449,-5.0,-5.0,-4.48636,-5.0,-5.0,6.21814,-5.0
gen=720_infill=42,8.66484,1.46752,-4.27889,1.00433,-4.63905,-5.0,3.22389,-5.0,-5.0,5.56844,2.98597,6.06898,2.7843,-5.0,-5.0,0.102488,-5.0,-5.0,3.98653,-5.0
gen=720_infill=43,2.06502,2.40553,1.63048,2.28859,-5.0,0.845589,3.06466,-5.0,-3.39848,0.219053,4.84812,-3.45468,0.217957,-5.0,-0.695663,-0.410153,-5.0,-5.0,4.59469,-5.0
gen=720_infill=44,5.23914,0.838329,-3.6351,4.0897,-5.0,-2.39635,1.28308,-5.0,-5.0,1.82478,2.92432,1.6782,1.86157,-4.84347,-4.60153,-5.0,-5.0,-5.0,5.59193,-5.0
gen=720_infill=45,3.07555,0.77065,-5.0,2.59534,-5.0,0.906281,2.97133,-5.0,-3.72849,2.81032,-0.678571,1.22785,2.39835,-5.0,-4.63808,-0.0189521,-5.0,-5.0,5.97498,-5.0
gen=720_infill=46,2.6722,2.27391,-3.11587,2.47977,-5.0,1.55466,1.96773,-5.0,-5.0,2.19576,3.93482,-1.19667,1.98565,-4.83215,-5.0,-5.0,-5.0,-5.0,5.92658,-5.0
gen=720_infill=47,6.44068,2.44362,-4.8862,-0.172215,-2.38353,-5.0,5.37085,-5.0,-5.0,3.02405,2.17931,5.80645,3.93847,-5.0,-5.0,-0.753852,-5.0,-5.0,1.50135,-5.0
gen=720_infill=48,0.791629,0.977919,-0.451916,2.93882,1.14897,2.57864,4.13289,0.414551,-3.87421,-1.76545,5.98809,-5.0,0.571978,-5.0,1.02894,0.331955,-2.14779,-4.44892,2.63631,-5.0
gen=720_infill=49,3.35883,1.06972,-5.0,2.21703,-5.0,0.982612,1.07691,-5.0,-5.0,1.11222,3.2523,1.21749,2.84969,-5.0,-5.0,-1.4695,-5.0,-5.0,0.554884,-5.0
gen=720_infill=50,0.117989,0.60152,0.863152,5.32337,0.928323,-1.05969,1.46924,1.26239,3.15441,0.551887,3.47968,-5.0,-1.45967,-2.41889,0.656417,3.24852,-2.17237,-4.99568,-2.11011,-5.0
gen=720_infill=51,4.21339,-0.640718,-4.86995,1.38523,-5.0,-0.0715431,2.60212,-5.0,-5.0,1.04912,1.88274,0.383328,3.04818,-5.0,-5.0,-3.08219,-5.0,-5.0,4.84077,-5.0
gen=720_infill=52,3.61397,2.36778,-3.0011,3.06998,-5.0,0.959849,0.738935,-5.0,-4.77281,3.68164,6.03008,-1.94533,0.64473,-3.72259,-1.07191,-1.47232,-5.0,-5.0,4.13053,-5.0
gen=720_infill=53,4.19793,-0.420561,-5.0,4.78957,-5.0,0.796453,2.03615,-5.0,-5.0,6.18229,1.31735,4.32186,2.1654,-5.0,-5.0,-1.89251,-5.0,-5.0,6.0879,-5.0
gen=720_infill=54,3.1029,2.58659,-5.0,4.96726,-5.0,1.50498,1.55074,-5.0,-5.0,3.5474,-0.00528772,2.3658,1.75542,-5.0,-2.44568,-2.98469,-5.0,-5.0,5.40633,-5.0
gen=720_infill=55,2.22805,0.802631,0.799214,4.37675,-2.27301,0.196301,-0.0789672,-0.281478,-0.822833,0.922576,2.25208,-2.4605,0.745739,-5.0,0.323017,0.944697,-5.0,-5.0,-0.423304,-5.0
gen=720_infill=56,3.12504,2.59309,1.0584,1.70773,0.120081,1.76461,2.52705,-5.0,-3.19594,0.480453,3.58266,-4.45378,-2.66662,-5.0,-2.22198,-1.84303,-5.0,-5.0,4.41255,-5.0
gen=720_infill=57,2.9838,2.98264,-3.21707,2.17788,-4.64503,1.73005,1.8578,-5.0,-4.17255,5.12133,0.340809,-2.1879,2.59919,-5.0,-4.7351,-1.20896,-5.0,-5.0,4.02214,-5.0
gen=720_infill=58,3.8742,4.57897,1.83434,2.20723,-5.0,-2.74413,3.09079,-5.0,-2.19438,0.938562,5.8626,-1.16281,1.03145,-5.0,-2.58432,0.0625909,-5.0,-5.0,2.88098,-5.0
gen=720_infill=59,3.39409,1.93273,-5.0,2.08829,-5.0,1.29987,0.750735,-5.0,-3.73496,0.761967,2.80087,-1.79375,1.92752,-5.0,-2.25842,-2.69816,-5.0,-5.0,4.26802,-5.0
gen=720_infill=60,6.11854,-0.148775,-5.0,3.76634,-5.0,-3.88005,2.06159,-5.0,-5.0,5.49231,3.49934,6.91694,6.52394,-5.0,-5.0,-0.782153,-5.0,-5.0,6.10317,-5.0
gen=720_infill=61,5.67411,-0.806176,-5.0,-0.124078,-5.0,-5.0,3.79458,-5.0,-5.0,3.94737,4.645,8.96236,7.24032,-5.0,-5.0,0.666856,-5.0,-5.0,6.52556,-5.0
gen=720_infill=62,4.55266,0.347083,-1.4554,0.483454,-5.0,-1.11089,2.68427,-5.0,-5.0,3.86489,4.97949,3.82656,2.30664,-4.99395,-3.31996,0.0439049,-5.0,-4.99925,2.17157,-5.0
gen=720_infill=63,2.13755,2.28125,1.48254,3.99094,-5.0,1.32825,3.82295,-5.0,-3.41197,1.27709,3.65378,-4.10668,-0.19623,-2.20142,-1.19166,0.606791,-5.0,-5.0,4.38956,-5.0
gen=720_infill=64,8.04719,-1.80229,-5.0,-0.544731,-5.0,-5.0,4.53351,-5.0,-5.0,6.20316,4.28351,10.0,8.12975,-5.0,-5.0,1.10934,-5.0,-5.0,6.88942,-5.0
gen=720_infill=65,3.33891,1.11189,0.133846,3.82632,-5.0,0.393725,2.60594,-4.72637,-3.09947,5.954,5.23761,0.723966,-0.0651539,-5.0,-2.84834,-0.875258,-5.0,-5.0,6.71869,-5.0
gen=720_infill=66,3.17362,2.357,3.54731,2.86193,-5.0,-0.157735,1.65611,-5.0,-4.92809,5.49839,4.48735,-1.86403,0.339992,-5.0,-1.11727,-1.62022,-5.0,-5.0,1.45331,-5.0
gen=720_infill=67,4.71126,0.645731,-3.88498,3.13101,0.295084,-1.18412,4.26424,-5.0,-1.04352,2.28476,4.33883,0.604827,-0.907153,-5.0,-3.39781,-0.736133,-5.0,-5.0,4.85086,-5.0
gen=720_infill=68,6.66467,-0.340089,-5.0,1.2425,-4.99079,-2.70327,2.61792,-5.0,-5.0,5.85876,2.27167,7.0166,3.25047,-5.0,-5.0,-0.685441,-5.0,-5.0,5.18139,-5.0
gen=720_infill=69,8.24066,1.05094,-4.73639,1.94034,-5.0,-4.207,2.47368,-5.0,-4.95065,6.49253,3.05552,0.110365,3.4539,-5.0,-5.0,-4.03358,-5.0,-5.0,2.84396,-5.0
gen=720_infill=70,7.21099,-3.16494,-4.87749,-1.24266,-5.0,-5.0,5.5224,-5.0,-5.0,5.25797,5.5433,10.0,6.86677,-5.0,-5.0,2.59255,-5.0,-5.0,3.83783,-5.0
gen=720_infill=71,3.0493,1.64624,-5.0,4.62799,-3.6695,-0.761815,3.16137,-5.0,-5.0,4.8127,1.28614,3.47594,5.75697,-5.0,-5.0,-1.52632,-5.0,-5.0,2.89033,-5.0
gen=720_infill=72,2.6709,2.13103,-1.22671,4.45503,-5.0,1.22674,2.58886,-5.0,-4.38853,4.83215,3.92489,-0.329916,1.77806,-4.79805,-5.0,-2.58204,-5.0,-5.0,6.71967,-5.0
gen=720_infill=73,7.50123,-2.90827,-5.0,-0.545229,-4.82205,-5.0,4.52345,-5.0,-5.0,5.68432,3.24657,10.0,7.86105,-5.0,-5.0,1.20821,-5.0,-5.0,6.28179,-5.0
gen=720_infill=74,2.83218,1.73862,-4.78581,5.71287,-5.0,1.64179,4.38176,-5.0,-3.40931,2.16258,2.54302,-1.92705,1.10321,-3.74806,-1.98374,-3.96136,-5.0,-5.0,4.2479,-5.0
gen=720_infill=75,0.864957,0.547402,-2.3738,2.98995,-5.0,0.99283,2.76705,-5.0,-5.0,2.38633,3.29461,-0.657296,2.8656,-5.0,-5.0,-2.91163,-5.0,-5.0,6.43086,-5.0
gen=720_infill=76,0.427615,1.51214,-3.83063,3.24019,-5.0,1.20197,2.59835,-5.0,-5.0,1.8378,2.75635,-1.57806,0.714063,-5.0,-2.17436,-1.31603,-5.0,-5.0,5.90575,-5.0
gen=720_infill=77,3.51844,1.98461,-3.80756,4.50617,-5.0,0.851849,3.87017,-5.0,-5.0,6.45847,2.46652,1.3393,3.65963,-5.0,-5.0,-2.16222,-5.0,-5.0,7.51112,-5.0
gen=720_infill=78,0.324975,3.0217,-0.019572,1.49801,-1.90746,0.818822,3.64989,1.33497,-0.625882,0.300937,5.34929,-5.0,-3.49552,-5.0,1.81796,-2.35182,-5.0,-5.0,1.1177,-5.0
gen=720_infill=79,4.2852,3.18566,-4.47829,4.86182,-5.0,0.00389276,1.46836,-5.0,-5.0,5.37904,5.82058,0.00134569,2.42882,-4.76644,-5.0,-2.58971,-5.0,-5.0,5.11268,-5.0
gen=720_infill=80,3.03508,1.73368,-2.51176,2.24302,-5.0,0.663564,1.52101,-5.0,-3.50515,0.437166,1.10261,0.44001,3.57247,-5.0,0.145778,-1.5371,-5.0,-5.0,4.9412,-5.0
gen=800_infill=1,1.42215,1.52655,0.841026,1.80177,1.08631,0.609881,1.32956,1.3178,1.51156,2.10048,1.82976,0.917205,1.63456,1.34617,2.08224,1.9868,0.943972,1.64482,0.860115,1.09164
gen=800_infill=2,1.42287,1.56548,0.834669,1.90695,1.19207,0.633572,1.30887,1.38397,1.51116,2.16408,1.60574,0.96864,1.6277,1.08886,2.27806,1.98502,0.866104,1.50045,0.922369,1.02122
gen=800_infill=3,1.25369,1.47424,0.823973,1.44848,1.27395,0.846605,1.46806,1.33473,1.5971,2.55309,1.82592,0.856804,1.5661,1.43103,1.92478,1.9964,0.608069,1.67041,1.41454,1.02078
gen=800_infill=4,1.37986,1.52866,0.817192,1.82719,1.10726,0.59824,1.39491,1.1303,1.51187,1.95546,1.80859,1.09283,1.65506,1.37755,2.08185,2.04604,0.966253,1.62084,1.13477,2.99648
gen=800_infill=5,1.44521,1.54229,0.847394,1.4927,0.979309,0.834282,1.50083,1.34251,1.578,2.3554,1.81085,1.17059,1.8178,1.43882,2.0892,1.93468,0.931141,1.59892,1.18213,1.46738
gen=800_infill=6,1.53666,1.53559,0.973984,1.69176,0.978806,0.838498,1.47788,1.43997,1.30429,2.18357,1.79563,1.18041,1.56149,1.35689,2.03567,1.95436,0.708395,1.55814,1.32927,1.00436
gen=800_infill=7,1.34577,1.57511,1.13121,1.608,1.13401,1.00224,1.49336,1.48363,1.43378,2.18166,1.67519,1.35463,1.57875,1.36778,2.04379,1.93491,0.739583,1.23787,1.48652,1.52361
gen=800_infill=8,1.34577,1.57511,1.13121,1.608,1.13401,1.00224,1.49336,1.48363,1.43378,2.18166,1.67519,1.35463,1.57875,1.36778,2.04379,1.93491,0.739583,1.23787,1.48652,1.52361
gen=800_infill=9,1.47583,1.53311,1.04727,1.59278,0.821595,0.721099,1.71558,1.43838,1.87646,2.40284,1.8651,1.48177,1.53297,1.35035,2.03011,1.88859,0.861222,1.49498,1.42597,1.16199
gen=800_infill=10,1.55117,1.56215,0.931749,1.67157,1.05037,0.846415,1.47517,1.47985,1.43656,2.18244,1.60464,1.20424,1.58493,1.36714,2.04733,1.92577,0.738144,1.47381,1.33127,1.40177
gen=800_infill=11,1.48127,1.29598,0.834603,1.7339,1.1407,0.684694,1.51189,1.39387,1.51114,2.01892,1.62274,0.966012,1.63645,1.17245,2.24422,1.97177,0.738106,1.74115,1.08536,1.55758
gen=800_infill=12,1.52775,1.50241,1.22957,1.33508,1.08082,0.692356,1.61441,1.48267,2.02682,1.85936,1.90455,1.32108,1.41114,1.32366,2.08256,1.92732,0.786309,1.49707,1.37,1.2704
gen=800_infill=13,1.48769,1.09008,1.19252,1.53997,0.874826,0.739931,1.77213,1.45963,1.50853,2.18137,1.65932,1.01186,1.52575,1.0119,2.35311,1.89334,0.835326,1.67055,1.3212,1.13706
gen=800_infill=14,1.49437,1.53405,1.13313,1.6311,0.972005,0.626062,1.7137,1.31163,1.72008,2.21198,1.89776,1.28299,1.52904,1.35543,2.00937,1.85702,0.993592,1.078,0.949214,1.28293
gen=800_infill=15,1.45278,1.39867,0.960863,1.68744,1.26535,0.682868,1.38622,1.40008,1.59333,2.01839,1.80763,0.838589,1.57131,1.48488,1.93183,1.98492,1.03024,1.40637,0.922599,0.809359
gen=800_infill=16,1.53345,1.53866,1.56759,1.86045,0.888411,0.544617,1.84973,1.57381,1.76245,2.26233,1.90707,1.35231,1.38557,1.36809,2.06253,1.90242,0.622029,1.60006,1.55038,1.52802
gen=800_infill=17,1.58106,1.53629,1.25665,1.23082,1.31714,0.68821,1.53024,1.53023,1.92339,1.92197,1.85228,1.19016,1.41638,1.3671,2.09707,1.89553,0.395248,1.14776,1.33479,0.962278
gen=800_infill=18,1.47891,1.76592,1.07598,1.42933,1.08663,0.666147,1.56196,1.40284,1.82917,2.02071,1.98107,1.28939,1.35757,1.55192,2.08826,1.9074,0.77199,1.40991,1.61271,1.80216
gen=800_infill=19,1.5595,1.46406,1.00493,1.60709,0.953241,0.775752,1.63192,1.44035,1.84313,2.13812,1.77526,1.23009,1.63312,1.07746,1.96148,1.86145,0.681287,1.29311,1.46828,1.2926
gen=800_infill=20,1.41875,1.44353,0.857923,1.99889,1.09353,0.671316,1.35213,1.28395,1.52212,2.28048,1.82279,0.77913,1.60647,1.2584,2.08135,1.98697,0.836791,1.32451,0.88903,1.2398
gen=800_infill=21,1.38707,1.3932,0.866123,1.92566,1.17289,0.67155,1.21923,1.30293,1.54752,1.92782,1.71588,0.979221,1.52926,1.20966,2.07765,1.95892,0.827781,1.26506,0.938448,1.32169
gen=800_infill=22,1.16341,1.56942,1.11463,1.77182,1.21433,0.569535,1.2015,1.38995,1.77783,2.16159,1.70999,1.27615,1.59519,1.35188,2.08348,1.9926,0.774772,1.24184,1.07373,1.59053
gen=800_infill=23,1.44045,1.37818,1.016,1.89453,1.40479,0.559267,1.25619,1.2901,1.51053,2.2198,1.84565,0.854341,1.57469,1.30902,2.06063,2.03593,1.01231,1.62301,1.17115,1.13741
gen=800_infill=24,1.47657,1.79047,1.3972,1.68709,1.05231,0.601236,1.4439,1.43024,1.86614,2.27938,1.68366,1.13591,1.41068,1.43182,2.14198,1.75093,0.538833,1.03641,1.51067,1.84667
gen=800_infill=25,1.58111,1.45077,0.989653,1.59582,1.01751,0.816786,1.71325,1.50303,1.90067,2.16091,1.7971,1.24098,1.62233,1.08003,2.05645,1.82497,0.68365,1.17958,1.22778,1.21461
gen=800_infill=26,1.47775,1.54888,1.35591,1.75077,1.35194,0.550542,1.45689,1.34778,1.7177,2.16661,1.86594,1.08391,1.59228,1.36513,2.06039,1.92931,0.756565,0.86205,0.989465,1.69627
gen=800_infill=27,1.57978,1.49275,0.99269,1.7353,1.00769,0.835944,1.97054,1.46314,1.89199,2.08317,1.94814,1.13594,1.59688,0.963697,2.08946,1.75764,0.572328,0.912882,1.10257,0.88867
gen=800_infill=28,1.19917,1.56551,1.0095,1.70635,1.13658,0.809283,1.29888,1.32505,1.83595,2.04696,1.72153,1.07786,1.60352,1.34725,2.1314,1.98208,0.780684,1.27951,1.06413,1.63817
gen=800_infill=29,1.63099,2.00143,1.3275,1.74778,1.0731,0.886979,1.9797,1.41466,2.17215,2.18905,1.68822,1.45613,1.24102,0.629446,2.13994,1.63046,0.414003,0.906698,1.62943,2.02526
gen=800_infill=30,1.3345,1.81865,1.77225,1.7784,1.51998,0.481216,1.43944,1.32391,1.94231,2.17123,2.00958,1.17324,1.2466,1.45797,2.16743,1.86227,0.565179,0.608356,1.53208,2.10922
gen=800_infill=31,1.80425,2.30566,1.49295,1.57717,1.21103,0.97923,1.74223,1.40319,2.21082,2.04093,1.81957,1.07473,0.982759,0.473293,2.14596,1.78931,0.0420004,0.321029,1.32753,2.52781
gen=800_infill=32,1.45669,1.79802,1.07963,1.77177,1.01553,0.562454,1.6277,1.39433,1.90501,2.31295,1.76363,1.24255,1.45733,1.1603,2.22936,2.03008,0.638106,1.25853,1.40696,1.84844
gen=800_infill=33,1.44791,1.77243,0.908589,1.70198,1.13115,0.57328,1.47288,1.29757,1.6836,2.08902,1.82102,0.956104,1.70671,1.26544,2.00061,1.97606,1.05564,1.4026,0.939988,1.36389
gen=800_infill=34,1.67443,2.08905,1.4913,1.77466,1.26666,0.853995,1.76036,1.57412,2.20107,2.20383,1.62595,1.43419,1.16912,1.10899,2.03944,1.57765,0.232039,0.999936,1.58127,2.11823
gen=800_infill=35,1.99994,2.66646,1.75999,1.84934,1.10284,0.981789,1.94875,1.14142,2.50733,2.00055,1.94822,0.974916,1.1367,0.635354,2.13983,1.62261,0.178095,0.227038,1.46811,2.1554
gen=800_infill=36,1.6394,1.90636,1.49368,1.85913,1.06738,0.789186,2.00905,1.38334,2.19312,2.17765,1.73542,1.36886,1.45855,0.635909,2.17683,1.81275,0.768384,0.887631,1.45484,1.71699
gen=800_infill=37,2.24661,3.16314,1.96111,1.48475,1.46317,1.19498,1.99971,0.926421,2.66545,1.99641,1.99245,0.744665,0.939593,0.325608,1.94924,1.63967,-0.469536,-1.43093,1.47087,3.16769
gen=800_infill=38,1.64893,1.63008,1.50576,1.73406,1.01017,0.789507,1.44638,1.42335,2.17497,2.10696,1.7083,1.2601,1.32328,1.03279,2.00758,1.63549,0.42867,0.958245,1.53786,2.15995
gen=800_infill=39,1.61362,2.0255,1.28649,1.7179,1.10216,0.727019,2.06415,1.04238,1.9901,2.05294,1.93203,0.814591,0.483739,0.537695,2.12246,1.32082,0.227682,-0.375489,1.4087,1.85613
gen=800_infill=40,2.30448,2.94898,1.93573,1.75232,0.984854,1.15726,2.36228,1.28764,2.48421,1.98177,2.02369,1.13846,0.747726,0.389237,2.15748,1.42419,-0.494408,-0.514472,1.50354,3.19759
gen=800_infill=41,2.18161,3.89781,1.89605,1.2761,0.823802,1.46228,2.13289,1.29822,2.86467,1.93405,2.01368,0.698508,0.564943,0.33408,1.81296,1.48311,-0.640547,-2.36293,1.72301,3.79606
gen=800_infill=42,1.92111,3.54404,1.96,1.68314,1.2362,0.786921,2.20355,0.61057,1.56638,2.00051,2.29771,0.61375,1.59337,0.770383,1.90323,1.7893,-0.0402841,-3.94367,1.36534,3.31302
gen=800_infill=43,1.9421,2.02092,1.50367,1.46171,1.86487,1.26036,1.47769,0.546856,2.51954,1.79519,1.70905,0.613448,0.617599,1.31432,1.91507,1.74997,0.200701,-4.29131,1.47778,2.18479
gen=800_infill=44,2.62053,4.41957,2.20709,1.34461,1.17659,1.81274,2.48879,0.364215,3.46528,1.5338,2.1858,0.49986,-0.102027,-0.162422,1.6254,1.45302,-0.481565,-5.0,1.79841,5.0832
gen=800_infill=45,2.52262,3.77094,2.26035,1.45471,1.61473,1.49494,2.09434,0.816533,2.9722,1.92436,2.03754,0.570659,0.612603,0.146642,1.9701,1.56168,-0.795148,-2.05616,1.55567,3.70477
gen=800_infill=46,2.20943,2.35108,1.17898,1.42514,2.44004,1.33136,1.60684,0.0354672,2.29349,1.74378,1.70758,0.101825,0.05153,0.928329,1.99735,1.75065,-0.265938,-5.0,1.80118,2.82687
gen=800_infill=47,2.14549,2.84259,1.72396,1.75693,1.97674,1.42691,1.36672,0.892059,2.7501,1.94494,1.73027,0.0630165,-0.0975192,1.0263,1.65322,1.60887,-0.509131,-5.0,1.37718,2.87109
gen=800_infill=48,2.1449,2.34153,1.52513,1.51455,1.71394,1.29449,1.31148,0.69154,2.21129,1.81965,1.61861,0.937611,0.48741,1.29351,2.10992,1.71597,0.152892,-4.55748,1.47394,2.2436
gen=800_infill=49,2.25954,3.693,2.46986,1.91673,1.26843,0.967491,2.18056,0.0769729,1.38674,2.08777,2.21298,0.789536,1.40895,1.01949,1.71998,1.69971,-0.683673,-3.67644,1.52506,3.30302
gen=800_infill=50,1.36588,2.35627,1.76626,1.49685,1.86078,1.21102,1.51313,-0.00135576,1.86039,2.09794,1.6859,0.853327,0.676225,1.17471,1.9617,1.78182,0.0906185,-5.0,1.5539,2.37926
gen=800_infill=51,2.09086,2.55086,1.64279,1.59879,1.56916,0.982729,1.94781,0.582127,1.90239,2.1463,2.37399,0.4464,1.62439,1.24276,1.95938,1.91706,-0.432854,-5.0,1.53923,1.55993
gen=800_infill=52,1.44069,1.70523,0.645064,1.74381,1.21853,0.694225,1.38491,1.55858,1.59164,2.02625,1.89009,1.12578,1.70601,1.38059,1.92494,1.96331,0.954408,1.25598,1.07629,1.37195
gen=800_infill=53,2.34432,2.93852,2.0475,1.41461,2.1317,1.43471,1.53747,-1.01706,2.12498,1.703,1.78074,0.682799,-0.271979,1.26224,2.15856,1.61185,-0.310389,-5.0,1.65437,2.82813
gen=800_infill=54,1.32334,2.93031,2.41081,1.33551,1.96417,0.965227,1.56592,0.566008,1.96268,2.14333,1.71182,0.720366,-0.471142,1.19457,2.05072,1.88851,-0.391321,-5.0,1.79065,1.69519
gen=800_infill=55,2.90956,4.4809,1.82079,1.74857,2.56485,1.61613,2.95468,0.0403857,3.12127,1.82679,1.99809,-0.831127,-0.977365,-0.261175,1.64519,1.46604,-1.01839,-5.0,1.18304,3.43348
gen=800_infill=56,2.30492,2.89996,1.8586,1.70627,1.95222,1.63767,1.33216,1.25416,2.90665,1.8403,1.72245,-0.365163,-0.750223,0.781826,1.23271,1.39774,-0.926944,-2.5272,1.35894,2.90454
gen=800_infill=57,2.09756,2.07299,1.31444,1.62524,1.69295,0.52522,2.09971,0.551984,1.90479,2.24675,2.95751,0.706928,1.59734,1.65143,1.96671,1.99113,-0.181267,-4.71545,1.03659,1.56053
gen=800_infill=58,2.17758,3.54859,1.81654,2.15574,1.08742,0.875804,1.46438,0.335975,1.31985,2.08746,2.43709,0.254618,1.19382,0.975423,1.52395,1.60446,-1.85655,-3.65109,1.49433,2.76171
gen=800_infill=59,2.39631,2.83755,1.69589,1.65811,1.38694,1.06084,2.54202,0.811764,2.16375,2.06368,2.20269,0.797109,0.86387,0.803325,1.97235,2.09906,-0.23478,-5.0,0.919617,2.63013
gen=800_infill=60,2.79653,4.38721,3.82874,1.33775,1.4535,2.08364,1.76444,-2.50905,2.35048,0.242424,1.88393,0.406191,-0.950596,-1.04393,1.99374,1.06492,-1.95779,-5.0,1.80373,7.15513
gen=800_infill=61,1.70581,2.87785,2.10698,1.34259,2.50949,0.441504,2.18014,-2.54682,1.43149,1.74338,1.95563,0.518565,-1.11325,1.67617,2.21634,2.27905,-0.0217756,-5.0,1.47396,2.60291
gen=800_infill=62,1.1209,1.9574,2.14507,1.60329,2.16585,1.2799,1.55097,0.109468,2.13286,2.09923,1.76867,0.806581,0.902879,0.984215,1.92404,1.64987,-0.384648,-5.0,1.21872,2.44732
gen=800_infill=63,2.6318,2.93827,1.30537,1.35653,1.65437,1.20933,1.31435,-1.36566,2.62623,1.45637,2.04886,0.320953,-0.984374,1.2155,2.2208,1.6063,-0.503454,-4.87709,1.88909,2.05904
gen=800_infill=64,1.9132,2.41194,1.90017,2.14959,1.17455,1.34115,1.16205,-1.20906,2.0175,2.00013,1.88116,0.406901,0.889337,1.28817,1.74615,1.76549,-0.0994187,-5.0,1.5958,2.56306
gen=850_infill=1,1.42815,1.53744,0.92792,1.71246,1.07033,0.674514,1.44868,1.35418,1.62914,2.13377,1.8117,1.04622,1.62693,1.31074,2.06266,1.94055,0.828465,1.49594,1.03489,1.26061
gen=850_infill=2,1.39223,1.88653,1.20738,1.74304,1.20112,0.677601,1.24103,1.30436,1.60359,2.11694,1.45115,0.961,1.63322,1.27682,2.08428,1.93202,0.840015,1.4979,0.97269,2.61094
gen=850_infill=3,1.32592,1.64048,1.5011,1.9836,1.49944,0.769567,1.24438,1.31302,1.90774,1.88434,1.65876,0.79204,1.45508,1.23091,2.03775,1.96622,0.814915,1.71507,0.979502,3.84811
gen=850_infill=4,1.42606,1.53659,1.01775,2.15158,1.31894,0.789625,1.47196,1.39995,1.8887,2.09094,1.7553,0.740181,1.52871,1.25905,2.05941,1.98799,0.783744,1.41868,1.04707,1.24638
gen=850_infill=5,1.4947,1.68435,1.48415,1.88931,1.00304,0.802416,1.45921,0.994343,1.92491,1.85237,1.39892,0.924334,1.49324,1.2011,2.23612,1.941,0.848299,1.81984,1.02136,3.27606
gen=850_infill=6,1.36574,1.51127,1.0864,1.97329,1.24985,0.687134,1.37886,1.46114,1.84077,1.93979,1.80386,0.648048,1.21672,1.28585,2.10013,1.98018,0.82176,1.44235,1.10873,1.22269
gen=850_infill=7,1.55474,1.77227,1.11375,1.95561,1.08976,0.678335,1.51676,1.36694,1.86007,1.88114,1.68127,0.769355,1.59351,1.28732,2.15151,1.98791,0.699959,1.28442,1.19058,1.38165
gen=850_infill=8,1.13721,1.56441,1.86558,1.99234,1.54615,0.912304,1.05572,1.35007,1.91198,1.24522,1.21739,0.812563,1.32073,1.5546,2.24062,1.96449,0.74578,1.92337,1.01413,4.51031
gen=850_infill=9,1.63991,1.79995,1.95635,2.05877,1.06117,0.748162,1.3281,1.21338,1.89718,1.92327,1.49915,0.961351,1.25821,1.25084,2.14709,1.96949,0.698834,1.60926,1.07636,4.26572
gen=850_infill=10,1.3954,1.69974,1.49488,2.05742,1.54787,0.864853,1.21502,1.44158,1.93444,1.96037,1.50261,0.811122,1.46262,1.23273,2.03094,1.97318,0.816025,1.68985,1.00115,3.99455
gen=850_infill=11,1.30865,1.6369,1.71821,1.81349,1.39101,0.782548,1.28779,1.31857,1.84128,1.88631,1.57791,0.763966,1.46286,1.34087,2.06985,1.97291,0.844613,1.36067,1.05231,3.44361
gen=850_infill=12,1.08849,1.53165,1.83748,1.75574,1.51826,1.02977,0.794367,1.34324,1.70275,1.42238,1.38589,0.708856,1.64818,1.7676,2.15369,1.90264,0.792323,2.13091,0.998573,5.8393
gen=850_infill=13,1.31653,1.54246,0.977126,2.03189,1.33938,0.797845,1.46857,1.42578,1.73502,2.07211,1.78022,0.98983,1.52812,1.2021,1.96804,2.04006,0.851173,1.41765,1.05708,1.26035
gen=850_infill=14,1.17009,1.56064,1.8188,1.48311,1.67421,0.662093,1.11782,1.20758,1.91104,1.47023,1.40137,1.0538,1.76177,1.93431,2.0685,1.9299,0.775551,1.6787,1.00477,5.34148
gen=850_infill=15,1.54819,1.72129,1.4492,1.94324,1.43892,0.893797,1.21718,1.36553,2.01186,2.21579,1.47525,0.84414,1.54648,1.22232,2.25899,1.91569,0.776925,1.28153,1.03757,2.86903
gen=850_infill=16,1.3504,1.54227,1.19427,1.91909,1.3497,0.814062,1.48037,1.43785,1.87167,2.02932,1.70425,0.978835,1.55737,1.25315,1.99352,1.99172,0.75219,1.29528,1.04867,1.22289
gen=850_infill=17,1.40216,1.50922,1.76397,2.0038,1.58224,0.931433,1.08482,1.46997,2.00548,1.50697,1.15076,0.70443,1.41743,1.82746,2.40397,1.98475,0.689549,1.74446,1.05699,4.41122
gen=850_infill=18,1.79965,1.64472,2.24912,1.88869,1.42673,1.15265,0.623801,1.26063,2.0962,1.30788,1.00837,0.79751,1.80199,2.13397,2.14173,1.94664,0.76747,2.05222,0.958331,6.6367
gen=850_infill=19,2.01869,1.57926,1.462,1.77379,1.37288,1.08003,0.182507,1.20873,2.12948,1.22742,0.663612,0.98931,1.91626,2.04492,2.20653,1.89105,0.757152,2.1393,0.882063,5.83862
gen=850_infill=20,1.44999,1.64623,2.04125,1.77049,1.3314,1.2957,0.568307,1.28668,2.2154,1.17978,0.915981,0.941754,1.55286,2.79033,2.17735,1.92146,0.742529,2.01225,0.89904,7.92154
gen=850_infill=21,1.49939,1.54351,0.97918,1.7991,1.18417,0.694581,1.44834,1.39562,1.60358,2.0489,1.77787,0.868744,1.52494,1.30289,2.00953,1.89531,0.840759,1.2554,1.03281,1.32757
gen=850_infill=22,1.31825,1.54055,1.07234,1.69519,1.18676,0.891575,1.48397,1.40172,1.80815,2.01641,1.68099,1.02341,1.541,1.24022,2.09037,1.98433,0.750672,1.43105,1.03764,1.23773
gen=850_infill=23,1.36893,1.70467,2.22535,1.90653,1.52715,1.58832,0.290765,1.24069,1.63949,0.393665,0.245904,1.04715,1.47937,2.72996,1.89276,1.98501,0.751542,2.67291,1.00767,10.0
gen=850_infill=24,1.21732,1.55351,1.5913,2.06246,1.4162,0.965173,0.665661,1.38553,2.40473,1.2464,0.580672,1.03255,1.99444,2.85123,2.59104,1.92663,0.713374,2.20868,0.877611,7.10746
gen=850_infill=25,2.23243,2.26168,2.4854,1.67981,1.54112,1.73188,0.244598,1.37,1.85128,1.17236,0.198764,1.02582,1.59516,2.95658,1.60517,1.91838,0.703046,2.40027,1.06067,9.86044
gen=850_infill=26,1.97363,1.97922,2.21508,1.77754,1.5279,1.28026,0.88973,1.17861,2.11856,0.984112,0.499827,0.825834,2.00366,2.59084,2.23117,1.92577,0.756109,2.43748,0.962398,7.1492
gen=850_infill=27,1.80944,1.91243,2.31227,1.54531,1.74972,1.5898,0.444013,1.04346,2.19496,0.422121,0.0977224,0.74707,2.44788,3.45394,2.34512,1.88651,0.709998,2.74351,0.904728,10.0
gen=850_infill=28,1.21799,1.57433,1.76544,1.87899,1.46354,1.74213,0.0426234,1.2997,2.00572,1.36666,-0.474067,1.13885,1.87858,3.39263,2.90481,1.896,0.672093,2.82592,1.12307,8.58526
gen=850_infill=29,1.79822,2.17274,2.52793,2.07002,1.35239,1.47727,0.678346,1.03597,1.74331,0.213878,0.166993,1.1023,2.22684,3.51285,1.42771,1.8972,0.66403,2.56762,0.949799,10.0
gen=850_infill=30,1.2628,1.99592,1.83973,1.66282,1.71449,1.44377,0.475735,1.20137,2.13841,1.33974,0.0982399,0.370779,2.59369,2.96998,2.53621,1.96134,0.679794,3.00488,0.883723,6.69169
gen=850_infill=31,1.70635,2.1797,2.1648,2.04946,1.30253,1.68404,0.725916,1.22273,2.45418,0.924721,0.301696,1.02921,2.28228,2.86047,1.9805,1.93305,0.767015,2.94309,0.952714,10.0
gen=850_infill=32,1.43447,1.85523,2.03554,1.67344,1.55588,1.58789,0.721415,1.32833,2.39119,1.2225,-0.479183,0.981216,2.39057,2.27622,1.92124,2.00438,0.703973,2.72707,1.08407,10.0
gen=850_infill=33,1.57979,1.80479,2.09629,1.55406,1.68792,1.56294,0.561964,0.892793,2.48424,0.90181,-0.214853,1.11927,2.2309,2.21604,1.71051,2.01469,0.660334,2.51312,0.929999,10.0
gen=850_infill=34,1.55647,1.638,1.97623,1.7449,1.55142,1.32956,1.19343,1.43161,2.05429,1.47341,1.00047,0.964469,1.99178,1.66014,2.05494,1.96088,0.830861,2.17817,0.895075,6.73442
gen=850_infill=35,1.60204,2.19375,2.2025,1.51034,1.56692,1.92961,0.327933,1.06663,2.6303,0.832591,-0.579662,1.5678,2.53571,2.94887,1.77469,2.06582,0.697804,3.18417,1.06889,10.0
gen=900_infill=1,1.42815,1.53744,0.92792,1.71246,1.07033,0.674514,1.44868,1.35418,1.62914,2.13377,1.8117,1.04622,1.62693,1.31074,2.06266,1.94055,0.828465,1.49594,1.03489,1.26061
gen=900_infill=2,1.49939,1.54351,0.97918,1.7991,1.18417,0.694581,1.44834,1.39562,1.60358,2.0489,1.77787,0.868744,1.52494,1.30289,2.00953,1.89531,0.840759,1.2554,1.03281,1.32757
gen=900_infill=3,1.42175,1.5338,0.940999,1.72742,1.05909,0.679524,1.44697,1.37521,1.64805,2.12434,1.79218,1.01318,1.62444,1.29479,2.07014,1.93362,0.809523,1.4743,1.03857,1.14292
gen=900_infill=4,1.51648,1.62617,0.858085,1.82302,1.13138,0.877458,1.44731,1.35136,1.64402,2.04574,1.88469,0.692692,1.66266,1.42743,2.0759,1.93938,0.819026,1.41545,1.04655,1.27562
gen=900_infill=5,1.52138,1.72237,0.767936,1.85599,1.21846,0.807238,1.50462,1.49519,1.87441,2.2563,1.75961,0.847034,1.45403,1.31531,1.97169,1.93478,0.916934,1.38971,1.03176,1.11565
gen=900_infill=6,1.49656,1.52875,0.992013,1.83309,1.12318,0.805193,1.42562,1.39905,1.62823,2.11319,1.80633,1.17167,1.47903,1.32811,2.09218,2.07328,0.934908,1.46495,1.01411,1.28605
gen=900_infill=7,1.46937,1.56145,1.02596,1.83972,1.15925,0.925065,1.31035,1.52601,1.90463,2.04215,1.65769,0.822887,1.53701,1.33567,2.20613,1.93038,0.928281,1.4925,1.06234,0.796514
gen=900_infill=8,1.61186,1.48784,0.947496,1.84023,1.13577,0.789819,1.33975,1.35646,1.64491,2.19981,1.83631,0.699242,1.52298,1.32792,2.17357,2.02859,0.795701,1.52206,0.986088,1.3319
gen=900_infill=9,1.60452,1.58253,0.9969,1.81782,1.32363,0.686244,1.29272,1.44743,1.98634,2.17398,1.79015,0.821175,1.81863,1.36527,2.25034,2.15224,0.817125,1.5308,1.06318,1.13629
gen=900_infill=10,1.54384,1.53433,0.860533,1.73704,1.13515,0.919824,1.44332,1.41849,1.6516,2.14281,1.8186,0.693113,1.69483,1.28143,2.00112,1.95715,0.785983,1.42189,1.04436,1.1497
gen=900_infill=11,1.5816,1.5431,0.923167,1.84726,1.21995,0.829986,1.27371,1.31973,1.66047,2.03479,1.81561,0.868023,1.72611,1.37888,1.96294,2.05235,0.847684,1.53126,0.993448,1.66324
gen=900_infill=12,1.71582,1.59181,1.00892,1.80796,1.42117,0.952082,1.12246,1.58091,2.03372,2.27653,1.74074,0.822649,1.81995,1.31012,1.9674,2.07664,0.884978,1.69668,1.08642,1.52769
gen=900_infill=13,1.63097,1.52547,0.951519,1.75703,1.18695,0.746327,1.41874,1.35299,1.56225,2.07348,1.77982,0.896167,1.56423,1.23779,1.94692,2.11679,0.839687,1.46536,0.980401,1.76687
gen=900_infill=14,1.6243,1.54022,0.915619,1.82581,1.21142,0.732113,1.38104,1.28617,1.68988,2.09252,1.83658,0.856523,1.66054,1.47131,2.05928,2.04713,0.953188,1.46168,1.02434,1.6571
gen=900_infill=15,1.66255,1.52165,0.88764,1.80033,1.24464,0.731899,1.12896,1.28854,1.71553,2.11568,1.87812,0.877127,1.75208,1.33306,1.97334,2.12929,0.987977,1.55446,0.958268,2.36515
gen=900_infill=16,1.5792,1.53947,0.917724,1.82822,1.23489,0.808073,1.35508,1.31664,1.65683,2.06394,1.78504,1.05139,1.79941,1.48235,1.80795,2.15993,0.862624,1.36556,0.929186,2.31012
gen=900_infill=17,1.64814,1.51875,0.87894,1.8082,1.2806,0.813482,1.22888,1.2904,1.66279,2.11468,1.78803,1.20708,1.91991,1.50887,1.64651,2.31948,0.871121,1.3759,0.84541,3.47497
gen=900_infill=18,1.63628,1.54928,0.915458,1.84665,1.10235,0.835349,1.24391,1.30323,1.6582,2.07325,1.76838,1.0882,1.85631,1.51061,1.94153,2.23073,0.836092,1.39123,0.85037,3.11186
gen=900_infill=19,1.67775,1.61606,0.912468,1.96314,1.10732,0.766693,1.19797,1.30191,1.69911,2.17457,1.74752,1.33846,1.85737,1.39948,1.91262,2.3208,0.867442,1.54757,0.877412,3.89644
gen=900_infill=20,1.60143,1.50819,1.00785,1.81717,1.14145,0.740477,1.32557,1.30997,1.61126,2.13998,1.74667,1.13713,1.61272,1.36677,1.81362,2.1099,0.869216,1.39839,0.943952,2.57157
gen=900_infill=21,1.75989,1.56197,1.04134,1.78357,1.34437,0.670145,1.15927,1.39668,1.78128,2.12045,1.81708,1.37123,2.07789,1.56081,1.75032,2.3125,0.799672,1.47861,0.982987,4.78632
gen=900_infill=22,1.72376,1.58198,0.861483,1.84386,1.18877,0.91064,1.43254,1.24743,1.68147,2.09268,1.76534,1.22957,2.0837,1.61176,1.94292,2.3463,0.850817,1.53552,0.985306,2.95269
gen=900_infill=23,1.8487,1.6114,0.974537,1.70817,1.36647,0.905599,1.08287,1.49133,1.70394,1.95495,1.70459,1.22664,1.83069,1.41494,1.43115,2.38134,0.804044,1.48556,0.974695,5.11941
gen=900_infill=24,1.99623,1.63335,0.952147,1.91181,1.3566,0.88466,1.01563,1.4951,1.84686,2.02972,1.80007,1.79842,2.19292,1.49789,1.40045,2.46838,0.815498,1.59526,0.955397,6.82382
gen=900_infill=25,1.95495,1.57891,1.02508,1.80493,1.60992,0.638352,1.00035,1.41724,1.92491,2.08759,1.83715,1.64828,2.26699,1.81021,1.58229,2.56991,0.766886,1.6528,0.977347,6.38023
gen=900_infill=26,1.9739,1.56997,1.01149,1.82057,1.16325,0.786169,1.10238,1.19877,1.84806,2.12519,1.83176,1.84744,2.40698,1.61714,1.45194,2.4821,0.785333,1.5761,0.951343,6.73791
gen=900_infill=27,1.6224,1.55986,0.947047,1.91161,1.10968,0.778907,1.18967,1.2558,1.66993,2.03127,1.7504,1.19654,1.90083,1.61731,1.97362,2.39779,0.981617,1.51548,1.02386,3.14064
gen=900_infill=28,1.76005,1.64071,1.0407,1.70496,1.01779,0.899145,1.10549,1.45073,1.70285,1.94868,1.62563,1.47356,1.82368,1.65393,1.67724,2.44856,0.815991,1.45357,0.919304,6.70837
gen=900_infill=29,2.17999,1.64284,0.912537,1.6736,1.54363,1.19493,1.23028,1.55662,1.80631,1.98586,1.76273,1.30179,1.89866,1.61384,1.45119,2.58242,0.817723,1.48544,1.02717,5.19663
gen=900_infill=30,1.80942,1.62162,1.07491,1.8701,1.21661,0.61111,1.12524,1.35278,1.89173,2.17199,1.78091,1.2114,2.02497,1.40954,1.74502,2.35549,0.863264,1.47509,0.966257,3.56501
gen=900_infill=31,1.79048,1.58715,1.05099,1.86706,1.32754,0.903867,0.818651,1.57764,1.67496,1.85703,1.66893,1.54405,2.01988,1.67143,1.73433,2.66668,0.598741,1.49549,0.971639,5.90284
gen=900_infill=32,1.81853,1.56079,1.00886,1.81913,1.37312,0.823168,0.863832,1.31801,1.98365,2.16112,1.84211,1.88748,2.85308,1.84839,1.34991,2.8476,0.759531,1.73581,0.895963,6.6366
gen=900_infill=33,1.98178,1.63583,0.897391,1.67573,1.33105,1.06126,0.884087,1.5266,1.68134,1.98932,1.65015,1.39579,2.02329,1.4872,1.54896,2.54715,0.82647,1.62849,0.91052,5.61671
gen=900_infill=34,1.98733,1.66969,0.974163,1.74148,1.36022,1.06681,1.04402,1.53766,1.78035,1.91112,1.72076,1.58063,2.12465,2.13993,1.33872,2.56821,0.792888,1.52953,0.945697,7.87777
gen=900_infill=35,1.59653,1.53802,0.796248,1.61961,0.98002,0.971293,1.39816,1.30122,1.64891,2.16656,1.84198,1.18256,1.92773,1.59026,1.87373,2.25848,0.840328,1.53911,1.01945,3.70931
gen=900_infill=36,2.13285,1.66014,0.91848,1.7882,1.20557,1.04137,1.29437,1.49173,1.9115,1.92762,1.66655,2.01353,2.32165,2.10763,1.00888,2.22344,0.745724,1.45624,0.943458,8.83345
gen=900_infill=37,2.47098,1.71452,0.879621,1.76644,1.27603,1.26897,1.1541,1.48818,1.7249,2.0619,1.62313,2.58632,2.76042,2.61861,0.427968,2.41636,0.692406,1.40153,0.860436,7.40402
gen=900_infill=38,1.69051,1.56668,0.881195,1.65775,1.01432,0.930472,1.39975,1.35396,1.65686,2.17853,1.833,1.22148,1.65004,1.38105,1.89021,2.13215,0.835774,1.51257,0.954476,2.54669
gen=900_infill=39,2.48946,1.76155,0.926797,1.87024,1.20712,1.30152,1.2388,1.45354,1.8052,1.68457,1.67141,2.48656,2.62194,2.36869,0.492835,2.74415,0.636571,1.52925,0.879369,10.0
gen=900_infill=40,2.01312,1.58466,1.00261,1.6921,1.34101,1.27726,1.20847,1.5933,1.8076,1.67353,1.84706,1.47184,2.03514,2.08962,1.38787,2.53579,0.946549,1.48718,0.979261,5.88273
gen=900_infill=41,2.11055,1.77307,0.968491,1.76748,1.15156,1.05273,1.6176,1.52549,1.78368,1.81663,1.73085,1.77499,2.46589,1.74199,1.18033,2.14935,0.715921,1.48679,0.893086,5.29588
gen=900_infill=42,2.32225,1.91437,1.00687,1.84108,1.29353,1.19243,1.37299,1.69297,1.68011,1.60416,1.61503,1.98281,2.50022,2.09657,0.153305,2.9241,0.377553,1.53606,0.88311,10.0
gen=900_infill=43,2.166,1.76547,0.994627,1.81858,1.20506,1.71537,1.14092,1.74606,1.93983,1.59886,1.63018,3.23697,2.54753,3.0351,-0.446936,2.56166,0.497364,1.49799,0.832061,10.0
gen=900_infill=44,1.88808,1.5581,1.01996,1.74769,1.39528,0.724231,1.00795,1.40368,1.75999,2.09063,1.7678,1.65668,2.13198,1.65233,1.57111,2.41039,0.794242,1.48413,0.990584,5.20128
gen=900_infill=45,2.33337,1.78083,0.891494,1.99163,1.16673,1.06345,1.19265,1.38099,1.7815,1.79531,1.73872,2.86853,2.47409,2.27158,0.275525,2.56781,0.646967,1.55803,0.905048,8.95768
gen=900_infill=46,2.93467,1.85933,0.951203,1.74558,1.68341,1.08791,0.95833,1.60808,1.7969,1.65284,1.50742,3.35164,3.68692,2.6677,-0.334387,2.77996,0.6146,1.44423,0.819256,10.0
gen=900_infill=47,2.69448,2.14342,0.97599,1.82289,1.26973,1.39442,1.76104,1.77371,1.68371,1.42716,1.57731,2.28995,2.83645,2.39416,-0.953414,3.10429,0.222722,1.56446,0.82114,10.0
gen=900_infill=48,1.88611,2.01031,1.01186,2.13668,1.41893,1.09143,1.09539,1.45689,1.93674,1.64546,1.74705,1.71917,2.95219,2.53067,1.24242,2.59909,0.60277,1.64907,0.889182,6.66978
gen=900_infill=49,2.31117,1.91581,1.06049,1.82291,1.01239,1.6973,1.25965,2.01515,2.00621,1.67903,1.42287,2.76917,2.62344,3.06829,-0.585148,2.47915,0.362405,1.49987,0.763879,10.0
gen=900_infill=50,1.8073,1.88293,0.859254,2.14824,1.14081,1.11614,1.07737,1.32324,1.81498,1.93023,1.72778,2.68955,2.94065,2.39252,0.264121,2.78305,0.751725,1.5578,0.828476,7.55691
gen=900_infill=51,2.37016,2.19208,1.07491,1.79204,0.611509,1.23934,1.09309,1.44486,1.86021,1.54735,1.21648,2.18022,2.40908,2.23594,0.595881,2.56656,0.085716,1.47308,0.72605,10.0
gen=900_infill=52,2.84366,2.47008,0.987038,1.83704,1.31618,1.33608,2.27068,1.90272,1.58446,1.10754,1.47234,2.44511,3.55437,2.04395,-1.70958,3.30392,0.732134,1.58587,0.796455,10.0
gen=900_infill=53,3.24451,2.43202,1.03537,1.74503,1.27846,1.87489,1.49637,1.90961,1.76359,1.08452,1.49325,2.06359,2.93366,2.89772,-2.0246,2.69241,-0.181382,1.53371,0.760543,10.0
gen=900_infill=54,2.50238,1.88871,0.874803,1.84223,0.743261,1.3369,1.31701,1.71614,1.66356,1.4024,1.59989,2.00553,2.52623,2.29914,-0.595628,2.88189,0.145433,1.3749,0.851672,10.0
gen=900_infill=55,2.65377,1.88887,1.0723,1.86901,1.30033,1.29788,1.4016,1.73542,1.7758,1.39901,1.58034,2.4142,2.70047,2.14501,-0.0754464,2.76627,0.121124,1.54809,0.817204,10.0
gen=900_infill=56,3.06245,2.3633,0.997899,1.72874,1.20349,1.45577,1.98488,1.93892,1.66777,0.929947,1.42791,3.03258,3.5643,2.86857,-2.67091,2.69806,0.517748,1.53598,0.702877,10.0
gen=900_infill=57,2.52786,2.08794,0.889237,1.80119,1.39512,1.41564,0.959553,1.5024,1.74704,1.3895,1.58026,2.6836,3.39383,3.14019,-0.367961,2.67895,0.904097,1.85552,0.928344,10.0
gen=900_infill=58,1.54922,1.49761,0.89223,1.70392,1.07814,0.822292,1.45281,1.35205,1.61413,2.02827,1.75655,1.00073,1.67899,1.21022,1.98407,2.06874,0.809121,1.48437,1.02611,1.5005
gen=900_infill=59,2.52559,2.15211,1.10614,1.87721,1.40902,1.6234,0.92409,1.51399,2.13471,1.42929,1.0793,2.01604,2.81937,2.1205,-0.379732,2.58577,0.479744,1.69252,0.775526,10.0
gen=900_infill=60,2.84182,2.45333,0.958547,2.35819,1.07832,1.68573,2.02755,1.36852,1.60098,1.41143,1.50096,2.24339,2.92162,2.6233,-2.28097,3.12795,0.321581,1.56873,0.75829,10.0
gen=900_infill=61,3.11239,2.69282,1.03578,1.69174,1.41448,1.62724,1.68464,2.17603,1.66987,1.31272,1.2527,3.15706,4.27042,2.65967,-2.56212,2.76135,0.712575,1.58288,0.859367,10.0
gen=900_infill=62,2.49874,2.55828,1.10637,1.73869,0.579585,1.37862,1.24715,1.37075,1.76253,1.12318,1.5393,2.96778,2.56892,2.99603,-0.997646,2.66844,0.117293,1.50645,0.688958,10.0
gen=900_infill=63,2.83871,2.45071,1.16381,1.64981,1.10318,1.46131,1.03439,1.64175,1.97787,1.8971,1.16345,1.60864,2.97308,2.31786,0.764889,2.93002,0.0718157,1.49309,0.689225,8.51857
gen=950_infill=1,1.47901,1.52822,0.946468,1.7552,1.10298,0.735221,1.44448,1.37522,1.62463,2.08969,1.78893,1.02011,1.58687,1.28935,2.04372,1.9823,0.844555,1.43499,1.0293,1.30353
gen=950_infill=2,1.46937,1.56145,1.02596,1.83972,1.15925,0.925065,1.31035,1.52601,1.90463,2.04215,1.65769,0.822887,1.53701,1.33567,2.20613,1.93038,0.928281,1.4925,1.06234,0.796514
gen=950_infill=3,1.52138,1.72237,0.767936,1.85599,1.21846,0.807238,1.50462,1.49519,1.87441,2.2563,1.75961,0.847034,1.45403,1.31531,1.97169,1.93478,0.916934,1.38971,1.03176,1.11565
gen=950_infill=4,1.50679,1.5405,0.959767,1.71667,1.11952,0.720899,1.42683,1.36263,1.68983,2.11387,1.77116,1.04525,1.60153,1.34194,2.00287,1.96244,0.897593,1.43025,1.04736,1.35487
gen=950_infill=5,1.47977,1.60404,1.00463,1.95251,1.04447,0.856552,1.58444,1.47073,1.84582,2.19229,1.91598,1.147,1.67876,1.24478,2.03606,1.95486,1.09901,1.5341,1.01239,0.465333
gen=950_infill=6,1.48629,1.51714,0.892451,1.75878,1.0477,0.717446,1.44674,1.50935,1.53996,2.25794,1.91282,1.16067,1.61714,1.41056,2.01002,1.99427,0.867567,1.46453,1.09884,0.754177
gen=950_infill=7,1.46656,1.57288,0.989636,1.98911,1.19772,1.07622,1.22459,1.61772,2.08325,2.00779,1.78688,0.930661,1.50964,1.38417,1.95565,1.94389,0.919927,1.46921,1.12776,1.61964
gen=950_infill=8,1.51188,1.56359,0.988252,1.81604,1.15313,0.790157,1.44197,1.35951,1.8644,2.10362,1.86457,1.0556,1.57483,1.35324,1.9245,1.9649,0.91024,1.4431,1.06884,2.26142
gen=950_infill=9,1.46851,1.57137,0.950504,1.82639,1.0285,0.762209,1.55079,1.59198,1.74054,2.35469,1.95835,1.11342,1.55465,1.39074,1.96467,1.97427,0.852816,1.42036,1.07311,1.12563
gen=950_infill=10,1.50536,1.53338,0.937171,1.81621,1.06722,0.832472,1.58467,1.46929,1.72748,2.04354,1.77158,1.04891,1.60144,1.30662,2.0833,1.91089,0.860142,1.5739,1.20149,1.65481
gen=950_infill=11,1.50677,1.51551,0.955027,1.99034,1.06136,0.878696,1.48169,1.48363,1.8877,1.98353,1.92258,1.0532,1.54321,1.42565,2.06535,1.91476,0.804046,1.32729,1.33805,2.0489
gen=950_infill=12,1.46745,1.58308,0.938445,1.87332,1.05952,0.808726,1.4955,1.44534,1.9765,1.97448,1.92244,0.98645,1.57022,1.40395,2.05496,1.98954,0.907698,1.32754,1.35787,1.94347
gen=950_infill=13,1.49356,1.51852,0.987973,1.92774,1.07298,0.606058,1.59952,1.51183,1.93631,2.08709,1.78264,1.21412,1.53554,1.09685,2.13336,1.89933,0.854588,1.24543,1.43419,1.50285
gen=950_infill=14,1.46278,1.48879,0.9978,1.87275,1.08587,0.806689,1.57334,1.46907,1.95796,2.01104,1.85701,0.938506,1.5888,1.25082,2.06248,2.02343,1.03217,1.42088,1.32467,1.77784
gen=950_infill=15,1.50851,1.5928,0.924663,1.84773,1.05969,0.849053,1.43707,1.80429,1.83955,2.07316,1.97984,1.05667,1.57557,1.26378,1.94951,2.00676,0.902744,1.47663,1.20712,1.70542
gen=950_infill=16,1.50393,1.5823,0.94355,1.86318,1.07593,0.937764,1.28831,1.60312,1.78223,1.91215,1.79969,1.07289,1.62287,1.34557,1.83478,1.97297,0.778366,1.54321,1.36398,2.23908
gen=950_infill=17,1.50039,1.61035,0.967727,1.70994,1.13566,0.860464,1.45194,1.66618,1.81692,2.14301,1.95942,1.07165,1.57974,1.31773,2.15873,1.9977,0.866836,1.44247,1.21402,1.55775
gen=950_infill=18,1.49276,1.60658,0.936433,1.88941,1.0118,0.955321,1.57808,1.65576,1.65375,2.13854,1.79016,1.1326,1.53054,1.31658,1.97304,1.95558,0.850319,1.5003,1.26115,1.49246
gen=950_infill=19,1.52075,1.57801,0.901263,1.84714,1.04667,0.898088,1.39545,1.46047,1.86791,2.06188,1.9616,1.03734,1.50639,1.25617,1.93695,2.02575,0.873638,1.31524,1.04762,1.66411
gen=950_infill=20,1.495,1.6149,0.919828,1.66294,1.14979,0.867433,1.43668,1.59951,1.83432,2.17593,1.98177,1.06878,1.5768,1.30343,2.11384,1.99807,0.906476,1.43303,1.20751,1.5493
gen=950_infill=21,1.45844,1.61053,0.883875,1.89631,0.996729,0.876792,1.60546,2.20536,1.87503,2.12661,2.17893,1.4024,1.55277,1.16832,1.95146,2.03576,0.849581,1.51437,1.31492,0.895354
gen=950_infill=22,1.55594,1.72033,0.841185,1.83072,0.991518,0.884695,1.52086,2.14675,1.95008,2.07812,2.03667,1.1469,1.55207,1.30716,1.91687,2.00405,0.868112,1.47689,1.3428,1.7018
gen=950_infill=23,1.4147,1.50028,0.951214,1.79116,1.09582,0.728569,1.39578,1.41546,1.72044,2.11704,1.82985,0.958754,1.54405,1.28524,2.12447,1.98302,0.73701,1.42071,1.06781,1.58089
